classification_family,specification,event_id,market_id,large_action,dynamic_high_activity,actions,any_next,same_next,source_transaction_actions,any_next_action_5m,same_direction_given_next_5m
whale_volume,expanding_top1_primary,12,1897067,0,0,3153,144,91,3584,0.04567078972407231,0.6319444444444444
whale_volume,expanding_top1_primary,12,1897067,0,1,349,170,96,4452,0.4871060171919771,0.5647058823529412
whale_volume,expanding_top1_primary,12,1897067,1,0,12,1,1,12,0.08333333333333333,1.0
whale_volume,expanding_top1_primary,12,1897067,1,1,36,8,8,126,0.2222222222222222,1.0
whale_volume,expanding_top1_primary,12,1897068,0,0,562,24,12,614,0.042704626334519574,0.5
whale_volume,expanding_top1_primary,12,1897068,0,1,117,61,42,326,0.5213675213675214,0.6885245901639344
whale_volume,expanding_top1_primary,12,1897068,1,0,6,0,0,7,0.0,
whale_volume,expanding_top1_primary,12,1897068,1,1,3,0,0,15,0.0,
whale_volume,expanding_top1_primary,12,1897069,0,0,688,33,12,772,0.04796511627906977,0.36363636363636365
whale_volume,expanding_top1_primary,12,1897069,0,1,123,72,36,622,0.5853658536585366,0.5
whale_volume,expanding_top1_primary,12,1897069,1,0,1,0,0,1,0.0,
whale_volume,expanding_top1_primary,12,1897069,1,1,16,0,0,28,0.0,
whale_volume,expanding_top1_primary,13,1897070,0,0,6647,347,148,7067,0.05220400180532571,0.4265129682997118
whale_volume,expanding_top1_primary,13,1897070,0,1,1123,631,425,2583,0.5618878005342832,0.6735340729001584
whale_volume,expanding_top1_primary,13,1897070,1,0,60,9,8,70,0.15,0.8888888888888888
whale_volume,expanding_top1_primary,13,1897070,1,1,55,12,8,649,0.21818181818181817,0.6666666666666666
whale_volume,expanding_top1_primary,13,1897071,0,0,1399,58,32,1492,0.04145818441744103,0.5517241379310345
whale_volume,expanding_top1_primary,13,1897071,0,1,515,289,213,1001,0.5611650485436893,0.7370242214532872
whale_volume,expanding_top1_primary,13,1897071,1,0,2,1,1,2,0.5,1.0
whale_volume,expanding_top1_primary,13,1897071,1,1,21,5,5,54,0.23809523809523808,1.0
whale_volume,expanding_top1_primary,13,1897072,0,0,1769,123,80,2127,0.06953080836630865,0.6504065040650406
whale_volume,expanding_top1_primary,13,1897072,0,1,1080,506,357,2440,0.4685185185185185,0.7055335968379447
whale_volume,expanding_top1_primary,13,1897072,1,0,12,0,0,13,0.0,
whale_volume,expanding_top1_primary,13,1897072,1,1,44,11,7,74,0.25,0.6363636363636364
whale_volume,expanding_top1_primary,14,1897073,0,0,9483,463,277,11081,0.04882421174733734,0.5982721382289417
whale_volume,expanding_top1_primary,14,1897073,0,1,1509,874,590,4281,0.5791915175612988,0.6750572082379863
whale_volume,expanding_top1_primary,14,1897073,1,0,23,2,2,23,0.08695652173913043,1.0
whale_volume,expanding_top1_primary,14,1897073,1,1,74,22,20,416,0.2972972972972973,0.9090909090909091
whale_volume,expanding_top1_primary,14,1897074,0,0,2672,84,39,3055,0.03143712574850299,0.4642857142857143
whale_volume,expanding_top1_primary,14,1897074,0,1,493,285,219,870,0.5780933062880325,0.7684210526315789
whale_volume,expanding_top1_primary,14,1897074,1,0,2,0,0,2,0.0,
whale_volume,expanding_top1_primary,14,1897074,1,1,17,2,1,31,0.11764705882352941,0.5
whale_volume,expanding_top1_primary,14,1897075,0,0,2649,103,57,3003,0.038882597206493015,0.5533980582524272
whale_volume,expanding_top1_primary,14,1897075,0,1,500,266,171,826,0.532,0.6428571428571429
whale_volume,expanding_top1_primary,14,1897075,1,0,6,0,0,6,0.0,
whale_volume,expanding_top1_primary,14,1897075,1,1,23,4,2,32,0.17391304347826086,0.5
whale_volume,expanding_top1_primary,15,1897076,0,0,3348,132,75,3467,0.03942652329749104,0.5681818181818182
whale_volume,expanding_top1_primary,15,1897076,0,1,587,312,217,919,0.5315161839863713,0.6955128205128205
whale_volume,expanding_top1_primary,15,1897076,1,0,7,0,0,10,0.0,
whale_volume,expanding_top1_primary,15,1897076,1,1,18,1,0,26,0.05555555555555555,0.0
whale_volume,expanding_top1_primary,15,1897077,0,0,2520,102,70,2696,0.04047619047619048,0.6862745098039216
whale_volume,expanding_top1_primary,15,1897077,0,1,521,270,194,1145,0.5182341650671785,0.7185185185185186
whale_volume,expanding_top1_primary,15,1897077,1,0,10,0,0,38,0.0,
whale_volume,expanding_top1_primary,15,1897077,1,1,21,6,6,40,0.2857142857142857,1.0
whale_volume,expanding_top1_primary,15,1897078,0,0,6243,308,173,6990,0.04933525548614448,0.5616883116883117
whale_volume,expanding_top1_primary,15,1897078,0,1,986,526,370,1694,0.5334685598377282,0.7034220532319392
whale_volume,expanding_top1_primary,15,1897078,1,0,21,1,1,57,0.047619047619047616,1.0
whale_volume,expanding_top1_primary,15,1897078,1,1,44,9,7,191,0.20454545454545456,0.7777777777777778
whale_volume,expanding_top1_primary,16,1897079,0,0,7042,394,237,7972,0.05595001420051122,0.6015228426395939
whale_volume,expanding_top1_primary,16,1897079,0,1,1381,794,540,2730,0.5749456915278783,0.6801007556675063
whale_volume,expanding_top1_primary,16,1897079,1,0,18,0,0,19,0.0,
whale_volume,expanding_top1_primary,16,1897079,1,1,51,14,13,200,0.27450980392156865,0.9285714285714286
whale_volume,expanding_top1_primary,16,1897080,0,0,2555,113,58,2685,0.04422700587084149,0.5132743362831859
whale_volume,expanding_top1_primary,16,1897080,0,1,465,188,119,724,0.4043010752688172,0.6329787234042553
whale_volume,expanding_top1_primary,16,1897080,1,0,3,0,0,4,0.0,
whale_volume,expanding_top1_primary,16,1897080,1,1,10,0,0,19,0.0,
whale_volume,expanding_top1_primary,16,1897081,0,0,3171,133,54,3319,0.04194260485651214,0.40601503759398494
whale_volume,expanding_top1_primary,16,1897081,0,1,678,352,270,1440,0.5191740412979351,0.7670454545454546
whale_volume,expanding_top1_primary,16,1897081,1,0,6,0,0,6,0.0,
whale_volume,expanding_top1_primary,16,1897081,1,1,23,3,2,39,0.13043478260869565,0.6666666666666666
whale_volume,expanding_top1_primary,17,1897082,0,0,16122,850,362,17486,0.05272298722242898,0.4258823529411765
whale_volume,expanding_top1_primary,17,1897082,0,1,2101,1127,672,5440,0.5364112327463113,0.5962732919254659
whale_volume,expanding_top1_primary,17,1897082,1,0,61,7,5,72,0.11475409836065574,0.7142857142857143
whale_volume,expanding_top1_primary,17,1897082,1,1,91,17,14,379,0.18681318681318682,0.8235294117647058
whale_volume,expanding_top1_primary,17,1897083,0,0,4603,146,60,4682,0.03171844449272214,0.410958904109589
whale_volume,expanding_top1_primary,17,1897083,0,1,963,592,437,1787,0.6147455867082036,0.7381756756756757
whale_volume,expanding_top1_primary,17,1897083,1,0,10,1,1,10,0.1,1.0
whale_volume,expanding_top1_primary,17,1897083,1,1,23,4,4,45,0.17391304347826086,1.0
whale_volume,expanding_top1_primary,17,1897084,0,0,3855,157,79,3990,0.04072632944228275,0.5031847133757962
whale_volume,expanding_top1_primary,17,1897084,0,1,769,468,292,1455,0.6085825747724317,0.6239316239316239
whale_volume,expanding_top1_primary,17,1897084,1,0,10,1,1,10,0.1,1.0
whale_volume,expanding_top1_primary,17,1897084,1,1,25,2,2,31,0.08,1.0
whale_volume,expanding_top1_primary,18,1897085,0,0,3415,116,62,3566,0.03396778916544656,0.5344827586206896
whale_volume,expanding_top1_primary,18,1897085,0,1,604,312,259,941,0.5165562913907285,0.8301282051282052
whale_volume,expanding_top1_primary,18,1897085,1,0,8,0,0,8,0.0,
whale_volume,expanding_top1_primary,18,1897085,1,1,19,1,0,712,0.05263157894736842,0.0
whale_volume,expanding_top1_primary,18,1897086,0,0,4180,167,112,4514,0.03995215311004785,0.6706586826347305
whale_volume,expanding_top1_primary,18,1897086,0,1,701,384,310,1265,0.5477888730385164,0.8072916666666666
whale_volume,expanding_top1_primary,18,1897086,1,0,7,0,0,8,0.0,
whale_volume,expanding_top1_primary,18,1897086,1,1,10,1,1,26,0.1,1.0
whale_volume,expanding_top1_primary,18,1897087,0,0,4969,196,94,5377,0.0394445562487422,0.47959183673469385
whale_volume,expanding_top1_primary,18,1897087,0,1,646,239,178,1011,0.369969040247678,0.7447698744769874
whale_volume,expanding_top1_primary,18,1897087,1,0,13,0,0,13,0.0,
whale_volume,expanding_top1_primary,18,1897087,1,1,25,3,2,30,0.12,0.6666666666666666
whale_volume,expanding_top1_primary,19,1897088,0,0,12085,515,263,12903,0.04261481175010343,0.5106796116504855
whale_volume,expanding_top1_primary,19,1897088,0,1,1939,1127,752,4105,0.5812274368231047,0.6672582076308784
whale_volume,expanding_top1_primary,19,1897088,1,0,25,1,1,27,0.04,1.0
whale_volume,expanding_top1_primary,19,1897088,1,1,61,10,6,857,0.16393442622950818,0.6
whale_volume,expanding_top1_primary,19,1897089,0,0,3548,109,65,3677,0.03072153325817362,0.5963302752293578
whale_volume,expanding_top1_primary,19,1897089,0,1,804,445,290,1469,0.5534825870646766,0.651685393258427
whale_volume,expanding_top1_primary,19,1897089,1,0,9,0,0,9,0.0,
whale_volume,expanding_top1_primary,19,1897089,1,1,16,7,4,29,0.4375,0.5714285714285714
whale_volume,expanding_top1_primary,19,1897090,0,0,2851,172,50,3061,0.06032970887407927,0.29069767441860467
whale_volume,expanding_top1_primary,19,1897090,0,1,678,317,221,889,0.46755162241887904,0.6971608832807571
whale_volume,expanding_top1_primary,19,1897090,1,0,4,0,0,4,0.0,
whale_volume,expanding_top1_primary,19,1897090,1,1,17,4,3,22,0.23529411764705882,0.75
whale_volume,expanding_top1_primary,20,1897091,0,0,4605,189,77,4813,0.04104234527687296,0.4074074074074074
whale_volume,expanding_top1_primary,20,1897091,0,1,677,262,165,1509,0.3870014771048744,0.6297709923664122
whale_volume,expanding_top1_primary,20,1897091,1,0,12,0,0,13,0.0,
whale_volume,expanding_top1_primary,20,1897091,1,1,27,3,1,695,0.1111111111111111,0.3333333333333333
whale_volume,expanding_top1_primary,20,1897092,0,0,2653,76,43,2773,0.028646814926498305,0.5657894736842105
whale_volume,expanding_top1_primary,20,1897092,0,1,521,183,127,1106,0.3512476007677543,0.6939890710382514
whale_volume,expanding_top1_primary,20,1897092,1,0,7,0,0,7,0.0,
whale_volume,expanding_top1_primary,20,1897092,1,1,9,0,0,18,0.0,
whale_volume,expanding_top1_primary,20,1897093,0,0,1897,58,33,2088,0.030574591460200317,0.5689655172413793
whale_volume,expanding_top1_primary,20,1897093,0,1,429,181,130,1180,0.4219114219114219,0.7182320441988951
whale_volume,expanding_top1_primary,20,1897093,1,0,3,0,0,3,0.0,
whale_volume,expanding_top1_primary,20,1897093,1,1,19,0,0,281,0.0,
whale_volume,expanding_top1_primary,21,1897094,0,0,14745,810,334,17073,0.054933875890132246,0.4123456790123457
whale_volume,expanding_top1_primary,21,1897094,0,1,1630,813,489,4372,0.49877300613496933,0.6014760147601476
whale_volume,expanding_top1_primary,21,1897094,1,0,67,3,3,78,0.04477611940298507,1.0
whale_volume,expanding_top1_primary,21,1897094,1,1,83,17,6,3221,0.20481927710843373,0.35294117647058826
whale_volume,expanding_top1_primary,21,1897095,0,0,2703,80,33,2802,0.029596744358120607,0.4125
whale_volume,expanding_top1_primary,21,1897095,0,1,555,298,201,786,0.5369369369369369,0.674496644295302
whale_volume,expanding_top1_primary,21,1897095,1,0,2,0,0,2,0.0,
whale_volume,expanding_top1_primary,21,1897095,1,1,15,0,0,21,0.0,
whale_volume,expanding_top1_primary,21,1897096,0,0,2257,118,45,2414,0.052281789986708016,0.3813559322033898
whale_volume,expanding_top1_primary,21,1897096,0,1,477,234,160,665,0.49056603773584906,0.6837606837606838
whale_volume,expanding_top1_primary,21,1897096,1,0,10,1,0,10,0.1,0.0
whale_volume,expanding_top1_primary,21,1897096,1,1,28,3,2,96,0.10714285714285714,0.6666666666666666
whale_volume,expanding_top1_primary,22,1897097,0,0,10652,732,400,11903,0.06871948929778446,0.546448087431694
whale_volume,expanding_top1_primary,22,1897097,0,1,1428,780,541,2665,0.5462184873949579,0.6935897435897436
whale_volume,expanding_top1_primary,22,1897097,1,0,27,3,2,33,0.1111111111111111,0.6666666666666666
whale_volume,expanding_top1_primary,22,1897097,1,1,56,6,3,688,0.10714285714285714,0.5
whale_volume,expanding_top1_primary,22,1897098,0,0,5538,140,72,5865,0.025279884434814014,0.5142857142857142
whale_volume,expanding_top1_primary,22,1897098,0,1,822,421,316,1387,0.5121654501216545,0.7505938242280285
whale_volume,expanding_top1_primary,22,1897098,1,0,4,0,0,4,0.0,
whale_volume,expanding_top1_primary,22,1897098,1,1,21,4,2,635,0.19047619047619047,0.5
whale_volume,expanding_top1_primary,22,1897099,0,0,5069,143,66,5225,0.028210692444269086,0.46153846153846156
whale_volume,expanding_top1_primary,22,1897099,0,1,703,316,236,2641,0.44950213371266,0.7468354430379747
whale_volume,expanding_top1_primary,22,1897099,1,0,19,0,0,21,0.0,
whale_volume,expanding_top1_primary,22,1897099,1,1,19,1,1,29,0.05263157894736842,1.0
whale_volume,expanding_top1_primary,23,1897100,0,0,6571,302,129,6846,0.04595951909907168,0.4271523178807947
whale_volume,expanding_top1_primary,23,1897100,0,1,1025,520,353,3533,0.5073170731707317,0.6788461538461539
whale_volume,expanding_top1_primary,23,1897100,1,0,15,1,0,27,0.06666666666666667,0.0
whale_volume,expanding_top1_primary,23,1897100,1,1,40,6,5,475,0.15,0.8333333333333334
whale_volume,expanding_top1_primary,23,1897101,0,0,3223,147,83,3331,0.045609680421967114,0.564625850340136
whale_volume,expanding_top1_primary,23,1897101,0,1,585,303,231,1667,0.517948717948718,0.7623762376237624
whale_volume,expanding_top1_primary,23,1897101,1,0,3,0,0,8,0.0,
whale_volume,expanding_top1_primary,23,1897101,1,1,8,0,0,15,0.0,
whale_volume,expanding_top1_primary,23,1897102,0,0,2597,92,42,2643,0.03542549095109742,0.45652173913043476
whale_volume,expanding_top1_primary,23,1897102,0,1,512,220,166,2177,0.4296875,0.7545454545454545
whale_volume,expanding_top1_primary,23,1897102,1,0,10,1,1,11,0.1,1.0
whale_volume,expanding_top1_primary,23,1897102,1,1,32,4,2,789,0.125,0.5
whale_volume,expanding_top1_primary,24,1897103,0,0,2613,100,41,2762,0.038270187523918864,0.41
whale_volume,expanding_top1_primary,24,1897103,0,1,356,96,77,837,0.2696629213483146,0.8020833333333334
whale_volume,expanding_top1_primary,24,1897103,1,0,2,0,0,2,0.0,
whale_volume,expanding_top1_primary,24,1897103,1,1,19,2,2,40,0.10526315789473684,1.0
whale_volume,expanding_top1_primary,24,1897104,0,0,2609,67,37,2723,0.025680337293982367,0.5522388059701493
whale_volume,expanding_top1_primary,24,1897104,0,1,415,136,107,613,0.327710843373494,0.7867647058823529
whale_volume,expanding_top1_primary,24,1897104,1,0,4,0,0,4,0.0,
whale_volume,expanding_top1_primary,24,1897104,1,1,12,2,2,25,0.16666666666666666,1.0
whale_volume,expanding_top1_primary,24,1897105,0,0,6553,332,153,7725,0.0506638180985808,0.4608433734939759
whale_volume,expanding_top1_primary,24,1897105,0,1,953,356,253,2770,0.37355718782791186,0.7106741573033708
whale_volume,expanding_top1_primary,24,1897105,1,0,5,0,0,5,0.0,
whale_volume,expanding_top1_primary,24,1897105,1,1,58,17,15,544,0.29310344827586204,0.8823529411764706
whale_volume,expanding_top1_primary,25,1897106,0,0,12176,682,343,13410,0.05601182654402102,0.5029325513196481
whale_volume,expanding_top1_primary,25,1897106,0,1,1392,629,392,8377,0.45186781609195403,0.6232114467408585
whale_volume,expanding_top1_primary,25,1897106,1,0,44,11,11,118,0.25,1.0
whale_volume,expanding_top1_primary,25,1897106,1,1,95,19,13,2853,0.2,0.6842105263157895
whale_volume,expanding_top1_primary,25,1897107,0,0,3001,166,107,3231,0.055314895034988334,0.6445783132530121
whale_volume,expanding_top1_primary,25,1897107,0,1,602,324,236,1153,0.5382059800664452,0.7283950617283951
whale_volume,expanding_top1_primary,25,1897107,1,0,17,6,6,29,0.35294117647058826,1.0
whale_volume,expanding_top1_primary,25,1897107,1,1,9,2,0,13,0.2222222222222222,0.0
whale_volume,expanding_top1_primary,25,1897108,0,0,2322,87,30,2419,0.037467700258397935,0.3448275862068966
whale_volume,expanding_top1_primary,25,1897108,0,1,558,301,210,924,0.5394265232974911,0.6976744186046512
whale_volume,expanding_top1_primary,25,1897108,1,0,4,1,1,4,0.25,1.0
whale_volume,expanding_top1_primary,25,1897108,1,1,11,1,1,34,0.09090909090909091,1.0
whale_volume,expanding_top1_primary,26,1897109,0,0,7011,299,155,7720,0.04264726857794894,0.5183946488294314
whale_volume,expanding_top1_primary,26,1897109,0,1,968,492,359,2663,0.5082644628099173,0.7296747967479674
whale_volume,expanding_top1_primary,26,1897109,1,0,11,1,1,14,0.09090909090909091,1.0
whale_volume,expanding_top1_primary,26,1897109,1,1,29,7,4,82,0.2413793103448276,0.5714285714285714
whale_volume,expanding_top1_primary,26,1897110,0,0,3337,70,34,3450,0.020976925382079712,0.4857142857142857
whale_volume,expanding_top1_primary,26,1897110,0,1,484,255,187,800,0.5268595041322314,0.7333333333333333
whale_volume,expanding_top1_primary,26,1897110,1,1,19,1,1,40,0.05263157894736842,1.0
whale_volume,expanding_top1_primary,26,1897111,0,0,2931,91,42,3007,0.031047424087342203,0.46153846153846156
whale_volume,expanding_top1_primary,26,1897111,0,1,577,329,285,1256,0.5701906412478336,0.8662613981762918
whale_volume,expanding_top1_primary,26,1897111,1,0,12,1,1,14,0.08333333333333333,1.0
whale_volume,expanding_top1_primary,26,1897111,1,1,20,1,1,29,0.05,1.0
whale_volume,expanding_top1_primary,27,1897112,0,0,5680,381,192,6651,0.06707746478873239,0.5039370078740157
whale_volume,expanding_top1_primary,27,1897112,0,1,970,466,328,3243,0.48041237113402063,0.703862660944206
whale_volume,expanding_top1_primary,27,1897112,1,0,8,2,2,44,0.25,1.0
whale_volume,expanding_top1_primary,27,1897112,1,1,28,3,2,80,0.10714285714285714,0.6666666666666666
whale_volume,expanding_top1_primary,27,1897113,0,0,3612,91,50,3703,0.025193798449612403,0.5494505494505495
whale_volume,expanding_top1_primary,27,1897113,0,1,686,349,306,1259,0.5087463556851312,0.8767908309455588
whale_volume,expanding_top1_primary,27,1897113,1,0,5,0,0,5,0.0,
whale_volume,expanding_top1_primary,27,1897113,1,1,27,3,3,33,0.1111111111111111,1.0
whale_volume,expanding_top1_primary,27,1897114,0,0,3722,169,99,4020,0.045405695862439546,0.5857988165680473
whale_volume,expanding_top1_primary,27,1897114,0,1,715,319,273,1837,0.4461538461538462,0.8557993730407524
whale_volume,expanding_top1_primary,27,1897114,1,0,2,1,1,5,0.5,1.0
whale_volume,expanding_top1_primary,27,1897114,1,1,24,5,4,55,0.20833333333333334,0.8
whale_volume,expanding_top1_primary,28,1897115,0,0,8430,402,190,9255,0.04768683274021352,0.472636815920398
whale_volume,expanding_top1_primary,28,1897115,0,1,1349,655,407,7424,0.4855448480355819,0.6213740458015267
whale_volume,expanding_top1_primary,28,1897115,1,0,21,3,3,24,0.14285714285714285,1.0
whale_volume,expanding_top1_primary,28,1897115,1,1,71,14,12,5749,0.19718309859154928,0.8571428571428571
whale_volume,expanding_top1_primary,28,1897116,0,0,4422,146,65,4766,0.033016734509271825,0.4452054794520548
whale_volume,expanding_top1_primary,28,1897116,0,1,798,378,292,1342,0.47368421052631576,0.7724867724867724
whale_volume,expanding_top1_primary,28,1897116,1,0,4,0,0,4,0.0,
whale_volume,expanding_top1_primary,28,1897116,1,1,40,7,7,74,0.175,1.0
whale_volume,expanding_top1_primary,28,1897117,0,0,6995,359,186,7854,0.051322373123659754,0.5181058495821727
whale_volume,expanding_top1_primary,28,1897117,0,1,1306,645,520,5950,0.49387442572741197,0.8062015503875969
whale_volume,expanding_top1_primary,28,1897117,1,0,12,0,0,13,0.0,
whale_volume,expanding_top1_primary,28,1897117,1,1,56,11,10,534,0.19642857142857142,0.9090909090909091
whale_volume,expanding_top1_primary,29,1897118,0,0,12782,795,397,14534,0.06219683930527304,0.49937106918238994
whale_volume,expanding_top1_primary,29,1897118,0,1,2186,1136,773,5696,0.5196706312900274,0.6804577464788732
whale_volume,expanding_top1_primary,29,1897118,1,0,36,5,3,37,0.1388888888888889,0.6
whale_volume,expanding_top1_primary,29,1897118,1,1,119,9,8,10466,0.07563025210084033,0.8888888888888888
whale_volume,expanding_top1_primary,29,1897119,0,0,4251,186,50,4504,0.043754410726887794,0.26881720430107525
whale_volume,expanding_top1_primary,29,1897119,0,1,809,460,315,1399,0.5686032138442522,0.6847826086956522
whale_volume,expanding_top1_primary,29,1897119,1,0,4,1,1,6,0.25,1.0
whale_volume,expanding_top1_primary,29,1897119,1,1,35,3,3,52,0.08571428571428572,1.0
whale_volume,expanding_top1_primary,29,1897120,0,0,4023,232,137,4409,0.05766840666169525,0.5905172413793104
whale_volume,expanding_top1_primary,29,1897120,0,1,929,359,238,4391,0.38643702906350913,0.6629526462395543
whale_volume,expanding_top1_primary,29,1897120,1,0,13,2,1,14,0.15384615384615385,0.5
whale_volume,expanding_top1_primary,29,1897120,1,1,53,5,3,846,0.09433962264150944,0.6
whale_volume,expanding_top1_primary,30,1897121,0,0,3057,85,33,3175,0.027805037618580306,0.38823529411764707
whale_volume,expanding_top1_primary,30,1897121,0,1,544,216,149,739,0.39705882352941174,0.6898148148148148
whale_volume,expanding_top1_primary,30,1897121,1,0,7,0,0,14,0.0,
whale_volume,expanding_top1_primary,30,1897121,1,1,10,0,0,11,0.0,
whale_volume,expanding_top1_primary,30,1897122,0,0,2449,62,30,2661,0.02531645569620253,0.4838709677419355
whale_volume,expanding_top1_primary,30,1897122,0,1,416,200,161,546,0.4807692307692308,0.805
whale_volume,expanding_top1_primary,30,1897122,1,0,2,0,0,2,0.0,
whale_volume,expanding_top1_primary,30,1897122,1,1,17,3,3,21,0.17647058823529413,1.0
whale_volume,expanding_top1_primary,30,1897123,0,0,11742,438,257,12376,0.03730199284619315,0.58675799086758
whale_volume,expanding_top1_primary,30,1897123,0,1,1659,777,637,3994,0.46835443037974683,0.8198198198198198
whale_volume,expanding_top1_primary,30,1897123,1,0,21,1,1,29,0.047619047619047616,1.0
whale_volume,expanding_top1_primary,30,1897123,1,1,64,5,5,2494,0.078125,1.0
whale_volume,expanding_top1_primary,31,1897124,0,0,6992,293,136,7302,0.04190503432494279,0.4641638225255973
whale_volume,expanding_top1_primary,31,1897124,0,1,1149,450,339,1724,0.391644908616188,0.7533333333333333
whale_volume,expanding_top1_primary,31,1897124,1,0,13,0,0,14,0.0,
whale_volume,expanding_top1_primary,31,1897124,1,1,45,6,4,66,0.13333333333333333,0.6666666666666666
whale_volume,expanding_top1_primary,31,1897125,0,0,2572,81,43,2691,0.031493001555209954,0.5308641975308642
whale_volume,expanding_top1_primary,31,1897125,0,1,724,275,228,1170,0.3798342541436464,0.8290909090909091
whale_volume,expanding_top1_primary,31,1897125,1,0,2,0,0,3,0.0,
whale_volume,expanding_top1_primary,31,1897125,1,1,27,8,8,42,0.2962962962962963,1.0
whale_volume,expanding_top1_primary,31,1897126,0,0,2249,137,95,2615,0.0609159626500667,0.6934306569343066
whale_volume,expanding_top1_primary,31,1897126,0,1,690,175,141,1152,0.2536231884057971,0.8057142857142857
whale_volume,expanding_top1_primary,31,1897126,1,0,3,0,0,3,0.0,
whale_volume,expanding_top1_primary,31,1897126,1,1,39,7,5,52,0.1794871794871795,0.7142857142857143
whale_volume,expanding_top1_primary,32,1897127,0,0,9100,382,212,9764,0.04197802197802198,0.5549738219895288
whale_volume,expanding_top1_primary,32,1897127,0,1,1326,523,357,4914,0.39441930618401205,0.6826003824091779
whale_volume,expanding_top1_primary,32,1897127,1,0,24,4,3,28,0.16666666666666666,0.75
whale_volume,expanding_top1_primary,32,1897127,1,1,87,18,18,2066,0.20689655172413793,1.0
whale_volume,expanding_top1_primary,32,1897130,0,0,2493,79,21,2576,0.03168872843963097,0.26582278481012656
whale_volume,expanding_top1_primary,32,1897130,0,1,431,168,112,625,0.38979118329466356,0.6666666666666666
whale_volume,expanding_top1_primary,32,1897130,1,0,2,1,1,2,0.5,1.0
whale_volume,expanding_top1_primary,32,1897130,1,1,11,0,0,19,0.0,
whale_volume,expanding_top1_primary,32,1897133,0,0,2338,89,46,2491,0.03806672369546621,0.5168539325842697
whale_volume,expanding_top1_primary,32,1897133,0,1,421,160,104,657,0.38004750593824227,0.65
whale_volume,expanding_top1_primary,32,1897133,1,1,11,0,0,20,0.0,
whale_volume,expanding_top1_primary,33,1897144,0,0,10412,476,231,10881,0.0457164809834806,0.4852941176470588
whale_volume,expanding_top1_primary,33,1897144,0,1,1654,842,477,4233,0.5090689238210399,0.5665083135391924
whale_volume,expanding_top1_primary,33,1897144,1,0,12,2,2,13,0.16666666666666666,1.0
whale_volume,expanding_top1_primary,33,1897144,1,1,77,13,9,4474,0.16883116883116883,0.6923076923076923
whale_volume,expanding_top1_primary,33,1897145,0,0,3366,88,38,3556,0.026143790849673203,0.4318181818181818
whale_volume,expanding_top1_primary,33,1897145,0,1,610,316,236,1367,0.5180327868852459,0.7468354430379747
whale_volume,expanding_top1_primary,33,1897145,1,0,1,0,0,1,0.0,
whale_volume,expanding_top1_primary,33,1897145,1,1,18,2,2,24,0.1111111111111111,1.0
whale_volume,expanding_top1_primary,33,1897146,0,0,3838,92,43,3976,0.023970818134445022,0.4673913043478261
whale_volume,expanding_top1_primary,33,1897146,0,1,766,338,225,2558,0.4412532637075718,0.665680473372781
whale_volume,expanding_top1_primary,33,1897146,1,0,1,0,0,2,0.0,
whale_volume,expanding_top1_primary,33,1897146,1,1,19,3,2,38,0.15789473684210525,0.6666666666666666
whale_volume,expanding_top1_primary,34,1897147,0,0,18143,660,405,19184,0.03637766631758805,0.6136363636363636
whale_volume,expanding_top1_primary,34,1897147,0,1,2629,1245,780,7094,0.47356409281095474,0.6265060240963856
whale_volume,expanding_top1_primary,34,1897147,1,0,45,6,6,57,0.13333333333333333,1.0
whale_volume,expanding_top1_primary,34,1897147,1,1,177,63,57,1380,0.3559322033898305,0.9047619047619048
whale_volume,expanding_top1_primary,34,1897148,0,0,2293,78,40,2529,0.0340165721761884,0.5128205128205128
whale_volume,expanding_top1_primary,34,1897148,0,1,499,257,190,826,0.5150300601202404,0.7392996108949417
whale_volume,expanding_top1_primary,34,1897148,1,0,3,0,0,5,0.0,
whale_volume,expanding_top1_primary,34,1897148,1,1,30,2,2,41,0.06666666666666667,1.0
whale_volume,expanding_top1_primary,34,1897149,0,0,2375,116,77,2574,0.048842105263157895,0.6637931034482759
whale_volume,expanding_top1_primary,34,1897149,0,1,527,165,115,842,0.31309297912713474,0.696969696969697
whale_volume,expanding_top1_primary,34,1897149,1,0,3,0,0,3,0.0,
whale_volume,expanding_top1_primary,34,1897149,1,1,35,6,6,52,0.17142857142857143,1.0
whale_volume,expanding_top1_primary,35,1897150,0,0,4642,157,70,4873,0.03382162860835847,0.445859872611465
whale_volume,expanding_top1_primary,35,1897150,0,1,801,239,175,1379,0.2983770287141074,0.7322175732217573
whale_volume,expanding_top1_primary,35,1897150,1,0,6,0,0,6,0.0,
whale_volume,expanding_top1_primary,35,1897150,1,1,43,10,7,1081,0.23255813953488372,0.7
whale_volume,expanding_top1_primary,35,1897151,0,0,2873,80,38,2953,0.027845457709711103,0.475
whale_volume,expanding_top1_primary,35,1897151,0,1,528,189,139,1108,0.35795454545454547,0.7354497354497355
whale_volume,expanding_top1_primary,35,1897151,1,0,3,0,0,5,0.0,
whale_volume,expanding_top1_primary,35,1897151,1,1,17,5,4,26,0.29411764705882354,0.8
whale_volume,expanding_top1_primary,35,1897152,0,0,3549,203,118,3846,0.05719921104536489,0.5812807881773399
whale_volume,expanding_top1_primary,35,1897152,0,1,1120,379,312,1771,0.33839285714285716,0.8232189973614775
whale_volume,expanding_top1_primary,35,1897152,1,0,6,0,0,6,0.0,
whale_volume,expanding_top1_primary,35,1897152,1,1,63,15,9,89,0.23809523809523808,0.6
whale_volume,expanding_top1_primary,36,1897153,0,0,2079,137,34,2280,0.0658970658970659,0.24817518248175183
whale_volume,expanding_top1_primary,36,1897153,0,1,537,167,95,1020,0.31098696461824954,0.5688622754491018
whale_volume,expanding_top1_primary,36,1897153,1,0,3,0,0,3,0.0,
whale_volume,expanding_top1_primary,36,1897153,1,1,30,9,9,80,0.3,1.0
whale_volume,expanding_top1_primary,36,1897154,0,0,1908,53,24,2049,0.027777777777777776,0.4528301886792453
whale_volume,expanding_top1_primary,36,1897154,0,1,481,174,130,848,0.36174636174636177,0.7471264367816092
whale_volume,expanding_top1_primary,36,1897154,1,0,5,1,1,8,0.2,1.0
whale_volume,expanding_top1_primary,36,1897154,1,1,21,6,6,36,0.2857142857142857,1.0
whale_volume,expanding_top1_primary,36,1897155,0,0,13948,523,298,14668,0.03749641525666762,0.5697896749521989
whale_volume,expanding_top1_primary,36,1897155,0,1,2159,1057,704,5318,0.4895785085687818,0.6660359508041628
whale_volume,expanding_top1_primary,36,1897155,1,0,43,4,4,60,0.09302325581395349,1.0
whale_volume,expanding_top1_primary,36,1897155,1,1,99,16,11,3039,0.16161616161616163,0.6875
whale_volume,expanding_top1_primary,37,1897161,0,0,7153,711,171,7566,0.09939885362784845,0.24050632911392406
whale_volume,expanding_top1_primary,37,1897161,0,1,1183,481,306,1815,0.4065934065934066,0.6361746361746362
whale_volume,expanding_top1_primary,37,1897161,1,0,9,0,0,9,0.0,
whale_volume,expanding_top1_primary,37,1897161,1,1,49,4,3,68,0.08163265306122448,0.75
whale_volume,expanding_top1_primary,37,1897162,0,0,3519,68,35,3652,0.01932367149758454,0.5147058823529411
whale_volume,expanding_top1_primary,37,1897162,0,1,619,265,212,1161,0.4281098546042003,0.8
whale_volume,expanding_top1_primary,37,1897162,1,0,1,0,0,1,0.0,
whale_volume,expanding_top1_primary,37,1897162,1,1,13,2,1,21,0.15384615384615385,0.5
whale_volume,expanding_top1_primary,37,1897163,0,0,3605,188,89,3926,0.0521497919556172,0.4734042553191489
whale_volume,expanding_top1_primary,37,1897163,0,1,1098,433,356,1775,0.39435336976320584,0.8221709006928406
whale_volume,expanding_top1_primary,37,1897163,1,0,15,0,0,15,0.0,
whale_volume,expanding_top1_primary,37,1897163,1,1,42,7,6,58,0.16666666666666666,0.8571428571428571
whale_volume,expanding_top1_primary,38,1897168,0,0,11817,497,233,12650,0.04205805195904206,0.4688128772635815
whale_volume,expanding_top1_primary,38,1897168,0,1,1523,684,529,3264,0.44911359159553516,0.7733918128654971
whale_volume,expanding_top1_primary,38,1897168,1,0,20,2,2,23,0.1,1.0
whale_volume,expanding_top1_primary,38,1897168,1,1,49,6,5,168,0.12244897959183673,0.8333333333333334
whale_volume,expanding_top1_primary,38,1897171,0,0,2436,61,30,2525,0.02504105090311987,0.4918032786885246
whale_volume,expanding_top1_primary,38,1897171,0,1,467,204,160,924,0.43683083511777304,0.7843137254901961
whale_volume,expanding_top1_primary,38,1897171,1,0,7,0,0,10,0.0,
whale_volume,expanding_top1_primary,38,1897171,1,1,6,0,0,8,0.0,
whale_volume,expanding_top1_primary,38,1897173,0,0,2614,86,42,2700,0.03289977046671767,0.4883720930232558
whale_volume,expanding_top1_primary,38,1897173,0,1,591,210,141,1048,0.3553299492385787,0.6714285714285714
whale_volume,expanding_top1_primary,38,1897173,1,0,2,0,0,2,0.0,
whale_volume,expanding_top1_primary,38,1897173,1,1,21,0,0,30,0.0,
whale_volume,expanding_top1_primary,39,1897177,0,0,8682,271,138,9284,0.031214005989403364,0.5092250922509225
whale_volume,expanding_top1_primary,39,1897177,0,1,1326,612,433,2500,0.46153846153846156,0.7075163398692811
whale_volume,expanding_top1_primary,39,1897177,1,0,10,0,0,10,0.0,
whale_volume,expanding_top1_primary,39,1897177,1,1,49,9,7,129,0.1836734693877551,0.7777777777777778
whale_volume,expanding_top1_primary,39,1897179,0,0,2990,60,25,3098,0.020066889632107024,0.4166666666666667
whale_volume,expanding_top1_primary,39,1897179,0,1,530,230,185,757,0.4339622641509434,0.8043478260869565
whale_volume,expanding_top1_primary,39,1897179,1,0,3,0,0,3,0.0,
whale_volume,expanding_top1_primary,39,1897179,1,1,9,3,3,18,0.3333333333333333,1.0
whale_volume,expanding_top1_primary,39,1897181,0,0,2618,72,37,2710,0.02750190985485103,0.5138888888888888
whale_volume,expanding_top1_primary,39,1897181,0,1,512,166,120,782,0.32421875,0.7228915662650602
whale_volume,expanding_top1_primary,39,1897181,1,0,2,0,0,5,0.0,
whale_volume,expanding_top1_primary,39,1897181,1,1,17,5,5,32,0.29411764705882354,1.0
whale_volume,expanding_top1_primary,40,1897186,0,0,3062,109,53,3324,0.03559764859568909,0.48623853211009177
whale_volume,expanding_top1_primary,40,1897186,0,1,498,164,114,1099,0.3293172690763052,0.6951219512195121
whale_volume,expanding_top1_primary,40,1897186,1,0,8,0,0,8,0.0,
whale_volume,expanding_top1_primary,40,1897186,1,1,23,1,1,25,0.043478260869565216,1.0
whale_volume,expanding_top1_primary,40,1897187,0,0,2816,82,47,2943,0.02911931818181818,0.573170731707317
whale_volume,expanding_top1_primary,40,1897187,0,1,402,131,101,660,0.32587064676616917,0.7709923664122137
whale_volume,expanding_top1_primary,40,1897187,1,0,6,0,0,7,0.0,
whale_volume,expanding_top1_primary,40,1897187,1,1,18,3,2,31,0.16666666666666666,0.6666666666666666
whale_volume,expanding_top1_primary,40,1897188,0,0,6707,256,133,7126,0.038169077083643956,0.51953125
whale_volume,expanding_top1_primary,40,1897188,0,1,1091,421,316,1811,0.38588450962419796,0.7505938242280285
whale_volume,expanding_top1_primary,40,1897188,1,0,6,0,0,6,0.0,
whale_volume,expanding_top1_primary,40,1897188,1,1,51,6,4,97,0.11764705882352941,0.6666666666666666
whale_volume,expanding_top1_primary,41,1897193,0,0,20757,766,389,21779,0.03690321337380161,0.5078328981723238
whale_volume,expanding_top1_primary,41,1897193,0,1,3501,1580,1062,8722,0.4512996286775207,0.6721518987341772
whale_volume,expanding_top1_primary,41,1897193,1,0,29,0,0,30,0.0,
whale_volume,expanding_top1_primary,41,1897193,1,1,166,26,23,567,0.1566265060240964,0.8846153846153846
whale_volume,expanding_top1_primary,41,1897194,0,0,3219,137,64,3381,0.04255980118049084,0.46715328467153283
whale_volume,expanding_top1_primary,41,1897194,0,1,711,351,256,1389,0.4936708860759494,0.7293447293447294
whale_volume,expanding_top1_primary,41,1897194,1,0,2,0,0,2,0.0,
whale_volume,expanding_top1_primary,41,1897194,1,1,44,7,7,78,0.1590909090909091,1.0
whale_volume,expanding_top1_primary,41,1897197,0,0,2958,99,62,3212,0.033468559837728194,0.6262626262626263
whale_volume,expanding_top1_primary,41,1897197,0,1,668,299,218,1073,0.4476047904191617,0.7290969899665551
whale_volume,expanding_top1_primary,41,1897197,1,0,7,2,2,8,0.2857142857142857,1.0
whale_volume,expanding_top1_primary,41,1897197,1,1,30,3,3,39,0.1,1.0
whale_volume,expanding_top1_primary,42,1897202,0,0,7135,241,141,7450,0.033777154870357394,0.5850622406639004
whale_volume,expanding_top1_primary,42,1897202,0,1,1294,453,293,2047,0.3500772797527048,0.6467991169977925
whale_volume,expanding_top1_primary,42,1897202,1,0,15,0,0,18,0.0,
whale_volume,expanding_top1_primary,42,1897202,1,1,54,9,8,75,0.16666666666666666,0.8888888888888888
whale_volume,expanding_top1_primary,42,1897204,0,0,2691,452,44,3127,0.16796729840208102,0.09734513274336283
whale_volume,expanding_top1_primary,42,1897204,0,1,589,220,169,1174,0.3735144312393888,0.7681818181818182
whale_volume,expanding_top1_primary,42,1897204,1,0,2,0,0,2,0.0,
whale_volume,expanding_top1_primary,42,1897204,1,1,29,1,1,58,0.034482758620689655,1.0
whale_volume,expanding_top1_primary,42,1897206,0,0,2774,574,92,2969,0.2069214131218457,0.1602787456445993
whale_volume,expanding_top1_primary,42,1897206,0,1,993,274,212,1509,0.2759315206445116,0.7737226277372263
whale_volume,expanding_top1_primary,42,1897206,1,0,1,0,0,1,0.0,
whale_volume,expanding_top1_primary,42,1897206,1,1,37,2,2,50,0.05405405405405406,1.0
whale_volume,expanding_top1_primary,43,1897211,0,0,12571,452,229,13460,0.03595577121947339,0.5066371681415929
whale_volume,expanding_top1_primary,43,1897211,0,1,1986,929,630,5195,0.46777442094662636,0.6781485468245425
whale_volume,expanding_top1_primary,43,1897211,1,0,9,0,0,11,0.0,
whale_volume,expanding_top1_primary,43,1897211,1,1,67,11,9,188,0.16417910447761194,0.8181818181818182
whale_volume,expanding_top1_primary,43,1897212,0,0,3293,98,52,3439,0.02976009717582751,0.5306122448979592
whale_volume,expanding_top1_primary,43,1897212,0,1,597,274,230,842,0.45896147403685095,0.8394160583941606
whale_volume,expanding_top1_primary,43,1897212,1,0,4,0,0,4,0.0,
whale_volume,expanding_top1_primary,43,1897212,1,1,24,5,5,30,0.20833333333333334,1.0
whale_volume,expanding_top1_primary,43,1897213,0,0,3230,146,104,3635,0.04520123839009288,0.7123287671232876
whale_volume,expanding_top1_primary,43,1897213,0,1,744,246,182,1410,0.33064516129032256,0.7398373983739838
whale_volume,expanding_top1_primary,43,1897213,1,0,4,2,1,5,0.5,0.5
whale_volume,expanding_top1_primary,43,1897213,1,1,39,6,6,86,0.15384615384615385,1.0
whale_volume,expanding_top1_primary,44,1897218,0,0,2503,147,61,2856,0.05872952457051538,0.41496598639455784
whale_volume,expanding_top1_primary,44,1897218,0,1,548,128,74,858,0.23357664233576642,0.578125
whale_volume,expanding_top1_primary,44,1897218,1,0,8,0,0,8,0.0,
whale_volume,expanding_top1_primary,44,1897218,1,1,33,2,2,100,0.06060606060606061,1.0
whale_volume,expanding_top1_primary,44,1897221,0,0,2968,103,75,3158,0.034703504043126686,0.7281553398058253
whale_volume,expanding_top1_primary,44,1897221,0,1,498,158,119,945,0.3172690763052209,0.7531645569620253
whale_volume,expanding_top1_primary,44,1897221,1,0,3,0,0,3,0.0,
whale_volume,expanding_top1_primary,44,1897221,1,1,24,2,2,102,0.08333333333333333,1.0
whale_volume,expanding_top1_primary,44,1897223,0,0,5929,211,92,6327,0.03558778883454208,0.43601895734597157
whale_volume,expanding_top1_primary,44,1897223,0,1,1046,411,233,1944,0.39292543021032506,0.5669099756690997
whale_volume,expanding_top1_primary,44,1897223,1,0,12,1,1,18,0.08333333333333333,1.0
whale_volume,expanding_top1_primary,44,1897223,1,1,42,3,2,401,0.07142857142857142,0.6666666666666666
whale_volume,expanding_top1_primary,45,1897228,0,0,9856,545,242,10751,0.05529626623376623,0.44403669724770645
whale_volume,expanding_top1_primary,45,1897228,0,1,1900,858,513,3553,0.4515789473684211,0.5979020979020979
whale_volume,expanding_top1_primary,45,1897228,1,0,15,1,1,16,0.06666666666666667,1.0
whale_volume,expanding_top1_primary,45,1897228,1,1,78,10,8,321,0.1282051282051282,0.8
whale_volume,expanding_top1_primary,45,1897230,0,0,2837,82,48,2929,0.028903771589707437,0.5853658536585366
whale_volume,expanding_top1_primary,45,1897230,0,1,550,239,202,782,0.43454545454545457,0.8451882845188284
whale_volume,expanding_top1_primary,45,1897230,1,0,3,0,0,3,0.0,
whale_volume,expanding_top1_primary,45,1897230,1,1,23,3,3,32,0.13043478260869565,1.0
whale_volume,expanding_top1_primary,45,1897231,0,0,2331,145,40,2578,0.0622050622050622,0.27586206896551724
whale_volume,expanding_top1_primary,45,1897231,0,1,564,242,201,1743,0.42907801418439717,0.8305785123966942
whale_volume,expanding_top1_primary,45,1897231,1,0,1,0,0,1,0.0,
whale_volume,expanding_top1_primary,45,1897231,1,1,23,1,1,43,0.043478260869565216,1.0
whale_volume,expanding_top1_primary,46,1897236,0,0,9586,337,166,9895,0.03515543500938869,0.49258160237388726
whale_volume,expanding_top1_primary,46,1897236,0,1,1584,650,514,2307,0.41035353535353536,0.7907692307692308
whale_volume,expanding_top1_primary,46,1897236,1,0,19,0,0,24,0.0,
whale_volume,expanding_top1_primary,46,1897236,1,1,70,9,4,274,0.12857142857142856,0.4444444444444444
whale_volume,expanding_top1_primary,46,1897238,0,0,2621,145,33,2907,0.05532239603204884,0.22758620689655173
whale_volume,expanding_top1_primary,46,1897238,0,1,522,194,157,869,0.3716475095785441,0.8092783505154639
whale_volume,expanding_top1_primary,46,1897238,1,1,19,0,0,29,0.0,
whale_volume,expanding_top1_primary,46,1897240,0,0,2925,605,42,3107,0.20683760683760682,0.06942148760330578
whale_volume,expanding_top1_primary,46,1897240,0,1,617,238,210,1110,0.3857374392220421,0.8823529411764706
whale_volume,expanding_top1_primary,46,1897240,1,0,3,0,0,3,0.0,
whale_volume,expanding_top1_primary,46,1897240,1,1,30,3,3,38,0.1,1.0
whale_volume,expanding_top1_primary,47,1897246,0,0,1716,86,23,1842,0.05011655011655012,0.26744186046511625
whale_volume,expanding_top1_primary,47,1897246,0,1,378,103,70,607,0.2724867724867725,0.6796116504854369
whale_volume,expanding_top1_primary,47,1897246,1,0,4,0,0,4,0.0,
whale_volume,expanding_top1_primary,47,1897246,1,1,22,5,4,29,0.22727272727272727,0.8
whale_volume,expanding_top1_primary,47,1897247,0,0,1964,53,24,2042,0.0269857433808554,0.4528301886792453
whale_volume,expanding_top1_primary,47,1897247,0,1,371,131,108,460,0.353099730458221,0.8244274809160306
whale_volume,expanding_top1_primary,47,1897247,1,0,9,3,3,9,0.3333333333333333,1.0
whale_volume,expanding_top1_primary,47,1897247,1,1,18,1,1,21,0.05555555555555555,1.0
whale_volume,expanding_top1_primary,47,1897249,0,0,10374,287,147,10938,0.02766531713900135,0.5121951219512195
whale_volume,expanding_top1_primary,47,1897249,0,1,1677,711,540,3826,0.42397137745974955,0.759493670886076
whale_volume,expanding_top1_primary,47,1897249,1,0,26,4,4,26,0.15384615384615385,1.0
whale_volume,expanding_top1_primary,47,1897249,1,1,65,10,7,807,0.15384615384615385,0.7
whale_volume,expanding_top1_primary,48,1897254,0,0,8855,236,117,9658,0.026651609260304913,0.4957627118644068
whale_volume,expanding_top1_primary,48,1897254,0,1,1181,455,321,2383,0.3852667231160034,0.7054945054945055
whale_volume,expanding_top1_primary,48,1897254,1,0,8,0,0,8,0.0,
whale_volume,expanding_top1_primary,48,1897254,1,1,37,3,1,529,0.08108108108108109,0.3333333333333333
whale_volume,expanding_top1_primary,48,1897255,0,0,2818,67,31,2966,0.023775727466288147,0.4626865671641791
whale_volume,expanding_top1_primary,48,1897255,0,1,408,145,106,637,0.3553921568627451,0.7310344827586207
whale_volume,expanding_top1_primary,48,1897255,1,0,4,0,0,4,0.0,
whale_volume,expanding_top1_primary,48,1897255,1,1,13,1,1,13,0.07692307692307693,1.0
whale_volume,expanding_top1_primary,48,1897256,0,0,2235,163,56,2426,0.07293064876957495,0.34355828220858897
whale_volume,expanding_top1_primary,48,1897256,0,1,391,104,61,654,0.2659846547314578,0.5865384615384616
whale_volume,expanding_top1_primary,48,1897256,1,0,1,0,0,1,0.0,
whale_volume,expanding_top1_primary,48,1897256,1,1,13,2,1,15,0.15384615384615385,0.5
whale_volume,expanding_top1_primary,49,1897263,0,0,7395,464,262,8519,0.06274509803921569,0.5646551724137931
whale_volume,expanding_top1_primary,49,1897263,0,1,1400,672,378,4132,0.48,0.5625
whale_volume,expanding_top1_primary,49,1897263,1,0,17,4,1,22,0.23529411764705882,0.25
whale_volume,expanding_top1_primary,49,1897263,1,1,39,6,4,80,0.15384615384615385,0.6666666666666666
whale_volume,expanding_top1_primary,49,1897265,0,0,4691,128,70,4972,0.02728629290130036,0.546875
whale_volume,expanding_top1_primary,49,1897265,0,1,718,354,243,1063,0.49303621169916434,0.6864406779661016
whale_volume,expanding_top1_primary,49,1897265,1,0,11,1,1,13,0.09090909090909091,1.0
whale_volume,expanding_top1_primary,49,1897265,1,1,27,1,1,41,0.037037037037037035,1.0
whale_volume,expanding_top1_primary,49,1897266,0,0,4661,161,94,4804,0.0345419437888865,0.5838509316770186
whale_volume,expanding_top1_primary,49,1897266,0,1,694,278,179,1662,0.40057636887608067,0.6438848920863309
whale_volume,expanding_top1_primary,49,1897266,1,0,5,0,0,5,0.0,
whale_volume,expanding_top1_primary,49,1897266,1,1,31,2,0,45,0.06451612903225806,0.0
whale_volume,expanding_top1_primary,50,1897271,0,0,5424,253,119,6471,0.046644542772861355,0.47035573122529645
whale_volume,expanding_top1_primary,50,1897271,0,1,864,338,246,1547,0.3912037037037037,0.727810650887574
whale_volume,expanding_top1_primary,50,1897271,1,0,5,0,0,5,0.0,
whale_volume,expanding_top1_primary,50,1897271,1,1,27,3,2,428,0.1111111111111111,0.6666666666666666
whale_volume,expanding_top1_primary,50,1897273,0,0,2729,77,61,2885,0.028215463539758154,0.7922077922077922
whale_volume,expanding_top1_primary,50,1897273,0,1,441,148,129,1264,0.3356009070294785,0.8716216216216216
whale_volume,expanding_top1_primary,50,1897273,1,0,1,0,0,1,0.0,
whale_volume,expanding_top1_primary,50,1897273,1,1,11,1,1,42,0.09090909090909091,1.0
whale_volume,expanding_top1_primary,50,1897274,0,0,2036,87,56,2134,0.04273084479371316,0.6436781609195402
whale_volume,expanding_top1_primary,50,1897274,0,1,481,167,127,638,0.3471933471933472,0.7604790419161677
whale_volume,expanding_top1_primary,50,1897274,1,0,2,0,0,2,0.0,
whale_volume,expanding_top1_primary,50,1897274,1,1,14,3,2,18,0.21428571428571427,0.6666666666666666
whale_volume,expanding_top1_primary,51,1897279,0,0,6554,261,117,6798,0.03982300884955752,0.4482758620689655
whale_volume,expanding_top1_primary,51,1897279,0,1,1036,313,238,1472,0.30212355212355213,0.7603833865814696
whale_volume,expanding_top1_primary,51,1897279,1,0,6,0,0,7,0.0,
whale_volume,expanding_top1_primary,51,1897279,1,1,47,7,6,160,0.14893617021276595,0.8571428571428571
whale_volume,expanding_top1_primary,51,1897280,0,0,1478,44,17,1581,0.029769959404600813,0.38636363636363635
whale_volume,expanding_top1_primary,51,1897280,0,1,322,81,60,516,0.2515527950310559,0.7407407407407407
whale_volume,expanding_top1_primary,51,1897280,1,0,2,0,0,2,0.0,
whale_volume,expanding_top1_primary,51,1897280,1,1,14,0,0,19,0.0,
whale_volume,expanding_top1_primary,51,1897281,0,0,1298,61,45,1434,0.04699537750385208,0.7377049180327869
whale_volume,expanding_top1_primary,51,1897281,0,1,375,101,87,769,0.2693333333333333,0.8613861386138614
whale_volume,expanding_top1_primary,51,1897281,1,0,4,0,0,5,0.0,
whale_volume,expanding_top1_primary,51,1897281,1,1,23,2,1,28,0.08695652173913043,0.5
whale_volume,expanding_top1_primary,52,1897286,0,0,1895,53,27,2000,0.027968337730870714,0.5094339622641509
whale_volume,expanding_top1_primary,52,1897286,0,1,459,145,113,578,0.3159041394335512,0.7793103448275862
whale_volume,expanding_top1_primary,52,1897286,1,0,2,0,0,2,0.0,
whale_volume,expanding_top1_primary,52,1897286,1,1,29,8,8,33,0.27586206896551724,1.0
whale_volume,expanding_top1_primary,52,1897289,0,0,2082,30,16,2163,0.01440922190201729,0.5333333333333333
whale_volume,expanding_top1_primary,52,1897289,0,1,417,157,119,556,0.3764988009592326,0.7579617834394905
whale_volume,expanding_top1_primary,52,1897289,1,1,16,0,0,24,0.0,
whale_volume,expanding_top1_primary,52,1897291,0,0,8589,247,132,8762,0.028757713354290372,0.5344129554655871
whale_volume,expanding_top1_primary,52,1897291,0,1,1466,626,509,3115,0.42701227830832195,0.8130990415335463
whale_volume,expanding_top1_primary,52,1897291,1,0,14,0,0,16,0.0,
whale_volume,expanding_top1_primary,52,1897291,1,1,48,4,3,1632,0.08333333333333333,0.75
whale_volume,expanding_top1_primary,53,1897303,0,0,1735,93,38,1909,0.05360230547550432,0.40860215053763443
whale_volume,expanding_top1_primary,53,1897303,0,1,392,95,50,839,0.2423469387755102,0.5263157894736842
whale_volume,expanding_top1_primary,53,1897303,1,0,2,0,0,2,0.0,
whale_volume,expanding_top1_primary,53,1897303,1,1,30,6,4,55,0.2,0.6666666666666666
whale_volume,expanding_top1_primary,53,1897305,0,0,1820,64,35,1969,0.035164835164835165,0.546875
whale_volume,expanding_top1_primary,53,1897305,0,1,430,168,130,743,0.39069767441860465,0.7738095238095238
whale_volume,expanding_top1_primary,53,1897305,1,0,3,0,0,7,0.0,
whale_volume,expanding_top1_primary,53,1897305,1,1,14,1,0,76,0.07142857142857142,0.0
whale_volume,expanding_top1_primary,53,1897306,0,0,9371,391,278,9840,0.04172446910681891,0.710997442455243
whale_volume,expanding_top1_primary,53,1897306,0,1,1691,772,538,3910,0.4565345949142519,0.6968911917098446
whale_volume,expanding_top1_primary,53,1897306,1,0,18,3,3,29,0.16666666666666666,1.0
whale_volume,expanding_top1_primary,53,1897306,1,1,74,14,13,1227,0.1891891891891892,0.9285714285714286
whale_volume,expanding_top1_primary,54,1897296,0,0,2279,121,40,2418,0.05309346204475647,0.3305785123966942
whale_volume,expanding_top1_primary,54,1897296,0,1,525,177,122,993,0.33714285714285713,0.6892655367231638
whale_volume,expanding_top1_primary,54,1897296,1,0,4,1,1,5,0.25,1.0
whale_volume,expanding_top1_primary,54,1897296,1,1,20,1,1,31,0.05,1.0
whale_volume,expanding_top1_primary,54,1897297,0,0,2620,73,39,2699,0.027862595419847327,0.5342465753424658
whale_volume,expanding_top1_primary,54,1897297,0,1,461,155,100,744,0.3362255965292842,0.6451612903225806
whale_volume,expanding_top1_primary,54,1897297,1,0,3,0,0,3,0.0,
whale_volume,expanding_top1_primary,54,1897297,1,1,23,5,4,50,0.21739130434782608,0.8
whale_volume,expanding_top1_primary,54,1897299,0,0,9723,364,172,10631,0.037437005039596835,0.4725274725274725
whale_volume,expanding_top1_primary,54,1897299,0,1,2225,1136,892,12216,0.510561797752809,0.7852112676056338
whale_volume,expanding_top1_primary,54,1897299,1,0,20,3,3,22,0.15,1.0
whale_volume,expanding_top1_primary,54,1897299,1,1,113,28,27,2085,0.24778761061946902,0.9642857142857143
whale_volume,expanding_top1_primary,55,1897320,0,0,3179,828,67,3667,0.26045926391947155,0.08091787439613526
whale_volume,expanding_top1_primary,55,1897320,0,1,811,256,184,1144,0.3156596794081381,0.71875
whale_volume,expanding_top1_primary,55,1897320,1,0,3,0,0,4,0.0,
whale_volume,expanding_top1_primary,55,1897320,1,1,41,6,6,60,0.14634146341463414,1.0
whale_volume,expanding_top1_primary,55,1897322,0,0,2445,89,51,2554,0.03640081799591002,0.5730337078651685
whale_volume,expanding_top1_primary,55,1897322,0,1,576,168,134,1290,0.2916666666666667,0.7976190476190477
whale_volume,expanding_top1_primary,55,1897322,1,1,32,6,6,58,0.1875,1.0
whale_volume,expanding_top1_primary,55,1897323,0,0,3532,167,74,3653,0.04728199320498301,0.4431137724550898
whale_volume,expanding_top1_primary,55,1897323,0,1,808,229,183,1104,0.2834158415841584,0.7991266375545851
whale_volume,expanding_top1_primary,55,1897323,1,0,3,0,0,4,0.0,
whale_volume,expanding_top1_primary,55,1897323,1,1,30,5,3,41,0.16666666666666666,0.6
whale_volume,expanding_top1_primary,56,1897311,0,0,3354,253,99,3730,0.07543231961836613,0.391304347826087
whale_volume,expanding_top1_primary,56,1897311,0,1,1070,454,310,2044,0.42429906542056073,0.6828193832599119
whale_volume,expanding_top1_primary,56,1897311,1,0,9,3,3,16,0.3333333333333333,1.0
whale_volume,expanding_top1_primary,56,1897311,1,1,45,6,5,127,0.13333333333333333,0.8333333333333334
whale_volume,expanding_top1_primary,56,1897312,0,0,2678,131,62,2798,0.04891710231516057,0.4732824427480916
whale_volume,expanding_top1_primary,56,1897312,0,1,845,389,280,1552,0.4603550295857988,0.7197943444730077
whale_volume,expanding_top1_primary,56,1897312,1,0,3,0,0,3,0.0,
whale_volume,expanding_top1_primary,56,1897312,1,1,36,5,5,68,0.1388888888888889,1.0
whale_volume,expanding_top1_primary,56,1897315,0,0,19500,1060,586,20854,0.05435897435897436,0.5528301886792453
whale_volume,expanding_top1_primary,56,1897315,0,1,3831,1689,1146,9858,0.4408770555990603,0.6785079928952042
whale_volume,expanding_top1_primary,56,1897315,1,0,44,12,11,56,0.2727272727272727,0.9166666666666666
whale_volume,expanding_top1_primary,56,1897315,1,1,201,56,51,1015,0.27860696517412936,0.9107142857142857
whale_volume,expanding_top1_primary,57,1897336,0,0,1597,119,60,1661,0.07451471509079524,0.5042016806722689
whale_volume,expanding_top1_primary,57,1897336,0,1,679,228,189,1306,0.33578792341678937,0.8289473684210527
whale_volume,expanding_top1_primary,57,1897336,1,0,4,0,0,4,0.0,
whale_volume,expanding_top1_primary,57,1897336,1,1,27,1,1,28,0.037037037037037035,1.0
whale_volume,expanding_top1_primary,57,1897338,0,0,1512,48,21,1552,0.031746031746031744,0.4375
whale_volume,expanding_top1_primary,57,1897338,0,1,364,117,101,762,0.32142857142857145,0.8632478632478633
whale_volume,expanding_top1_primary,57,1897338,1,1,26,8,8,34,0.3076923076923077,1.0
whale_volume,expanding_top1_primary,57,1897340,0,0,4519,308,62,4633,0.06815667183005089,0.2012987012987013
whale_volume,expanding_top1_primary,57,1897340,0,1,925,218,176,1955,0.23567567567567568,0.8073394495412844
whale_volume,expanding_top1_primary,57,1897340,1,0,3,0,0,3,0.0,
whale_volume,expanding_top1_primary,57,1897340,1,1,37,3,2,55,0.08108108108108109,0.6666666666666666
whale_volume,expanding_top1_primary,58,1897329,0,0,13517,539,305,14288,0.0398757120662869,0.5658627087198516
whale_volume,expanding_top1_primary,58,1897329,0,1,2770,1139,789,6274,0.4111913357400722,0.6927129060579456
whale_volume,expanding_top1_primary,58,1897329,1,0,34,10,10,65,0.29411764705882354,1.0
whale_volume,expanding_top1_primary,58,1897329,1,1,164,33,25,413,0.20121951219512196,0.7575757575757576
whale_volume,expanding_top1_primary,58,1897330,0,0,2465,75,36,2543,0.030425963488843813,0.48
whale_volume,expanding_top1_primary,58,1897330,0,1,603,233,176,939,0.3864013266998342,0.7553648068669528
whale_volume,expanding_top1_primary,58,1897330,1,0,1,0,0,1,0.0,
whale_volume,expanding_top1_primary,58,1897330,1,1,32,6,6,48,0.1875,1.0
whale_volume,expanding_top1_primary,58,1897331,0,0,3605,188,106,4152,0.0521497919556172,0.5638297872340425
whale_volume,expanding_top1_primary,58,1897331,0,1,949,358,252,2214,0.3772391991570074,0.7039106145251397
whale_volume,expanding_top1_primary,58,1897331,1,0,13,1,1,17,0.07692307692307693,1.0
whale_volume,expanding_top1_primary,58,1897331,1,1,45,6,4,102,0.13333333333333333,0.6666666666666666
whale_volume,expanding_top1_primary,59,1897345,0,0,3443,116,52,3564,0.03369154806854487,0.4482758620689655
whale_volume,expanding_top1_primary,59,1897345,0,1,739,219,144,2200,0.2963464140730717,0.6575342465753424
whale_volume,expanding_top1_primary,59,1897345,1,0,9,0,0,9,0.0,
whale_volume,expanding_top1_primary,59,1897345,1,1,30,0,0,1068,0.0,
whale_volume,expanding_top1_primary,59,1897347,0,0,2357,88,48,2497,0.037335596096733134,0.5454545454545454
whale_volume,expanding_top1_primary,59,1897347,0,1,581,182,137,1440,0.3132530120481928,0.7527472527472527
whale_volume,expanding_top1_primary,59,1897347,1,1,22,5,4,27,0.22727272727272727,0.8
whale_volume,expanding_top1_primary,59,1897348,0,0,3741,117,46,3908,0.03127506014434643,0.39316239316239315
whale_volume,expanding_top1_primary,59,1897348,0,1,886,281,221,1959,0.31715575620767494,0.7864768683274022
whale_volume,expanding_top1_primary,59,1897348,1,0,1,0,0,1,0.0,
whale_volume,expanding_top1_primary,59,1897348,1,1,35,7,5,89,0.2,0.7142857142857143
whale_volume,expanding_top1_primary,60,1897354,0,0,3339,203,86,3783,0.06079664570230608,0.4236453201970443
whale_volume,expanding_top1_primary,60,1897354,0,1,763,226,142,1880,0.2961992136304063,0.6283185840707964
whale_volume,expanding_top1_primary,60,1897354,1,0,3,1,1,3,0.3333333333333333,1.0
whale_volume,expanding_top1_primary,60,1897354,1,1,32,2,2,54,0.0625,1.0
whale_volume,expanding_top1_primary,60,1897355,0,0,2220,95,52,2382,0.04279279279279279,0.5473684210526316
whale_volume,expanding_top1_primary,60,1897355,0,1,651,242,167,1422,0.3717357910906298,0.6900826446280992
whale_volume,expanding_top1_primary,60,1897355,1,0,2,0,0,2,0.0,
whale_volume,expanding_top1_primary,60,1897355,1,1,20,2,2,79,0.1,1.0
whale_volume,expanding_top1_primary,60,1897356,0,0,13391,664,369,14768,0.04958554252856396,0.5557228915662651
whale_volume,expanding_top1_primary,60,1897356,0,1,3743,1820,1324,14036,0.48624098316858133,0.7274725274725274
whale_volume,expanding_top1_primary,60,1897356,1,0,30,1,1,33,0.03333333333333333,1.0
whale_volume,expanding_top1_primary,60,1897356,1,1,257,54,48,14882,0.21011673151750973,0.8888888888888888
whale_volume,expanding_top1_primary,61,1897363,0,0,6334,344,175,6953,0.05431007262393432,0.5087209302325582
whale_volume,expanding_top1_primary,61,1897363,0,1,1284,554,368,2565,0.43146417445482865,0.6642599277978339
whale_volume,expanding_top1_primary,61,1897363,1,0,5,0,0,6,0.0,
whale_volume,expanding_top1_primary,61,1897363,1,1,52,9,8,275,0.17307692307692307,0.8888888888888888
whale_volume,expanding_top1_primary,61,1897365,0,0,4449,156,88,4711,0.03506405933917734,0.5641025641025641
whale_volume,expanding_top1_primary,61,1897365,0,1,832,380,271,1621,0.4567307692307692,0.7131578947368421
whale_volume,expanding_top1_primary,61,1897365,1,0,2,0,0,3,0.0,
whale_volume,expanding_top1_primary,61,1897365,1,1,51,8,5,171,0.1568627450980392,0.625
whale_volume,expanding_top1_primary,61,1897366,0,0,11777,793,306,12710,0.06733463530610512,0.3858764186633039
whale_volume,expanding_top1_primary,61,1897366,0,1,2142,886,533,7230,0.41363211951447243,0.6015801354401806
whale_volume,expanding_top1_primary,61,1897366,1,0,25,2,2,28,0.08,1.0
whale_volume,expanding_top1_primary,61,1897366,1,1,111,29,28,256,0.26126126126126126,0.9655172413793104
whale_volume,expanding_top1_primary,62,1897372,0,0,3668,217,90,3841,0.05916030534351145,0.4147465437788018
whale_volume,expanding_top1_primary,62,1897372,0,1,818,270,207,1216,0.33007334963325186,0.7666666666666667
whale_volume,expanding_top1_primary,62,1897372,1,0,5,0,0,5,0.0,
whale_volume,expanding_top1_primary,62,1897372,1,1,33,4,4,63,0.12121212121212122,1.0
whale_volume,expanding_top1_primary,62,1897373,0,0,1542,46,20,1570,0.029831387808041506,0.43478260869565216
whale_volume,expanding_top1_primary,62,1897373,0,1,276,58,44,393,0.21014492753623187,0.7586206896551724
whale_volume,expanding_top1_primary,62,1897373,1,1,13,0,0,25,0.0,
whale_volume,expanding_top1_primary,62,1897374,0,0,1802,112,69,2045,0.06215316315205328,0.6160714285714286
whale_volume,expanding_top1_primary,62,1897374,0,1,415,111,95,578,0.2674698795180723,0.8558558558558559
whale_volume,expanding_top1_primary,62,1897374,1,1,19,1,1,29,0.05263157894736842,1.0
whale_volume,expanding_top1_primary,63,1897379,0,0,7086,398,259,7752,0.05616709003669207,0.6507537688442211
whale_volume,expanding_top1_primary,63,1897379,0,1,1629,697,439,5967,0.42786985880908535,0.629842180774749
whale_volume,expanding_top1_primary,63,1897379,1,0,19,0,0,21,0.0,
whale_volume,expanding_top1_primary,63,1897379,1,1,79,11,8,1487,0.13924050632911392,0.7272727272727273
whale_volume,expanding_top1_primary,63,1897381,0,0,2461,107,91,2590,0.043478260869565216,0.8504672897196262
whale_volume,expanding_top1_primary,63,1897381,0,1,545,196,160,947,0.3596330275229358,0.8163265306122449
whale_volume,expanding_top1_primary,63,1897381,1,1,10,0,0,13,0.0,
whale_volume,expanding_top1_primary,63,1897383,0,0,2809,230,144,3073,0.08187967248131008,0.6260869565217392
whale_volume,expanding_top1_primary,63,1897383,0,1,663,192,107,1658,0.2895927601809955,0.5572916666666666
whale_volume,expanding_top1_primary,63,1897383,1,0,8,1,1,8,0.125,1.0
whale_volume,expanding_top1_primary,63,1897383,1,1,26,2,1,78,0.07692307692307693,0.5
whale_volume,expanding_top1_primary,64,1897389,0,0,2939,175,73,3082,0.059544062606328683,0.41714285714285715
whale_volume,expanding_top1_primary,64,1897389,0,1,687,261,209,1887,0.3799126637554585,0.8007662835249042
whale_volume,expanding_top1_primary,64,1897389,1,0,6,0,0,7,0.0,
whale_volume,expanding_top1_primary,64,1897389,1,1,29,5,4,105,0.1724137931034483,0.8
whale_volume,expanding_top1_primary,64,1897390,0,0,2214,95,50,2339,0.04290876242095754,0.5263157894736842
whale_volume,expanding_top1_primary,64,1897390,0,1,599,244,199,1114,0.4073455759599332,0.8155737704918032
whale_volume,expanding_top1_primary,64,1897390,1,1,38,9,9,70,0.23684210526315788,1.0
whale_volume,expanding_top1_primary,64,1897392,0,0,11076,410,220,11844,0.037016973636691944,0.5365853658536586
whale_volume,expanding_top1_primary,64,1897392,0,1,1790,701,456,5110,0.3916201117318436,0.6504992867332382
whale_volume,expanding_top1_primary,64,1897392,1,0,21,1,1,21,0.047619047619047616,1.0
whale_volume,expanding_top1_primary,64,1897392,1,1,109,10,8,4020,0.09174311926605505,0.8
whale_volume,expanding_top1_primary,65,1897397,0,0,6816,239,138,7118,0.03506455399061033,0.5774058577405857
whale_volume,expanding_top1_primary,65,1897397,0,1,1107,399,246,2989,0.3604336043360434,0.6165413533834586
whale_volume,expanding_top1_primary,65,1897397,1,0,7,0,0,8,0.0,
whale_volume,expanding_top1_primary,65,1897397,1,1,70,3,2,1119,0.04285714285714286,0.6666666666666666
whale_volume,expanding_top1_primary,65,1897398,0,0,2045,61,35,2186,0.02982885085574572,0.5737704918032787
whale_volume,expanding_top1_primary,65,1897398,0,1,426,130,100,774,0.3051643192488263,0.7692307692307693
whale_volume,expanding_top1_primary,65,1897398,1,1,19,3,2,64,0.15789473684210525,0.6666666666666666
whale_volume,expanding_top1_primary,65,1897399,0,0,2269,118,76,2417,0.05200528867342442,0.6440677966101694
whale_volume,expanding_top1_primary,65,1897399,0,1,499,157,98,777,0.31462925851703405,0.6242038216560509
whale_volume,expanding_top1_primary,65,1897399,1,0,1,0,0,1,0.0,
whale_volume,expanding_top1_primary,65,1897399,1,1,24,6,4,159,0.25,0.6666666666666666
whale_volume,expanding_top1_primary,66,1897406,0,0,2132,185,82,2521,0.08677298311444653,0.44324324324324327
whale_volume,expanding_top1_primary,66,1897406,0,1,513,149,114,1157,0.290448343079922,0.7651006711409396
whale_volume,expanding_top1_primary,66,1897406,1,0,2,0,0,2,0.0,
whale_volume,expanding_top1_primary,66,1897406,1,1,16,2,2,50,0.125,1.0
whale_volume,expanding_top1_primary,66,1897408,0,0,1791,92,50,2143,0.0513679508654383,0.5434782608695652
whale_volume,expanding_top1_primary,66,1897408,0,1,366,98,81,716,0.2677595628415301,0.826530612244898
whale_volume,expanding_top1_primary,66,1897408,1,0,7,2,2,8,0.2857142857142857,1.0
whale_volume,expanding_top1_primary,66,1897408,1,1,9,1,1,27,0.1111111111111111,1.0
whale_volume,expanding_top1_primary,66,1897409,0,0,3333,168,126,3954,0.050405040504050404,0.75
whale_volume,expanding_top1_primary,66,1897409,0,1,575,141,105,837,0.24521739130434783,0.7446808510638298
whale_volume,expanding_top1_primary,66,1897409,1,0,1,0,0,1,0.0,
whale_volume,expanding_top1_primary,66,1897409,1,1,27,3,3,34,0.1111111111111111,1.0
whale_volume,expanding_top1_primary,67,1897423,0,0,7414,379,183,8190,0.05111950364175884,0.48284960422163586
whale_volume,expanding_top1_primary,67,1897423,0,1,1485,616,453,3528,0.4148148148148148,0.7353896103896104
whale_volume,expanding_top1_primary,67,1897423,1,0,6,0,0,14,0.0,
whale_volume,expanding_top1_primary,67,1897423,1,1,77,19,16,133,0.24675324675324675,0.8421052631578947
whale_volume,expanding_top1_primary,67,1897425,0,0,2673,57,29,2767,0.02132435465768799,0.5087719298245614
whale_volume,expanding_top1_primary,67,1897425,0,1,630,264,210,1087,0.41904761904761906,0.7954545454545454
whale_volume,expanding_top1_primary,67,1897425,1,0,4,0,0,4,0.0,
whale_volume,expanding_top1_primary,67,1897425,1,1,30,4,3,46,0.13333333333333333,0.75
whale_volume,expanding_top1_primary,67,1897427,0,0,3399,111,73,3580,0.03265666372462489,0.6576576576576577
whale_volume,expanding_top1_primary,67,1897427,0,1,732,244,188,1495,0.3333333333333333,0.7704918032786885
whale_volume,expanding_top1_primary,67,1897427,1,0,3,0,0,3,0.0,
whale_volume,expanding_top1_primary,67,1897427,1,1,29,2,1,55,0.06896551724137931,0.5
whale_volume,expanding_top1_primary,68,1897415,0,0,1955,266,66,2158,0.1360613810741688,0.24812030075187969
whale_volume,expanding_top1_primary,68,1897415,0,1,536,192,154,1083,0.3582089552238806,0.8020833333333334
whale_volume,expanding_top1_primary,68,1897415,1,0,1,0,0,1,0.0,
whale_volume,expanding_top1_primary,68,1897415,1,1,29,4,4,52,0.13793103448275862,1.0
whale_volume,expanding_top1_primary,68,1897416,0,0,1566,52,24,1634,0.033205619412515965,0.46153846153846156
whale_volume,expanding_top1_primary,68,1897416,0,1,405,145,122,768,0.35802469135802467,0.8413793103448276
whale_volume,expanding_top1_primary,68,1897416,1,0,1,0,0,1,0.0,
whale_volume,expanding_top1_primary,68,1897416,1,1,13,1,1,15,0.07692307692307693,1.0
whale_volume,expanding_top1_primary,68,1897417,0,0,5786,436,72,6149,0.07535430349118562,0.1651376146788991
whale_volume,expanding_top1_primary,68,1897417,0,1,1199,385,302,1719,0.3211009174311927,0.7844155844155845
whale_volume,expanding_top1_primary,68,1897417,1,0,4,0,0,9,0.0,
whale_volume,expanding_top1_primary,68,1897417,1,1,58,5,5,87,0.08620689655172414,1.0
whale_volume,expanding_top1_primary,69,1897432,0,0,3623,220,135,3992,0.060723157604195416,0.6136363636363636
whale_volume,expanding_top1_primary,69,1897432,0,1,791,286,191,3488,0.3615676359039191,0.6678321678321678
whale_volume,expanding_top1_primary,69,1897432,1,0,11,0,0,12,0.0,
whale_volume,expanding_top1_primary,69,1897432,1,1,44,4,3,435,0.09090909090909091,0.75
whale_volume,expanding_top1_primary,69,1897433,0,0,2700,80,46,2902,0.02962962962962963,0.575
whale_volume,expanding_top1_primary,69,1897433,0,1,667,256,196,1101,0.383808095952024,0.765625
whale_volume,expanding_top1_primary,69,1897433,1,1,15,1,0,21,0.06666666666666667,0.0
whale_volume,expanding_top1_primary,69,1897435,0,0,11135,514,250,12290,0.046160754378087115,0.48638132295719844
whale_volume,expanding_top1_primary,69,1897435,0,1,2171,934,651,7299,0.43021649009672963,0.6970021413276232
whale_volume,expanding_top1_primary,69,1897435,1,0,27,0,0,37,0.0,
whale_volume,expanding_top1_primary,69,1897435,1,1,126,19,13,2757,0.15079365079365079,0.6842105263157895
whale_volume,expanding_top1_primary,70,1897437,0,0,5954,258,142,6536,0.04333221363789049,0.5503875968992248
whale_volume,expanding_top1_primary,70,1897437,0,1,1402,698,528,2961,0.4978601997146933,0.7564469914040115
whale_volume,expanding_top1_primary,70,1897437,1,0,5,0,0,5,0.0,
whale_volume,expanding_top1_primary,70,1897437,1,1,50,9,8,336,0.18,0.8888888888888888
whale_volume,expanding_top1_primary,70,1897438,0,0,1343,29,13,1403,0.021593447505584513,0.4482758620689655
whale_volume,expanding_top1_primary,70,1897438,0,1,247,53,41,406,0.2145748987854251,0.7735849056603774
whale_volume,expanding_top1_primary,70,1897438,1,1,5,0,0,12,0.0,
whale_volume,expanding_top1_primary,70,1897439,0,0,1202,38,24,1324,0.03161397670549085,0.631578947368421
whale_volume,expanding_top1_primary,70,1897439,0,1,296,46,31,441,0.1554054054054054,0.6739130434782609
whale_volume,expanding_top1_primary,70,1897439,1,0,3,0,0,3,0.0,
whale_volume,expanding_top1_primary,70,1897439,1,1,9,0,0,11,0.0,
whale_volume,expanding_top1_primary,71,1897443,0,0,2224,119,55,2524,0.05350719424460432,0.46218487394957986
whale_volume,expanding_top1_primary,71,1897443,0,1,516,99,56,1183,0.19186046511627908,0.5656565656565656
whale_volume,expanding_top1_primary,71,1897443,1,0,3,0,0,10,0.0,
whale_volume,expanding_top1_primary,71,1897443,1,1,19,2,2,36,0.10526315789473684,1.0
whale_volume,expanding_top1_primary,71,1897444,0,0,3369,141,75,3860,0.041852181656277826,0.5319148936170213
whale_volume,expanding_top1_primary,71,1897444,0,1,724,219,151,2346,0.30248618784530384,0.6894977168949772
whale_volume,expanding_top1_primary,71,1897444,1,0,3,0,0,3,0.0,
whale_volume,expanding_top1_primary,71,1897444,1,1,26,5,5,50,0.19230769230769232,1.0
whale_volume,expanding_top1_primary,71,1897445,0,0,4338,160,106,5021,0.036883356385431075,0.6625
whale_volume,expanding_top1_primary,71,1897445,0,1,757,222,171,3063,0.29326287978863935,0.7702702702702703
whale_volume,expanding_top1_primary,71,1897445,1,0,2,0,0,2,0.0,
whale_volume,expanding_top1_primary,71,1897445,1,1,28,5,4,490,0.17857142857142858,0.8
whale_volume,expanding_top1_primary,72,1897440,0,0,1384,117,35,1489,0.08453757225433527,0.29914529914529914
whale_volume,expanding_top1_primary,72,1897440,0,1,639,197,152,881,0.3082942097026604,0.7715736040609137
whale_volume,expanding_top1_primary,72,1897440,1,1,24,2,1,34,0.08333333333333333,0.5
whale_volume,expanding_top1_primary,72,1897441,0,0,1176,43,23,1218,0.036564625850340135,0.5348837209302325
whale_volume,expanding_top1_primary,72,1897441,0,1,294,87,73,436,0.29591836734693877,0.8390804597701149
whale_volume,expanding_top1_primary,72,1897441,1,1,12,0,0,15,0.0,
whale_volume,expanding_top1_primary,72,1897442,0,0,8059,1308,102,8384,0.1623030152624395,0.0779816513761468
whale_volume,expanding_top1_primary,72,1897442,0,1,1421,445,343,3554,0.3131597466572836,0.7707865168539326
whale_volume,expanding_top1_primary,72,1897442,1,0,5,0,0,6,0.0,
whale_volume,expanding_top1_primary,72,1897442,1,1,66,8,6,648,0.12121212121212122,0.75
whale_volume,expanding_top1_primary,73,2680253,0,0,3969,174,78,4164,0.04383975812547241,0.4482758620689655
whale_volume,expanding_top1_primary,73,2680253,0,1,739,370,261,1524,0.5006765899864682,0.7054054054054054
whale_volume,expanding_top1_primary,73,2680253,1,0,2,1,1,2,0.5,1.0
whale_volume,expanding_top1_primary,73,2680253,1,1,22,0,0,27,0.0,
whale_volume,expanding_top1_primary,73,2680256,0,0,2352,127,81,2796,0.05399659863945578,0.6377952755905512
whale_volume,expanding_top1_primary,73,2680256,0,1,604,309,229,1033,0.5115894039735099,0.7411003236245954
whale_volume,expanding_top1_primary,73,2680256,1,0,4,0,0,6,0.0,
whale_volume,expanding_top1_primary,73,2680256,1,1,23,2,2,66,0.08695652173913043,1.0
whale_volume,expanding_top1_primary,73,2680257,0,0,9867,463,262,11434,0.04692409040235127,0.5658747300215983
whale_volume,expanding_top1_primary,73,2680257,0,1,1763,777,505,4224,0.44072603516732844,0.6499356499356499
whale_volume,expanding_top1_primary,73,2680257,1,0,9,1,1,11,0.1111111111111111,1.0
whale_volume,expanding_top1_primary,73,2680257,1,1,88,11,9,257,0.125,0.8181818181818182
whale_volume,expanding_top1_primary,74,2690979,0,0,16460,704,298,16942,0.042770352369380316,0.42329545454545453
whale_volume,expanding_top1_primary,74,2690979,0,1,3216,1812,974,6654,0.5634328358208955,0.5375275938189845
whale_volume,expanding_top1_primary,74,2690979,1,0,30,4,3,32,0.13333333333333333,0.75
whale_volume,expanding_top1_primary,74,2690979,1,1,145,15,11,435,0.10344827586206896,0.7333333333333333
whale_volume,expanding_top1_primary,74,2690981,0,0,3450,101,48,3529,0.029275362318840578,0.4752475247524752
whale_volume,expanding_top1_primary,74,2690981,0,1,848,431,312,1317,0.5082547169811321,0.7238979118329466
whale_volume,expanding_top1_primary,74,2690981,1,0,1,0,0,1,0.0,
whale_volume,expanding_top1_primary,74,2690981,1,1,30,2,2,37,0.06666666666666667,1.0
whale_volume,expanding_top1_primary,74,2690983,0,0,7893,250,145,8207,0.03167363486633726,0.58
whale_volume,expanding_top1_primary,74,2690983,0,1,1498,736,491,2442,0.49132176234979974,0.6671195652173914
whale_volume,expanding_top1_primary,74,2690983,1,0,17,1,1,19,0.058823529411764705,1.0
whale_volume,expanding_top1_primary,74,2690983,1,1,36,3,1,61,0.08333333333333333,0.3333333333333333
whale_volume,expanding_top1_primary,75,2707623,0,0,11483,394,229,12601,0.034311591047635634,0.5812182741116751
whale_volume,expanding_top1_primary,75,2707623,0,1,2022,963,721,3997,0.4762611275964392,0.7487019730010385
whale_volume,expanding_top1_primary,75,2707623,1,0,26,2,2,26,0.07692307692307693,1.0
whale_volume,expanding_top1_primary,75,2707623,1,1,106,15,13,177,0.14150943396226415,0.8666666666666667
whale_volume,expanding_top1_primary,75,2707625,0,0,1671,56,28,1820,0.033512866546977854,0.5
whale_volume,expanding_top1_primary,75,2707625,0,1,322,121,81,575,0.37577639751552794,0.6694214876033058
whale_volume,expanding_top1_primary,75,2707625,1,0,1,1,1,1,1.0,1.0
whale_volume,expanding_top1_primary,75,2707625,1,1,4,0,0,5,0.0,
whale_volume,expanding_top1_primary,75,2707627,0,0,2619,260,117,3046,0.09927453226422299,0.45
whale_volume,expanding_top1_primary,75,2707627,0,1,488,148,96,819,0.30327868852459017,0.6486486486486487
whale_volume,expanding_top1_primary,75,2707627,1,0,3,0,0,3,0.0,
whale_volume,expanding_top1_primary,75,2707627,1,1,28,3,1,30,0.10714285714285714,0.3333333333333333
whale_volume,expanding_top1_primary,76,2690992,0,0,9916,425,251,10298,0.042860024203307784,0.5905882352941176
whale_volume,expanding_top1_primary,76,2690992,0,1,1657,755,487,2695,0.4556427278213639,0.6450331125827815
whale_volume,expanding_top1_primary,76,2690992,1,0,16,4,1,16,0.25,0.25
whale_volume,expanding_top1_primary,76,2690992,1,1,79,7,4,168,0.08860759493670886,0.5714285714285714
whale_volume,expanding_top1_primary,76,2690994,0,0,3011,122,84,3103,0.04051810029890402,0.6885245901639344
whale_volume,expanding_top1_primary,76,2690994,0,1,613,277,181,875,0.45187601957585644,0.6534296028880866
whale_volume,expanding_top1_primary,76,2690994,1,0,6,1,0,6,0.16666666666666666,0.0
whale_volume,expanding_top1_primary,76,2690994,1,1,13,0,0,18,0.0,
whale_volume,expanding_top1_primary,76,2690996,0,0,4446,205,127,4631,0.04610886189833558,0.6195121951219512
whale_volume,expanding_top1_primary,76,2690996,0,1,765,293,167,1041,0.38300653594771245,0.5699658703071673
whale_volume,expanding_top1_primary,76,2690996,1,0,4,0,0,4,0.0,
whale_volume,expanding_top1_primary,76,2690996,1,1,23,4,2,45,0.17391304347826086,0.5
whale_volume,expanding_top1_primary,77,2707636,0,0,3490,173,56,3584,0.0495702005730659,0.3236994219653179
whale_volume,expanding_top1_primary,77,2707636,0,1,592,260,155,796,0.4391891891891892,0.5961538461538461
whale_volume,expanding_top1_primary,77,2707636,1,0,6,0,0,6,0.0,
whale_volume,expanding_top1_primary,77,2707636,1,1,28,2,2,40,0.07142857142857142,1.0
whale_volume,expanding_top1_primary,77,2707637,0,0,2573,77,42,2664,0.029926156237854645,0.5454545454545454
whale_volume,expanding_top1_primary,77,2707637,0,1,542,240,188,809,0.44280442804428044,0.7833333333333333
whale_volume,expanding_top1_primary,77,2707637,1,0,3,1,1,3,0.3333333333333333,1.0
whale_volume,expanding_top1_primary,77,2707637,1,1,23,6,5,37,0.2608695652173913,0.8333333333333334
whale_volume,expanding_top1_primary,77,2707639,0,0,12242,543,347,13267,0.04435549746773403,0.6390423572744015
whale_volume,expanding_top1_primary,77,2707639,0,1,2398,1221,704,5870,0.5091743119266054,0.5765765765765766
whale_volume,expanding_top1_primary,77,2707639,1,0,16,2,2,17,0.125,1.0
whale_volume,expanding_top1_primary,77,2707639,1,1,108,14,11,1521,0.12962962962962962,0.7857142857142857
whale_volume,expanding_top1_primary,78,2707644,0,0,13194,514,245,13739,0.0389571017128998,0.4766536964980545
whale_volume,expanding_top1_primary,78,2707644,0,1,2607,1124,888,4355,0.4311469121595704,0.7900355871886121
whale_volume,expanding_top1_primary,78,2707644,1,0,12,0,0,14,0.0,
whale_volume,expanding_top1_primary,78,2707644,1,1,101,17,11,230,0.16831683168316833,0.6470588235294118
whale_volume,expanding_top1_primary,78,2707646,0,0,1937,67,27,1995,0.03458957150232318,0.40298507462686567
whale_volume,expanding_top1_primary,78,2707646,0,1,369,157,123,482,0.4254742547425474,0.7834394904458599
whale_volume,expanding_top1_primary,78,2707646,1,0,2,0,0,2,0.0,
whale_volume,expanding_top1_primary,78,2707646,1,1,11,0,0,16,0.0,
whale_volume,expanding_top1_primary,78,2707648,0,0,2839,288,122,3011,0.10144417048256428,0.4236111111111111
whale_volume,expanding_top1_primary,78,2707648,0,1,497,195,136,678,0.39235412474849096,0.6974358974358974
whale_volume,expanding_top1_primary,78,2707648,1,0,4,0,0,4,0.0,
whale_volume,expanding_top1_primary,78,2707648,1,1,28,2,2,34,0.07142857142857142,1.0
whale_volume,expanding_top1_primary,79,2718892,0,0,9298,379,230,9706,0.040761454076145405,0.6068601583113457
whale_volume,expanding_top1_primary,79,2718892,0,1,1448,624,437,3689,0.430939226519337,0.7003205128205128
whale_volume,expanding_top1_primary,79,2718892,1,0,16,0,0,22,0.0,
whale_volume,expanding_top1_primary,79,2718892,1,1,70,9,4,2444,0.12857142857142856,0.4444444444444444
whale_volume,expanding_top1_primary,79,2718893,0,0,2871,80,51,2945,0.027864855451062348,0.6375
whale_volume,expanding_top1_primary,79,2718893,0,1,615,271,187,1061,0.44065040650406506,0.6900369003690037
whale_volume,expanding_top1_primary,79,2718893,1,0,12,9,9,31,0.75,1.0
whale_volume,expanding_top1_primary,79,2718893,1,1,16,0,0,19,0.0,
whale_volume,expanding_top1_primary,79,2718894,0,0,3381,109,60,3549,0.03223898254954156,0.5504587155963303
whale_volume,expanding_top1_primary,79,2718894,0,1,710,286,194,1045,0.4028169014084507,0.6783216783216783
whale_volume,expanding_top1_primary,79,2718894,1,0,2,0,0,2,0.0,
whale_volume,expanding_top1_primary,79,2718894,1,1,21,0,0,33,0.0,
whale_volume,expanding_top1_primary,80,2718900,0,0,9490,600,154,9831,0.06322444678609063,0.25666666666666665
whale_volume,expanding_top1_primary,80,2718900,0,1,1657,730,507,3238,0.4405552202776101,0.6945205479452055
whale_volume,expanding_top1_primary,80,2718900,1,0,14,1,1,14,0.07142857142857142,1.0
whale_volume,expanding_top1_primary,80,2718900,1,1,47,7,6,165,0.14893617021276595,0.8571428571428571
whale_volume,expanding_top1_primary,80,2718902,0,0,2504,155,24,2548,0.06190095846645367,0.15483870967741936
whale_volume,expanding_top1_primary,80,2718902,0,1,452,225,169,703,0.497787610619469,0.7511111111111111
whale_volume,expanding_top1_primary,80,2718902,1,0,6,0,0,6,0.0,
whale_volume,expanding_top1_primary,80,2718902,1,1,13,1,0,16,0.07692307692307693,0.0
whale_volume,expanding_top1_primary,80,2718903,0,0,2949,172,61,3043,0.05832485588335029,0.3546511627906977
whale_volume,expanding_top1_primary,80,2718903,0,1,645,313,201,1083,0.48527131782945737,0.6421725239616614
whale_volume,expanding_top1_primary,80,2718903,1,0,2,0,0,2,0.0,
whale_volume,expanding_top1_primary,80,2718903,1,1,23,4,4,36,0.17391304347826086,1.0
whale_volume,expanding_top1_primary,81,2718907,0,0,8140,424,284,8671,0.052088452088452086,0.6698113207547169
whale_volume,expanding_top1_primary,81,2718907,0,1,1648,814,507,3124,0.49393203883495146,0.6228501228501229
whale_volume,expanding_top1_primary,81,2718907,1,0,27,10,10,58,0.37037037037037035,1.0
whale_volume,expanding_top1_primary,81,2718907,1,1,56,9,8,185,0.16071428571428573,0.8888888888888888
whale_volume,expanding_top1_primary,81,2718908,0,0,3186,165,131,3325,0.051789077212806026,0.793939393939394
whale_volume,expanding_top1_primary,81,2718908,0,1,606,297,231,1070,0.4900990099009901,0.7777777777777778
whale_volume,expanding_top1_primary,81,2718908,1,0,4,0,0,4,0.0,
whale_volume,expanding_top1_primary,81,2718908,1,1,14,1,0,19,0.07142857142857142,0.0
whale_volume,expanding_top1_primary,81,2718910,0,0,5694,297,185,6028,0.052160168598524764,0.622895622895623
whale_volume,expanding_top1_primary,81,2718910,0,1,943,461,336,2251,0.48886532343584305,0.7288503253796096
whale_volume,expanding_top1_primary,81,2718910,1,0,6,1,0,7,0.16666666666666666,0.0
whale_volume,expanding_top1_primary,81,2718910,1,1,20,4,3,91,0.2,0.75
whale_volume,expanding_top1_primary,82,2690999,0,0,8999,322,122,9387,0.0357817535281698,0.37888198757763975
whale_volume,expanding_top1_primary,82,2690999,0,1,1795,800,581,3314,0.4456824512534819,0.72625
whale_volume,expanding_top1_primary,82,2690999,1,0,14,0,0,15,0.0,
whale_volume,expanding_top1_primary,82,2690999,1,1,65,12,9,1131,0.18461538461538463,0.75
whale_volume,expanding_top1_primary,82,2691003,0,0,2000,46,23,2049,0.023,0.5
whale_volume,expanding_top1_primary,82,2691003,0,1,366,122,91,472,0.3333333333333333,0.7459016393442623
whale_volume,expanding_top1_primary,82,2691003,1,0,4,0,0,4,0.0,
whale_volume,expanding_top1_primary,82,2691003,1,1,9,2,1,13,0.2222222222222222,0.5
whale_volume,expanding_top1_primary,82,2691004,0,0,3402,96,50,3601,0.02821869488536155,0.5208333333333334
whale_volume,expanding_top1_primary,82,2691004,0,1,575,177,135,922,0.30782608695652175,0.7627118644067796
whale_volume,expanding_top1_primary,82,2691004,1,0,4,0,0,4,0.0,
whale_volume,expanding_top1_primary,82,2691004,1,1,26,2,2,47,0.07692307692307693,1.0
whale_volume,expanding_top1_primary,83,2718913,0,0,10641,483,152,11069,0.045390470820411616,0.3146997929606625
whale_volume,expanding_top1_primary,83,2718913,0,1,1961,900,660,4396,0.4589495155532891,0.7333333333333333
whale_volume,expanding_top1_primary,83,2718913,1,0,14,0,0,14,0.0,
whale_volume,expanding_top1_primary,83,2718913,1,1,81,10,8,330,0.12345679012345678,0.8
whale_volume,expanding_top1_primary,83,2718914,0,0,2059,127,26,2125,0.06168042739193783,0.2047244094488189
whale_volume,expanding_top1_primary,83,2718914,0,1,515,221,177,806,0.429126213592233,0.8009049773755657
whale_volume,expanding_top1_primary,83,2718914,1,0,1,0,0,1,0.0,
whale_volume,expanding_top1_primary,83,2718914,1,1,17,2,2,55,0.11764705882352941,1.0
whale_volume,expanding_top1_primary,83,2718915,0,0,3056,145,49,3141,0.04744764397905759,0.33793103448275863
whale_volume,expanding_top1_primary,83,2718915,0,1,574,248,207,921,0.43205574912891986,0.8346774193548387
whale_volume,expanding_top1_primary,83,2718915,1,0,5,0,0,5,0.0,
whale_volume,expanding_top1_primary,83,2718915,1,1,26,3,3,30,0.11538461538461539,1.0
whale_volume,expanding_top1_primary,84,2718919,0,0,12074,1495,143,12294,0.12381977803544807,0.09565217391304348
whale_volume,expanding_top1_primary,84,2718919,0,1,1740,748,500,3362,0.4298850574712644,0.6684491978609626
whale_volume,expanding_top1_primary,84,2718919,1,0,7,0,0,9,0.0,
whale_volume,expanding_top1_primary,84,2718919,1,1,90,14,10,744,0.15555555555555556,0.7142857142857143
whale_volume,expanding_top1_primary,84,2718920,0,0,3787,153,63,4027,0.040401373118563504,0.4117647058823529
whale_volume,expanding_top1_primary,84,2718920,0,1,813,358,278,1618,0.4403444034440344,0.776536312849162
whale_volume,expanding_top1_primary,84,2718920,1,0,10,2,2,10,0.2,1.0
whale_volume,expanding_top1_primary,84,2718920,1,1,34,4,3,161,0.11764705882352941,0.75
whale_volume,expanding_top1_primary,84,2718922,0,0,5136,225,98,5275,0.04380841121495327,0.43555555555555553
whale_volume,expanding_top1_primary,84,2718922,0,1,966,416,312,1317,0.4306418219461698,0.75
whale_volume,expanding_top1_primary,84,2718922,1,0,9,3,3,10,0.3333333333333333,1.0
whale_volume,expanding_top1_primary,84,2718922,1,1,31,5,4,53,0.16129032258064516,0.8
whale_volume,expanding_top1_primary,85,2718925,0,0,8351,294,177,8584,0.03520536462699078,0.6020408163265306
whale_volume,expanding_top1_primary,85,2718925,0,1,1580,763,546,3414,0.4829113924050633,0.7155963302752294
whale_volume,expanding_top1_primary,85,2718925,1,0,10,1,1,10,0.1,1.0
whale_volume,expanding_top1_primary,85,2718925,1,1,86,6,5,228,0.06976744186046512,0.8333333333333334
whale_volume,expanding_top1_primary,85,2718926,0,0,2208,60,32,2297,0.02717391304347826,0.5333333333333333
whale_volume,expanding_top1_primary,85,2718926,0,1,477,182,141,835,0.38155136268343814,0.7747252747252747
whale_volume,expanding_top1_primary,85,2718926,1,0,3,0,0,3,0.0,
whale_volume,expanding_top1_primary,85,2718926,1,1,10,0,0,35,0.0,
whale_volume,expanding_top1_primary,85,2718928,0,0,2572,97,52,2638,0.03771384136858476,0.5360824742268041
whale_volume,expanding_top1_primary,85,2718928,0,1,508,156,118,802,0.30708661417322836,0.7564102564102564
whale_volume,expanding_top1_primary,85,2718928,1,0,3,2,0,3,0.6666666666666666,0.0
whale_volume,expanding_top1_primary,85,2718928,1,1,18,3,3,21,0.16666666666666666,1.0
whale_volume,expanding_top1_primary,86,2707653,0,0,4242,228,90,4437,0.05374823196605375,0.39473684210526316
whale_volume,expanding_top1_primary,86,2707653,0,1,928,427,266,1739,0.46012931034482757,0.6229508196721312
whale_volume,expanding_top1_primary,86,2707653,1,0,7,0,0,8,0.0,
whale_volume,expanding_top1_primary,86,2707653,1,1,32,4,3,48,0.125,0.75
whale_volume,expanding_top1_primary,86,2707655,0,0,2873,138,63,2969,0.048033414549251655,0.45652173913043476
whale_volume,expanding_top1_primary,86,2707655,0,1,625,278,203,839,0.4448,0.7302158273381295
whale_volume,expanding_top1_primary,86,2707655,1,0,2,0,0,4,0.0,
whale_volume,expanding_top1_primary,86,2707655,1,1,14,1,1,26,0.07142857142857142,1.0
whale_volume,expanding_top1_primary,86,2707656,0,0,8468,441,190,8945,0.05207841284837034,0.4308390022675737
whale_volume,expanding_top1_primary,86,2707656,0,1,1435,616,435,3614,0.4292682926829268,0.7061688311688312
whale_volume,expanding_top1_primary,86,2707656,1,0,14,0,0,14,0.0,
whale_volume,expanding_top1_primary,86,2707656,1,1,64,9,6,362,0.140625,0.6666666666666666
whale_volume,expanding_top1_primary,87,2707658,0,0,18935,5078,257,20003,0.26818061790335357,0.050610476565576996
whale_volume,expanding_top1_primary,87,2707658,0,1,2403,945,657,3387,0.39325842696629215,0.6952380952380952
whale_volume,expanding_top1_primary,87,2707658,1,0,54,6,6,64,0.1111111111111111,1.0
whale_volume,expanding_top1_primary,87,2707658,1,1,107,17,13,364,0.1588785046728972,0.7647058823529411
whale_volume,expanding_top1_primary,87,2707659,0,0,4177,167,90,4306,0.03998084749820445,0.5389221556886228
whale_volume,expanding_top1_primary,87,2707659,0,1,1134,522,398,1727,0.4603174603174603,0.7624521072796935
whale_volume,expanding_top1_primary,87,2707659,1,0,3,0,0,4,0.0,
whale_volume,expanding_top1_primary,87,2707659,1,1,8,0,0,14,0.0,
whale_volume,expanding_top1_primary,87,2707660,0,0,7422,730,132,7745,0.09835623821072487,0.18082191780821918
whale_volume,expanding_top1_primary,87,2707660,0,1,2204,909,659,3186,0.41243194192377497,0.724972497249725
whale_volume,expanding_top1_primary,87,2707660,1,0,3,0,0,3,0.0,
whale_volume,expanding_top1_primary,87,2707660,1,1,52,4,4,83,0.07692307692307693,1.0
whale_volume,expanding_top1_primary,88,2718931,0,0,7980,239,103,8198,0.029949874686716792,0.4309623430962343
whale_volume,expanding_top1_primary,88,2718931,0,1,1335,546,374,2061,0.40898876404494383,0.684981684981685
whale_volume,expanding_top1_primary,88,2718931,1,0,12,0,0,14,0.0,
whale_volume,expanding_top1_primary,88,2718931,1,1,54,11,5,142,0.2037037037037037,0.45454545454545453
whale_volume,expanding_top1_primary,88,2718932,0,0,2269,64,33,2363,0.028206258263552227,0.515625
whale_volume,expanding_top1_primary,88,2718932,0,1,464,154,115,681,0.33189655172413796,0.7467532467532467
whale_volume,expanding_top1_primary,88,2718932,1,0,1,0,0,1,0.0,
whale_volume,expanding_top1_primary,88,2718932,1,1,14,0,0,23,0.0,
whale_volume,expanding_top1_primary,88,2718933,0,0,3019,86,38,3117,0.02848625372639947,0.4418604651162791
whale_volume,expanding_top1_primary,88,2718933,0,1,630,211,167,943,0.3349206349206349,0.7914691943127962
whale_volume,expanding_top1_primary,88,2718933,1,0,5,0,0,5,0.0,
whale_volume,expanding_top1_primary,88,2718933,1,1,15,2,2,27,0.13333333333333333,1.0
whale_volume,expanding_top1_primary,89,2740917,0,0,3932,226,91,4534,0.05747711088504578,0.4026548672566372
whale_volume,expanding_top1_primary,89,2740917,0,1,817,294,171,1194,0.3598531211750306,0.5816326530612245
whale_volume,expanding_top1_primary,89,2740917,1,0,8,0,0,13,0.0,
whale_volume,expanding_top1_primary,89,2740917,1,1,34,5,4,97,0.14705882352941177,0.8
whale_volume,expanding_top1_primary,89,2740919,0,0,2528,79,44,2624,0.03125,0.5569620253164557
whale_volume,expanding_top1_primary,89,2740919,0,1,612,224,172,847,0.3660130718954248,0.7678571428571429
whale_volume,expanding_top1_primary,89,2740919,1,0,6,2,2,6,0.3333333333333333,1.0
whale_volume,expanding_top1_primary,89,2740919,1,1,18,1,1,31,0.05555555555555555,1.0
whale_volume,expanding_top1_primary,89,2740921,0,0,13431,637,358,14321,0.04742759288213834,0.5620094191522763
whale_volume,expanding_top1_primary,89,2740921,0,1,2310,846,610,6098,0.36623376623376624,0.7210401891252955
whale_volume,expanding_top1_primary,89,2740921,1,0,20,1,0,24,0.05,0.0
whale_volume,expanding_top1_primary,89,2740921,1,1,131,12,12,1284,0.0916030534351145,1.0
whale_volume,expanding_top1_primary,90,2754625,0,0,3670,295,62,3801,0.08038147138964577,0.21016949152542372
whale_volume,expanding_top1_primary,90,2754625,0,1,551,188,134,925,0.3411978221415608,0.7127659574468085
whale_volume,expanding_top1_primary,90,2754625,1,0,2,0,0,2,0.0,
whale_volume,expanding_top1_primary,90,2754625,1,1,28,5,4,69,0.17857142857142858,0.8
whale_volume,expanding_top1_primary,90,2754627,0,0,2409,97,38,2499,0.0402656704026567,0.3917525773195876
whale_volume,expanding_top1_primary,90,2754627,0,1,527,246,217,760,0.4667931688804554,0.8821138211382114
whale_volume,expanding_top1_primary,90,2754627,1,1,8,0,0,13,0.0,
whale_volume,expanding_top1_primary,90,2754628,0,0,10012,1590,167,13860,0.15880942868557732,0.10503144654088051
whale_volume,expanding_top1_primary,90,2754628,0,1,1763,693,506,2650,0.39307997731140104,0.7301587301587301
whale_volume,expanding_top1_primary,90,2754628,1,0,17,0,0,17,0.0,
whale_volume,expanding_top1_primary,90,2754628,1,1,77,6,5,228,0.07792207792207792,0.8333333333333334
whale_volume,expanding_top1_primary,91,2754647,0,0,14459,1834,249,16870,0.12684141365239643,0.13576881134133043
whale_volume,expanding_top1_primary,91,2754647,0,1,2418,1181,828,6185,0.48842018196856907,0.7011007620660458
whale_volume,expanding_top1_primary,91,2754647,1,0,30,1,0,31,0.03333333333333333,0.0
whale_volume,expanding_top1_primary,91,2754647,1,1,103,19,15,212,0.18446601941747573,0.7894736842105263
whale_volume,expanding_top1_primary,91,2754649,0,0,3504,85,41,3612,0.024257990867579907,0.4823529411764706
whale_volume,expanding_top1_primary,91,2754649,0,1,848,350,272,1074,0.41273584905660377,0.7771428571428571
whale_volume,expanding_top1_primary,91,2754649,1,0,4,0,0,7,0.0,
whale_volume,expanding_top1_primary,91,2754649,1,1,16,2,2,28,0.125,1.0
whale_volume,expanding_top1_primary,91,2754651,0,0,7847,311,163,8699,0.03963298075697719,0.5241157556270096
whale_volume,expanding_top1_primary,91,2754651,0,1,1382,606,429,3826,0.4384949348769899,0.7079207920792079
whale_volume,expanding_top1_primary,91,2754651,1,0,3,0,0,3,0.0,
whale_volume,expanding_top1_primary,91,2754651,1,1,30,3,3,72,0.1,1.0
whale_volume,expanding_top1_primary,92,2766759,0,0,10536,459,237,11356,0.04356492027334852,0.5163398692810458
whale_volume,expanding_top1_primary,92,2766759,0,1,2250,1186,987,6064,0.5271111111111111,0.8322091062394603
whale_volume,expanding_top1_primary,92,2766759,1,0,20,2,1,25,0.1,0.5
whale_volume,expanding_top1_primary,92,2766759,1,1,115,24,21,2010,0.20869565217391303,0.875
whale_volume,expanding_top1_primary,92,2766760,0,0,4054,200,129,4408,0.0493339911198816,0.645
whale_volume,expanding_top1_primary,92,2766760,0,1,916,401,312,1602,0.43777292576419213,0.7780548628428927
whale_volume,expanding_top1_primary,92,2766760,1,0,3,0,0,3,0.0,
whale_volume,expanding_top1_primary,92,2766760,1,1,27,8,4,85,0.2962962962962963,0.5
whale_volume,expanding_top1_primary,92,2766762,0,0,9077,468,290,10252,0.051558885094194117,0.6196581196581197
whale_volume,expanding_top1_primary,92,2766762,0,1,1640,737,495,2582,0.44939024390243903,0.6716417910447762
whale_volume,expanding_top1_primary,92,2766762,1,0,9,1,1,11,0.1111111111111111,1.0
whale_volume,expanding_top1_primary,92,2766762,1,1,63,10,5,209,0.15873015873015872,0.5
whale_volume,expanding_top1_primary,93,2781973,0,0,9796,427,151,10434,0.043589220089832584,0.35362997658079626
whale_volume,expanding_top1_primary,93,2781973,0,1,1568,827,592,2726,0.5274234693877551,0.7158403869407497
whale_volume,expanding_top1_primary,93,2781973,1,0,22,2,1,29,0.09090909090909091,0.5
whale_volume,expanding_top1_primary,93,2781973,1,1,49,6,5,94,0.12244897959183673,0.8333333333333334
whale_volume,expanding_top1_primary,93,2781975,0,0,3752,79,36,3866,0.02105543710021322,0.45569620253164556
whale_volume,expanding_top1_primary,93,2781975,0,1,786,375,318,1202,0.4770992366412214,0.848
whale_volume,expanding_top1_primary,93,2781975,1,0,7,2,2,7,0.2857142857142857,1.0
whale_volume,expanding_top1_primary,93,2781975,1,1,28,6,6,45,0.21428571428571427,1.0
whale_volume,expanding_top1_primary,93,2781976,0,0,10609,577,217,12759,0.05438778395701763,0.37608318890814557
whale_volume,expanding_top1_primary,93,2781976,0,1,2052,958,611,3556,0.4668615984405458,0.6377870563674322
whale_volume,expanding_top1_primary,93,2781976,1,0,20,0,0,21,0.0,
whale_volume,expanding_top1_primary,93,2781976,1,1,98,18,13,151,0.1836734693877551,0.7222222222222222
whale_volume,expanding_top1_primary,94,2766773,0,0,10138,688,242,12966,0.06786348392187808,0.35174418604651164
whale_volume,expanding_top1_primary,94,2766773,0,1,1827,798,566,3949,0.4367816091954023,0.7092731829573935
whale_volume,expanding_top1_primary,94,2766773,1,0,19,0,0,20,0.0,
whale_volume,expanding_top1_primary,94,2766773,1,1,112,16,9,1634,0.14285714285714285,0.5625
whale_volume,expanding_top1_primary,94,2766774,0,0,3338,143,95,3530,0.042840023966446976,0.6643356643356644
whale_volume,expanding_top1_primary,94,2766774,0,1,890,323,252,1516,0.36292134831460676,0.7801857585139319
whale_volume,expanding_top1_primary,94,2766774,1,0,5,1,1,5,0.2,1.0
whale_volume,expanding_top1_primary,94,2766774,1,1,34,1,1,91,0.029411764705882353,1.0
whale_volume,expanding_top1_primary,94,2766776,0,0,6809,334,232,7762,0.04905272433543839,0.6946107784431138
whale_volume,expanding_top1_primary,94,2766776,0,1,1361,520,365,2226,0.38207200587803086,0.7019230769230769
whale_volume,expanding_top1_primary,94,2766776,1,0,5,0,0,6,0.0,
whale_volume,expanding_top1_primary,94,2766776,1,1,46,6,5,148,0.13043478260869565,0.8333333333333334
whale_volume,expanding_top1_primary,95,2793738,0,0,13028,1215,256,15760,0.09326066932760209,0.21069958847736625
whale_volume,expanding_top1_primary,95,2793738,0,1,2203,972,681,3696,0.44121652292328645,0.7006172839506173
whale_volume,expanding_top1_primary,95,2793738,1,0,40,0,0,42,0.0,
whale_volume,expanding_top1_primary,95,2793738,1,1,88,12,9,232,0.13636363636363635,0.75
whale_volume,expanding_top1_primary,95,2793739,0,0,2514,127,58,2693,0.05051710421638823,0.4566929133858268
whale_volume,expanding_top1_primary,95,2793739,0,1,768,223,183,1027,0.2903645833333333,0.820627802690583
whale_volume,expanding_top1_primary,95,2793739,1,0,4,1,1,4,0.25,1.0
whale_volume,expanding_top1_primary,95,2793739,1,1,39,1,1,56,0.02564102564102564,1.0
whale_volume,expanding_top1_primary,95,2793741,0,0,5522,656,122,5758,0.11879753712423036,0.18597560975609756
whale_volume,expanding_top1_primary,95,2793741,0,1,1001,437,380,1591,0.43656343656343655,0.8695652173913043
whale_volume,expanding_top1_primary,95,2793741,1,0,3,0,0,3,0.0,
whale_volume,expanding_top1_primary,95,2793741,1,1,31,4,4,92,0.12903225806451613,1.0
whale_volume,expanding_top1_primary,96,2793753,0,0,5106,270,128,5326,0.052878965922444184,0.4740740740740741
whale_volume,expanding_top1_primary,96,2793753,0,1,912,398,266,1652,0.43640350877192985,0.6683417085427136
whale_volume,expanding_top1_primary,96,2793753,1,0,10,1,1,12,0.1,1.0
whale_volume,expanding_top1_primary,96,2793753,1,1,31,4,2,71,0.12903225806451613,0.5
whale_volume,expanding_top1_primary,96,2793754,0,0,2697,150,111,2869,0.05561735261401557,0.74
whale_volume,expanding_top1_primary,96,2793754,0,1,629,266,220,1160,0.42289348171701113,0.8270676691729323
whale_volume,expanding_top1_primary,96,2793754,1,0,3,0,0,3,0.0,
whale_volume,expanding_top1_primary,96,2793754,1,1,17,6,6,71,0.35294117647058826,1.0
whale_volume,expanding_top1_primary,96,2793757,0,0,10176,567,304,14013,0.05571933962264151,0.5361552028218695
whale_volume,expanding_top1_primary,96,2793757,0,1,1665,716,517,2956,0.43003003003003004,0.7220670391061452
whale_volume,expanding_top1_primary,96,2793757,1,0,40,3,3,43,0.075,1.0
whale_volume,expanding_top1_primary,96,2793757,1,1,102,10,8,185,0.09803921568627451,0.8
whale_volume,expanding_top1_primary,97,2804853,0,0,19539,989,310,20256,0.05061671528737397,0.3134479271991911
whale_volume,expanding_top1_primary,97,2804853,0,1,3477,1665,1211,6507,0.47886108714408976,0.7273273273273273
whale_volume,expanding_top1_primary,97,2804853,1,0,42,4,2,45,0.09523809523809523,0.5
whale_volume,expanding_top1_primary,97,2804853,1,1,142,17,14,1084,0.11971830985915492,0.8235294117647058
whale_volume,expanding_top1_primary,97,2804855,0,0,3582,162,70,3734,0.04522613065326633,0.43209876543209874
whale_volume,expanding_top1_primary,97,2804855,0,1,1020,419,294,1374,0.4107843137254902,0.7016706443914081
whale_volume,expanding_top1_primary,97,2804855,1,0,17,1,0,18,0.058823529411764705,0.0
whale_volume,expanding_top1_primary,97,2804855,1,1,22,1,1,27,0.045454545454545456,1.0
whale_volume,expanding_top1_primary,97,2804857,0,0,8208,731,139,8505,0.08905945419103314,0.19015047879616964
whale_volume,expanding_top1_primary,97,2804857,0,1,1603,730,574,2281,0.45539613225202746,0.7863013698630137
whale_volume,expanding_top1_primary,97,2804857,1,0,19,2,2,21,0.10526315789473684,1.0
whale_volume,expanding_top1_primary,97,2804857,1,1,54,11,11,81,0.2037037037037037,1.0
whale_volume,expanding_top1_primary,98,2829164,0,0,17623,1856,360,19049,0.10531691539465471,0.1939655172413793
whale_volume,expanding_top1_primary,98,2829164,0,1,3372,1638,1243,8054,0.48576512455516013,0.7588522588522588
whale_volume,expanding_top1_primary,98,2829164,1,0,25,0,0,27,0.0,
whale_volume,expanding_top1_primary,98,2829164,1,1,144,26,24,279,0.18055555555555555,0.9230769230769231
whale_volume,expanding_top1_primary,98,2829166,0,0,2959,205,50,3034,0.06928016221696519,0.24390243902439024
whale_volume,expanding_top1_primary,98,2829166,0,1,895,378,303,1512,0.4223463687150838,0.8015873015873016
whale_volume,expanding_top1_primary,98,2829166,1,0,3,0,0,3,0.0,
whale_volume,expanding_top1_primary,98,2829166,1,1,36,2,2,47,0.05555555555555555,1.0
whale_volume,expanding_top1_primary,98,2829167,0,0,6233,476,177,7814,0.07636772019894111,0.37184873949579833
whale_volume,expanding_top1_primary,98,2829167,0,1,1359,561,464,1973,0.41280353200883,0.8270944741532977
whale_volume,expanding_top1_primary,98,2829167,1,0,13,2,2,15,0.15384615384615385,1.0
whale_volume,expanding_top1_primary,98,2829167,1,1,55,5,5,66,0.09090909090909091,1.0
whale_volume,expanding_top1_primary,99,2815441,0,0,20035,1479,441,21242,0.07382081357624158,0.29817444219066935
whale_volume,expanding_top1_primary,99,2815441,0,1,3675,1713,1319,5586,0.4661224489795918,0.7699941622883829
whale_volume,expanding_top1_primary,99,2815441,1,0,37,2,2,46,0.05405405405405406,1.0
whale_volume,expanding_top1_primary,99,2815441,1,1,108,23,21,346,0.21296296296296297,0.9130434782608695
whale_volume,expanding_top1_primary,99,2815442,0,0,4284,333,74,4488,0.07773109243697479,0.2222222222222222
whale_volume,expanding_top1_primary,99,2815442,0,1,1130,396,331,1481,0.3504424778761062,0.8358585858585859
whale_volume,expanding_top1_primary,99,2815442,1,0,3,1,1,3,0.3333333333333333,1.0
whale_volume,expanding_top1_primary,99,2815442,1,1,39,3,3,76,0.07692307692307693,1.0
whale_volume,expanding_top1_primary,99,2815444,0,0,12920,1670,271,13924,0.12925696594427244,0.16227544910179642
whale_volume,expanding_top1_primary,99,2815444,0,1,2466,1021,744,4083,0.4140308191403082,0.7286973555337904
whale_volume,expanding_top1_primary,99,2815444,1,0,23,4,4,31,0.17391304347826086,1.0
whale_volume,expanding_top1_primary,99,2815444,1,1,115,18,12,251,0.1565217391304348,0.6666666666666666
whale_volume,expanding_top1_primary,100,2844058,0,0,18860,2205,408,19915,0.11691410392364793,0.18503401360544217
whale_volume,expanding_top1_primary,100,2844058,0,1,3099,1304,1051,5786,0.4207808970635689,0.8059815950920245
whale_volume,expanding_top1_primary,100,2844058,1,0,49,3,2,52,0.061224489795918366,0.6666666666666666
whale_volume,expanding_top1_primary,100,2844058,1,1,175,22,14,459,0.12571428571428572,0.6363636363636364
whale_volume,expanding_top1_primary,100,2844059,0,0,2763,301,76,3019,0.10893955845095911,0.25249169435215946
whale_volume,expanding_top1_primary,100,2844059,0,1,595,201,141,908,0.3378151260504202,0.7014925373134329
whale_volume,expanding_top1_primary,100,2844059,1,0,7,0,0,7,0.0,
whale_volume,expanding_top1_primary,100,2844059,1,1,26,5,5,33,0.19230769230769232,1.0
whale_volume,expanding_top1_primary,100,2844060,0,0,4160,520,175,4546,0.125,0.33653846153846156
whale_volume,expanding_top1_primary,100,2844060,0,1,975,330,244,1494,0.3384615384615385,0.7393939393939394
whale_volume,expanding_top1_primary,100,2844060,1,0,4,0,0,4,0.0,
whale_volume,expanding_top1_primary,100,2844060,1,1,35,1,1,59,0.02857142857142857,1.0
whale_volume,expanding_top1_primary,101,2879968,0,0,17626,1146,387,18782,0.06501758765460115,0.337696335078534
whale_volume,expanding_top1_primary,101,2879968,0,1,3886,1915,1529,6801,0.4927946474523932,0.7984334203655352
whale_volume,expanding_top1_primary,101,2879968,1,0,37,4,2,45,0.10810810810810811,0.5
whale_volume,expanding_top1_primary,101,2879968,1,1,175,37,31,374,0.21142857142857144,0.8378378378378378
whale_volume,expanding_top1_primary,101,2879969,0,0,4056,239,67,4333,0.0589250493096647,0.2803347280334728
whale_volume,expanding_top1_primary,101,2879969,0,1,1258,495,379,1655,0.3934817170111288,0.7656565656565657
whale_volume,expanding_top1_primary,101,2879969,1,0,10,1,1,11,0.1,1.0
whale_volume,expanding_top1_primary,101,2879969,1,1,39,5,5,49,0.1282051282051282,1.0
whale_volume,expanding_top1_primary,101,2879970,0,0,5140,478,166,5521,0.09299610894941635,0.3472803347280335
whale_volume,expanding_top1_primary,101,2879970,0,1,1338,399,284,1664,0.2982062780269058,0.7117794486215538
whale_volume,expanding_top1_primary,101,2879970,1,0,7,0,0,10,0.0,
whale_volume,expanding_top1_primary,101,2879970,1,1,38,8,8,52,0.21052631578947367,1.0
whale_volume,expanding_top1_primary,102,2891165,0,0,9947,611,186,10409,0.06142555544385242,0.3044189852700491
whale_volume,expanding_top1_primary,102,2891165,0,1,2217,935,701,3409,0.4217410915651782,0.7497326203208556
whale_volume,expanding_top1_primary,102,2891165,1,0,22,5,4,33,0.22727272727272727,0.8
whale_volume,expanding_top1_primary,102,2891165,1,1,67,7,7,95,0.1044776119402985,1.0
whale_volume,expanding_top1_primary,102,2891166,0,0,3715,196,85,4046,0.052759084791386274,0.4336734693877551
whale_volume,expanding_top1_primary,102,2891166,0,1,970,304,248,1722,0.3134020618556701,0.8157894736842105
whale_volume,expanding_top1_primary,102,2891166,1,0,10,6,6,17,0.6,1.0
whale_volume,expanding_top1_primary,102,2891166,1,1,36,4,4,58,0.1111111111111111,1.0
whale_volume,expanding_top1_primary,102,2891167,0,0,9323,580,220,10026,0.06221173442025099,0.3793103448275862
whale_volume,expanding_top1_primary,102,2891167,0,1,2325,1009,797,3227,0.4339784946236559,0.7898909811694748
whale_volume,expanding_top1_primary,102,2891167,1,0,16,1,1,17,0.0625,1.0
whale_volume,expanding_top1_primary,102,2891167,1,1,43,5,3,78,0.11627906976744186,0.6
whale_volume,expanding_top1_primary,103,2941971,0,0,7187,461,222,7620,0.06414359259774594,0.48156182212581344
whale_volume,expanding_top1_primary,103,2941971,0,1,2788,1091,986,3997,0.3913199426111908,0.9037580201649863
whale_volume,expanding_top1_primary,103,2941971,1,0,16,0,0,16,0.0,
whale_volume,expanding_top1_primary,103,2941971,1,1,80,8,7,118,0.1,0.875
whale_volume,expanding_top1_primary,103,2941972,0,0,1615,106,33,1705,0.06563467492260062,0.3113207547169811
whale_volume,expanding_top1_primary,103,2941972,0,1,591,137,100,735,0.23181049069373943,0.7299270072992701
whale_volume,expanding_top1_primary,103,2941972,1,0,3,0,0,3,0.0,
whale_volume,expanding_top1_primary,103,2941972,1,1,25,1,1,29,0.04,1.0
whale_volume,expanding_top1_primary,103,2941973,0,0,2965,286,65,3163,0.09645868465430017,0.22727272727272727
whale_volume,expanding_top1_primary,103,2941973,0,1,1253,333,281,1575,0.2657621707901037,0.8438438438438438
whale_volume,expanding_top1_primary,103,2941973,1,0,1,0,0,1,0.0,
whale_volume,expanding_top1_primary,103,2941973,1,1,18,2,2,25,0.1111111111111111,1.0
whale_volume,expanding_top1_primary,104,2941974,0,0,6206,378,134,6470,0.06090879793747986,0.3544973544973545
whale_volume,expanding_top1_primary,104,2941974,0,1,1996,662,520,2631,0.3316633266533066,0.7854984894259819
whale_volume,expanding_top1_primary,104,2941974,1,0,23,1,1,28,0.043478260869565216,1.0
whale_volume,expanding_top1_primary,104,2941974,1,1,62,6,5,111,0.0967741935483871,0.8333333333333334
whale_volume,expanding_top1_primary,104,2941975,0,0,2910,209,132,3057,0.0718213058419244,0.631578947368421
whale_volume,expanding_top1_primary,104,2941975,0,1,563,91,77,621,0.16163410301953818,0.8461538461538461
whale_volume,expanding_top1_primary,104,2941975,1,0,8,1,1,8,0.125,1.0
whale_volume,expanding_top1_primary,104,2941975,1,1,21,2,2,26,0.09523809523809523,1.0
whale_volume,expanding_top1_primary,104,2941976,0,0,8546,644,354,9151,0.07535689211326936,0.5496894409937888
whale_volume,expanding_top1_primary,104,2941976,0,1,3740,1799,1685,5789,0.48101604278074866,0.9366314619232907
whale_volume,expanding_top1_primary,104,2941976,1,0,27,2,2,33,0.07407407407407407,1.0
whale_volume,expanding_top1_primary,104,2941976,1,1,90,22,21,200,0.24444444444444444,0.9545454545454546
whale_volume,rolling7_top1,12,1897067,0,0,3162,144,91,3596,0.04554079696394687,0.6319444444444444
whale_volume,rolling7_top1,12,1897067,0,1,340,170,96,4440,0.5,0.5647058823529412
whale_volume,rolling7_top1,12,1897067,1,0,13,1,1,13,0.07692307692307693,1.0
whale_volume,rolling7_top1,12,1897067,1,1,35,8,8,125,0.22857142857142856,1.0
whale_volume,rolling7_top1,12,1897068,0,0,569,25,13,625,0.043936731107205626,0.52
whale_volume,rolling7_top1,12,1897068,0,1,110,60,41,315,0.5454545454545454,0.6833333333333333
whale_volume,rolling7_top1,12,1897068,1,0,6,0,0,7,0.0,
whale_volume,rolling7_top1,12,1897068,1,1,3,0,0,15,0.0,
whale_volume,rolling7_top1,12,1897069,0,0,691,33,12,775,0.04775687409551375,0.36363636363636365
whale_volume,rolling7_top1,12,1897069,0,1,120,72,36,619,0.6,0.5
whale_volume,rolling7_top1,12,1897069,1,0,1,0,0,1,0.0,
whale_volume,rolling7_top1,12,1897069,1,1,16,0,0,28,0.0,
whale_volume,rolling7_top1,13,1897070,0,0,6659,347,148,7079,0.052109926415377684,0.4265129682997118
whale_volume,rolling7_top1,13,1897070,0,1,1111,631,425,2571,0.5679567956795679,0.6735340729001584
whale_volume,rolling7_top1,13,1897070,1,0,63,9,8,73,0.14285714285714285,0.8888888888888888
whale_volume,rolling7_top1,13,1897070,1,1,52,12,8,646,0.23076923076923078,0.6666666666666666
whale_volume,rolling7_top1,13,1897071,0,0,1403,58,32,1497,0.041339985744832504,0.5517241379310345
whale_volume,rolling7_top1,13,1897071,0,1,511,289,213,996,0.5655577299412916,0.7370242214532872
whale_volume,rolling7_top1,13,1897071,1,0,2,1,1,2,0.5,1.0
whale_volume,rolling7_top1,13,1897071,1,1,21,5,5,54,0.23809523809523808,1.0
whale_volume,rolling7_top1,13,1897072,0,0,1846,140,95,2260,0.07583965330444203,0.6785714285714286
whale_volume,rolling7_top1,13,1897072,0,1,1003,489,342,2307,0.48753738783649053,0.6993865030674846
whale_volume,rolling7_top1,13,1897072,1,0,12,0,0,13,0.0,
whale_volume,rolling7_top1,13,1897072,1,1,44,11,7,74,0.25,0.6363636363636364
whale_volume,rolling7_top1,14,1897073,0,0,9514,466,279,11112,0.04898044986335926,0.5987124463519313
whale_volume,rolling7_top1,14,1897073,0,1,1478,871,588,4250,0.5893098782138024,0.6750861079219288
whale_volume,rolling7_top1,14,1897073,1,0,24,2,2,24,0.08333333333333333,1.0
whale_volume,rolling7_top1,14,1897073,1,1,73,22,20,415,0.3013698630136986,0.9090909090909091
whale_volume,rolling7_top1,14,1897074,0,0,2676,84,39,3059,0.03139013452914798,0.4642857142857143
whale_volume,rolling7_top1,14,1897074,0,1,489,285,219,866,0.5828220858895705,0.7684210526315789
whale_volume,rolling7_top1,14,1897074,1,0,5,0,0,5,0.0,
whale_volume,rolling7_top1,14,1897074,1,1,14,2,1,28,0.14285714285714285,0.5
whale_volume,rolling7_top1,14,1897075,0,0,2650,103,57,3004,0.038867924528301886,0.5533980582524272
whale_volume,rolling7_top1,14,1897075,0,1,499,266,171,825,0.533066132264529,0.6428571428571429
whale_volume,rolling7_top1,14,1897075,1,0,6,0,0,6,0.0,
whale_volume,rolling7_top1,14,1897075,1,1,23,4,2,32,0.17391304347826086,0.5
whale_volume,rolling7_top1,15,1897076,0,0,3351,132,75,3470,0.03939122649955237,0.5681818181818182
whale_volume,rolling7_top1,15,1897076,0,1,584,312,217,916,0.5342465753424658,0.6955128205128205
whale_volume,rolling7_top1,15,1897076,1,0,7,0,0,10,0.0,
whale_volume,rolling7_top1,15,1897076,1,1,18,1,0,26,0.05555555555555555,0.0
whale_volume,rolling7_top1,15,1897077,0,0,2524,102,70,2700,0.04041204437400951,0.6862745098039216
whale_volume,rolling7_top1,15,1897077,0,1,517,270,194,1141,0.5222437137330754,0.7185185185185186
whale_volume,rolling7_top1,15,1897077,1,0,10,0,0,38,0.0,
whale_volume,rolling7_top1,15,1897077,1,1,21,6,6,40,0.2857142857142857,1.0
whale_volume,rolling7_top1,15,1897078,0,0,6257,308,173,7004,0.04922486814767461,0.5616883116883117
whale_volume,rolling7_top1,15,1897078,0,1,972,526,370,1680,0.5411522633744856,0.7034220532319392
whale_volume,rolling7_top1,15,1897078,1,0,21,1,1,57,0.047619047619047616,1.0
whale_volume,rolling7_top1,15,1897078,1,1,44,9,7,191,0.20454545454545456,0.7777777777777778
whale_volume,rolling7_top1,16,1897079,0,0,7061,395,238,7991,0.055941084832176746,0.6025316455696202
whale_volume,rolling7_top1,16,1897079,0,1,1362,793,539,2711,0.5822320117474302,0.6796973518284993
whale_volume,rolling7_top1,16,1897079,1,0,20,0,0,21,0.0,
whale_volume,rolling7_top1,16,1897079,1,1,49,14,13,198,0.2857142857142857,0.9285714285714286
whale_volume,rolling7_top1,16,1897080,0,0,2558,113,58,2688,0.044175136825645035,0.5132743362831859
whale_volume,rolling7_top1,16,1897080,0,1,462,188,119,721,0.4069264069264069,0.6329787234042553
whale_volume,rolling7_top1,16,1897080,1,0,3,0,0,4,0.0,
whale_volume,rolling7_top1,16,1897080,1,1,10,0,0,19,0.0,
whale_volume,rolling7_top1,16,1897081,0,0,3173,133,54,3321,0.041916167664670656,0.40601503759398494
whale_volume,rolling7_top1,16,1897081,0,1,676,352,270,1438,0.5207100591715976,0.7670454545454546
whale_volume,rolling7_top1,16,1897081,1,0,7,0,0,7,0.0,
whale_volume,rolling7_top1,16,1897081,1,1,22,3,2,38,0.13636363636363635,0.6666666666666666
whale_volume,rolling7_top1,17,1897082,0,0,16158,854,365,17522,0.05285307587572719,0.4274004683840749
whale_volume,rolling7_top1,17,1897082,0,1,2065,1123,669,5404,0.5438256658595642,0.5957257346393589
whale_volume,rolling7_top1,17,1897082,1,0,65,7,5,77,0.1076923076923077,0.7142857142857143
whale_volume,rolling7_top1,17,1897082,1,1,87,17,14,374,0.19540229885057472,0.8235294117647058
whale_volume,rolling7_top1,17,1897083,0,0,4609,146,60,4688,0.03167715339553048,0.410958904109589
whale_volume,rolling7_top1,17,1897083,0,1,957,592,437,1781,0.6185997910135841,0.7381756756756757
whale_volume,rolling7_top1,17,1897083,1,0,11,1,1,11,0.09090909090909091,1.0
whale_volume,rolling7_top1,17,1897083,1,1,22,4,4,44,0.18181818181818182,1.0
whale_volume,rolling7_top1,17,1897084,0,0,3866,159,80,4001,0.041127780651836525,0.5031446540880503
whale_volume,rolling7_top1,17,1897084,0,1,758,466,291,1444,0.6147757255936676,0.6244635193133047
whale_volume,rolling7_top1,17,1897084,1,0,10,1,1,10,0.1,1.0
whale_volume,rolling7_top1,17,1897084,1,1,25,2,2,31,0.08,1.0
whale_volume,rolling7_top1,18,1897085,0,0,3422,117,62,3573,0.03419053185271771,0.5299145299145299
whale_volume,rolling7_top1,18,1897085,0,1,597,311,259,934,0.5209380234505863,0.8327974276527331
whale_volume,rolling7_top1,18,1897085,1,0,10,0,0,10,0.0,
whale_volume,rolling7_top1,18,1897085,1,1,17,1,0,710,0.058823529411764705,0.0
whale_volume,rolling7_top1,18,1897086,0,0,4189,168,113,4523,0.04010503700167104,0.6726190476190477
whale_volume,rolling7_top1,18,1897086,0,1,692,383,309,1256,0.5534682080924855,0.8067885117493473
whale_volume,rolling7_top1,18,1897086,1,0,7,0,0,8,0.0,
whale_volume,rolling7_top1,18,1897086,1,1,10,1,1,26,0.1,1.0
whale_volume,rolling7_top1,18,1897087,0,0,4980,196,94,5388,0.0393574297188755,0.47959183673469385
whale_volume,rolling7_top1,18,1897087,0,1,635,239,178,1000,0.3763779527559055,0.7447698744769874
whale_volume,rolling7_top1,18,1897087,1,0,13,0,0,13,0.0,
whale_volume,rolling7_top1,18,1897087,1,1,25,3,2,30,0.12,0.6666666666666666
whale_volume,rolling7_top1,19,1897088,0,0,12116,520,266,12940,0.04291845493562232,0.5115384615384615
whale_volume,rolling7_top1,19,1897088,0,1,1908,1122,749,4068,0.5880503144654088,0.6675579322638147
whale_volume,rolling7_top1,19,1897088,1,0,28,1,1,30,0.03571428571428571,1.0
whale_volume,rolling7_top1,19,1897088,1,1,58,10,6,854,0.1724137931034483,0.6
whale_volume,rolling7_top1,19,1897089,0,0,3553,109,65,3682,0.030678300028145228,0.5963302752293578
whale_volume,rolling7_top1,19,1897089,0,1,799,445,290,1464,0.5569461827284106,0.651685393258427
whale_volume,rolling7_top1,19,1897089,1,0,10,0,0,10,0.0,
whale_volume,rolling7_top1,19,1897089,1,1,15,7,4,28,0.4666666666666667,0.5714285714285714
whale_volume,rolling7_top1,19,1897090,0,0,2860,172,50,3070,0.06013986013986014,0.29069767441860467
whale_volume,rolling7_top1,19,1897090,0,1,669,317,221,880,0.47384155455904337,0.6971608832807571
whale_volume,rolling7_top1,19,1897090,1,0,4,0,0,4,0.0,
whale_volume,rolling7_top1,19,1897090,1,1,17,4,3,22,0.23529411764705882,0.75
whale_volume,rolling7_top1,20,1897091,0,0,4622,189,77,4831,0.040891389009086974,0.4074074074074074
whale_volume,rolling7_top1,20,1897091,0,1,660,262,165,1491,0.396969696969697,0.6297709923664122
whale_volume,rolling7_top1,20,1897091,1,0,12,0,0,13,0.0,
whale_volume,rolling7_top1,20,1897091,1,1,27,3,1,695,0.1111111111111111,0.3333333333333333
whale_volume,rolling7_top1,20,1897092,0,0,2657,76,43,2777,0.02860368837034249,0.5657894736842105
whale_volume,rolling7_top1,20,1897092,0,1,517,183,127,1102,0.3539651837524178,0.6939890710382514
whale_volume,rolling7_top1,20,1897092,1,0,7,0,0,7,0.0,
whale_volume,rolling7_top1,20,1897092,1,1,9,0,0,18,0.0,
whale_volume,rolling7_top1,20,1897093,0,0,1902,58,33,2093,0.030494216614090432,0.5689655172413793
whale_volume,rolling7_top1,20,1897093,0,1,424,181,130,1175,0.4268867924528302,0.7182320441988951
whale_volume,rolling7_top1,20,1897093,1,0,3,0,0,3,0.0,
whale_volume,rolling7_top1,20,1897093,1,1,19,0,0,281,0.0,
whale_volume,rolling7_top1,21,1897094,0,0,14795,812,335,17124,0.05488340655626901,0.4125615763546798
whale_volume,rolling7_top1,21,1897094,0,1,1580,811,488,4321,0.5132911392405063,0.6017262638717632
whale_volume,rolling7_top1,21,1897094,1,0,71,3,3,83,0.04225352112676056,1.0
whale_volume,rolling7_top1,21,1897094,1,1,79,17,6,3216,0.21518987341772153,0.35294117647058826
whale_volume,rolling7_top1,21,1897095,0,0,2709,80,33,2808,0.029531192321889995,0.4125
whale_volume,rolling7_top1,21,1897095,0,1,549,298,201,780,0.5428051001821493,0.674496644295302
whale_volume,rolling7_top1,21,1897095,1,0,2,0,0,2,0.0,
whale_volume,rolling7_top1,21,1897095,1,1,15,0,0,21,0.0,
whale_volume,rolling7_top1,21,1897096,0,0,2264,118,45,2421,0.052120141342756186,0.3813559322033898
whale_volume,rolling7_top1,21,1897096,0,1,470,234,160,658,0.4978723404255319,0.6837606837606838
whale_volume,rolling7_top1,21,1897096,1,0,10,1,0,10,0.1,0.0
whale_volume,rolling7_top1,21,1897096,1,1,28,3,2,96,0.10714285714285714,0.6666666666666666
whale_volume,rolling7_top1,22,1897097,0,0,10689,735,403,11942,0.068762278978389,0.5482993197278911
whale_volume,rolling7_top1,22,1897097,0,1,1391,777,538,2626,0.5585909417685119,0.6924066924066924
whale_volume,rolling7_top1,22,1897097,1,0,27,3,2,33,0.1111111111111111,0.6666666666666666
whale_volume,rolling7_top1,22,1897097,1,1,56,6,3,688,0.10714285714285714,0.5
whale_volume,rolling7_top1,22,1897098,0,0,5550,140,72,5877,0.025225225225225224,0.5142857142857142
whale_volume,rolling7_top1,22,1897098,0,1,810,421,316,1375,0.519753086419753,0.7505938242280285
whale_volume,rolling7_top1,22,1897098,1,0,6,1,0,6,0.16666666666666666,0.0
whale_volume,rolling7_top1,22,1897098,1,1,19,3,2,633,0.15789473684210525,0.6666666666666666
whale_volume,rolling7_top1,22,1897099,0,0,5075,143,66,5231,0.028177339901477833,0.46153846153846156
whale_volume,rolling7_top1,22,1897099,0,1,697,316,236,2635,0.4533715925394548,0.7468354430379747
whale_volume,rolling7_top1,22,1897099,1,0,20,0,0,22,0.0,
whale_volume,rolling7_top1,22,1897099,1,1,18,1,1,28,0.05555555555555555,1.0
whale_volume,rolling7_top1,23,1897100,0,0,6585,302,129,6860,0.04586180713743356,0.4271523178807947
whale_volume,rolling7_top1,23,1897100,0,1,1011,520,353,3519,0.5143422354104846,0.6788461538461539
whale_volume,rolling7_top1,23,1897100,1,0,15,1,0,27,0.06666666666666667,0.0
whale_volume,rolling7_top1,23,1897100,1,1,40,6,5,475,0.15,0.8333333333333334
whale_volume,rolling7_top1,23,1897101,0,0,3235,148,84,3343,0.04574961360123648,0.5675675675675675
whale_volume,rolling7_top1,23,1897101,0,1,573,302,230,1655,0.5270506108202443,0.7615894039735099
whale_volume,rolling7_top1,23,1897101,1,0,4,0,0,9,0.0,
whale_volume,rolling7_top1,23,1897101,1,1,7,0,0,14,0.0,
whale_volume,rolling7_top1,23,1897102,0,0,2605,93,43,2653,0.03570057581573896,0.46236559139784944
whale_volume,rolling7_top1,23,1897102,0,1,504,219,165,2167,0.43452380952380953,0.7534246575342466
whale_volume,rolling7_top1,23,1897102,1,0,12,1,1,13,0.08333333333333333,1.0
whale_volume,rolling7_top1,23,1897102,1,1,30,4,2,787,0.13333333333333333,0.5
whale_volume,rolling7_top1,24,1897103,0,0,2620,100,41,2769,0.03816793893129771,0.41
whale_volume,rolling7_top1,24,1897103,0,1,349,96,77,830,0.27507163323782235,0.8020833333333334
whale_volume,rolling7_top1,24,1897103,1,0,2,0,0,2,0.0,
whale_volume,rolling7_top1,24,1897103,1,1,19,2,2,40,0.10526315789473684,1.0
whale_volume,rolling7_top1,24,1897104,0,0,2619,67,37,2733,0.025582283314242078,0.5522388059701493
whale_volume,rolling7_top1,24,1897104,0,1,405,136,107,603,0.3358024691358025,0.7867647058823529
whale_volume,rolling7_top1,24,1897104,1,0,4,0,0,4,0.0,
whale_volume,rolling7_top1,24,1897104,1,1,12,2,2,25,0.16666666666666666,1.0
whale_volume,rolling7_top1,24,1897105,0,0,6587,337,157,7762,0.051161378472749354,0.4658753709198813
whale_volume,rolling7_top1,24,1897105,0,1,919,351,249,2733,0.381936887921654,0.7094017094017094
whale_volume,rolling7_top1,24,1897105,1,0,5,0,0,5,0.0,
whale_volume,rolling7_top1,24,1897105,1,1,58,17,15,544,0.29310344827586204,0.8823529411764706
whale_volume,rolling7_top1,25,1897106,0,0,12217,685,346,13453,0.056069411475812396,0.5051094890510949
whale_volume,rolling7_top1,25,1897106,0,1,1351,626,389,8334,0.463360473723168,0.6214057507987221
whale_volume,rolling7_top1,25,1897106,1,0,46,11,11,120,0.2391304347826087,1.0
whale_volume,rolling7_top1,25,1897106,1,1,93,19,13,2851,0.20430107526881722,0.6842105263157895
whale_volume,rolling7_top1,25,1897107,0,0,3009,166,107,3239,0.055167829843801926,0.6445783132530121
whale_volume,rolling7_top1,25,1897107,0,1,594,324,236,1145,0.5454545454545454,0.7283950617283951
whale_volume,rolling7_top1,25,1897107,1,0,18,6,6,30,0.3333333333333333,1.0
whale_volume,rolling7_top1,25,1897107,1,1,8,2,0,12,0.25,0.0
whale_volume,rolling7_top1,25,1897108,0,0,2330,87,30,2427,0.03733905579399142,0.3448275862068966
whale_volume,rolling7_top1,25,1897108,0,1,550,301,210,916,0.5472727272727272,0.6976744186046512
whale_volume,rolling7_top1,25,1897108,1,0,4,1,1,4,0.25,1.0
whale_volume,rolling7_top1,25,1897108,1,1,11,1,1,34,0.09090909090909091,1.0
whale_volume,rolling7_top1,26,1897109,0,0,7037,302,157,7758,0.042916015347449196,0.5198675496688742
whale_volume,rolling7_top1,26,1897109,0,1,942,489,357,2625,0.5191082802547771,0.7300613496932515
whale_volume,rolling7_top1,26,1897109,1,0,11,1,1,14,0.09090909090909091,1.0
whale_volume,rolling7_top1,26,1897109,1,1,29,7,4,82,0.2413793103448276,0.5714285714285714
whale_volume,rolling7_top1,26,1897110,0,0,3348,71,35,3461,0.02120669056152927,0.49295774647887325
whale_volume,rolling7_top1,26,1897110,0,1,473,254,186,789,0.5369978858350951,0.7322834645669292
whale_volume,rolling7_top1,26,1897110,1,0,1,0,0,1,0.0,
whale_volume,rolling7_top1,26,1897110,1,1,18,1,1,39,0.05555555555555555,1.0
whale_volume,rolling7_top1,26,1897111,0,0,2943,92,43,3028,0.03126061841658172,0.4673913043478261
whale_volume,rolling7_top1,26,1897111,0,1,565,328,284,1235,0.5805309734513274,0.8658536585365854
whale_volume,rolling7_top1,26,1897111,1,0,12,1,1,14,0.08333333333333333,1.0
whale_volume,rolling7_top1,26,1897111,1,1,20,1,1,29,0.05,1.0
whale_volume,rolling7_top1,27,1897112,0,0,5700,381,192,6677,0.0668421052631579,0.5039370078740157
whale_volume,rolling7_top1,27,1897112,0,1,950,466,328,3217,0.4905263157894737,0.703862660944206
whale_volume,rolling7_top1,27,1897112,1,0,8,2,2,44,0.25,1.0
whale_volume,rolling7_top1,27,1897112,1,1,28,3,2,80,0.10714285714285714,0.6666666666666666
whale_volume,rolling7_top1,27,1897113,0,0,3627,93,51,3718,0.02564102564102564,0.5483870967741935
whale_volume,rolling7_top1,27,1897113,0,1,671,347,305,1244,0.5171385991058122,0.8789625360230547
whale_volume,rolling7_top1,27,1897113,1,0,5,0,0,5,0.0,
whale_volume,rolling7_top1,27,1897113,1,1,27,3,3,33,0.1111111111111111,1.0
whale_volume,rolling7_top1,27,1897114,0,0,3735,169,99,4033,0.04524765729585007,0.5857988165680473
whale_volume,rolling7_top1,27,1897114,0,1,702,319,273,1824,0.4544159544159544,0.8557993730407524
whale_volume,rolling7_top1,27,1897114,1,0,3,1,1,6,0.3333333333333333,1.0
whale_volume,rolling7_top1,27,1897114,1,1,23,5,4,54,0.21739130434782608,0.8
whale_volume,rolling7_top1,28,1897115,0,0,8456,403,191,9281,0.047658467360454114,0.4739454094292804
whale_volume,rolling7_top1,28,1897115,0,1,1323,654,406,7398,0.4943310657596372,0.6207951070336392
whale_volume,rolling7_top1,28,1897115,1,0,21,3,3,24,0.14285714285714285,1.0
whale_volume,rolling7_top1,28,1897115,1,1,71,14,12,5749,0.19718309859154928,0.8571428571428571
whale_volume,rolling7_top1,28,1897116,0,0,4443,147,66,4790,0.03308575286968265,0.4489795918367347
whale_volume,rolling7_top1,28,1897116,0,1,777,377,291,1318,0.4851994851994852,0.7718832891246684
whale_volume,rolling7_top1,28,1897116,1,0,4,0,0,4,0.0,
whale_volume,rolling7_top1,28,1897116,1,1,40,7,7,74,0.175,1.0
whale_volume,rolling7_top1,28,1897117,0,0,7033,373,194,7898,0.0530356888952083,0.5201072386058981
whale_volume,rolling7_top1,28,1897117,0,1,1268,631,512,5906,0.49763406940063093,0.8114104595879557
whale_volume,rolling7_top1,28,1897117,1,0,12,0,0,13,0.0,
whale_volume,rolling7_top1,28,1897117,1,1,56,11,10,534,0.19642857142857142,0.9090909090909091
whale_volume,rolling7_top1,29,1897118,0,0,12835,796,398,14589,0.06201791975068173,0.5
whale_volume,rolling7_top1,29,1897118,0,1,2133,1135,772,5641,0.5321143928738865,0.6801762114537445
whale_volume,rolling7_top1,29,1897118,1,0,39,5,3,41,0.1282051282051282,0.6
whale_volume,rolling7_top1,29,1897118,1,1,116,9,8,10462,0.07758620689655173,0.8888888888888888
whale_volume,rolling7_top1,29,1897119,0,0,4273,190,52,4540,0.0444652468991341,0.2736842105263158
whale_volume,rolling7_top1,29,1897119,0,1,787,456,313,1363,0.579415501905972,0.6864035087719298
whale_volume,rolling7_top1,29,1897119,1,0,4,1,1,6,0.25,1.0
whale_volume,rolling7_top1,29,1897119,1,1,35,3,3,52,0.08571428571428572,1.0
whale_volume,rolling7_top1,29,1897120,0,0,4030,233,137,4416,0.057816377171215884,0.5879828326180258
whale_volume,rolling7_top1,29,1897120,0,1,922,358,238,4384,0.3882863340563991,0.664804469273743
whale_volume,rolling7_top1,29,1897120,1,0,14,2,1,15,0.14285714285714285,0.5
whale_volume,rolling7_top1,29,1897120,1,1,52,5,3,845,0.09615384615384616,0.6
whale_volume,rolling7_top1,30,1897121,0,0,3066,86,33,3184,0.028049575994781473,0.38372093023255816
whale_volume,rolling7_top1,30,1897121,0,1,535,215,149,730,0.40186915887850466,0.6930232558139535
whale_volume,rolling7_top1,30,1897121,1,0,7,0,0,14,0.0,
whale_volume,rolling7_top1,30,1897121,1,1,10,0,0,11,0.0,
whale_volume,rolling7_top1,30,1897122,0,0,2455,62,30,2667,0.02525458248472505,0.4838709677419355
whale_volume,rolling7_top1,30,1897122,0,1,410,200,161,540,0.4878048780487805,0.805
whale_volume,rolling7_top1,30,1897122,1,0,2,0,0,2,0.0,
whale_volume,rolling7_top1,30,1897122,1,1,17,3,3,21,0.17647058823529413,1.0
whale_volume,rolling7_top1,30,1897123,0,0,11797,443,261,12431,0.037551919979655846,0.5891647855530474
whale_volume,rolling7_top1,30,1897123,0,1,1604,772,633,3939,0.48129675810473815,0.8199481865284974
whale_volume,rolling7_top1,30,1897123,1,0,22,1,1,30,0.045454545454545456,1.0
whale_volume,rolling7_top1,30,1897123,1,1,63,5,5,2493,0.07936507936507936,1.0
whale_volume,rolling7_top1,31,1897124,0,0,7030,302,144,7348,0.042958748221906116,0.4768211920529801
whale_volume,rolling7_top1,31,1897124,0,1,1111,441,331,1678,0.39693969396939693,0.7505668934240363
whale_volume,rolling7_top1,31,1897124,1,0,16,0,0,17,0.0,
whale_volume,rolling7_top1,31,1897124,1,1,42,6,4,63,0.14285714285714285,0.6666666666666666
whale_volume,rolling7_top1,31,1897125,0,0,2585,83,45,2704,0.03210831721470019,0.5421686746987951
whale_volume,rolling7_top1,31,1897125,0,1,711,273,226,1157,0.38396624472573837,0.8278388278388278
whale_volume,rolling7_top1,31,1897125,1,0,2,0,0,3,0.0,
whale_volume,rolling7_top1,31,1897125,1,1,27,8,8,42,0.2962962962962963,1.0
whale_volume,rolling7_top1,31,1897126,0,0,2262,139,97,2630,0.0614500442086649,0.697841726618705
whale_volume,rolling7_top1,31,1897126,0,1,677,173,139,1137,0.2555391432791728,0.8034682080924855
whale_volume,rolling7_top1,31,1897126,1,0,3,0,0,3,0.0,
whale_volume,rolling7_top1,31,1897126,1,1,39,7,5,52,0.1794871794871795,0.7142857142857143
whale_volume,rolling7_top1,32,1897127,0,0,9162,394,218,9833,0.04300371098013534,0.5532994923857868
whale_volume,rolling7_top1,32,1897127,0,1,1264,511,351,4845,0.40427215189873417,0.6868884540117417
whale_volume,rolling7_top1,32,1897127,1,0,25,4,3,29,0.16,0.75
whale_volume,rolling7_top1,32,1897127,1,1,86,18,18,2065,0.20930232558139536,1.0
whale_volume,rolling7_top1,32,1897130,0,0,2508,85,22,2591,0.033891547049441785,0.25882352941176473
whale_volume,rolling7_top1,32,1897130,0,1,416,162,111,610,0.3894230769230769,0.6851851851851852
whale_volume,rolling7_top1,32,1897130,1,0,2,1,1,2,0.5,1.0
whale_volume,rolling7_top1,32,1897130,1,1,11,0,0,19,0.0,
whale_volume,rolling7_top1,32,1897133,0,0,2357,96,50,2511,0.040729741196436145,0.5208333333333334
whale_volume,rolling7_top1,32,1897133,0,1,402,153,100,637,0.3805970149253731,0.6535947712418301
whale_volume,rolling7_top1,32,1897133,1,1,11,0,0,20,0.0,
whale_volume,rolling7_top1,33,1897144,0,0,10608,598,263,11092,0.056372549019607844,0.4397993311036789
whale_volume,rolling7_top1,33,1897144,0,1,1458,720,445,4022,0.49382716049382713,0.6180555555555556
whale_volume,rolling7_top1,33,1897144,1,0,14,2,2,15,0.14285714285714285,1.0
whale_volume,rolling7_top1,33,1897144,1,1,75,13,9,4472,0.17333333333333334,0.6923076923076923
whale_volume,rolling7_top1,33,1897145,0,0,3389,90,39,3614,0.026556506344054293,0.43333333333333335
whale_volume,rolling7_top1,33,1897145,0,1,587,314,235,1309,0.534923339011925,0.7484076433121019
whale_volume,rolling7_top1,33,1897145,1,0,2,0,0,2,0.0,
whale_volume,rolling7_top1,33,1897145,1,1,17,2,2,23,0.11764705882352941,1.0
whale_volume,rolling7_top1,33,1897146,0,0,3881,95,44,4019,0.0244782272610152,0.4631578947368421
whale_volume,rolling7_top1,33,1897146,0,1,723,335,224,2515,0.4633471645919779,0.6686567164179105
whale_volume,rolling7_top1,33,1897146,1,0,1,0,0,2,0.0,
whale_volume,rolling7_top1,33,1897146,1,1,19,3,2,38,0.15789473684210525,0.6666666666666666
whale_volume,rolling7_top1,34,1897147,0,0,18386,795,458,19445,0.043239421298814314,0.5761006289308176
whale_volume,rolling7_top1,34,1897147,0,1,2386,1110,727,6833,0.4652137468566639,0.6549549549549549
whale_volume,rolling7_top1,34,1897147,1,0,46,6,6,58,0.13043478260869565,1.0
whale_volume,rolling7_top1,34,1897147,1,1,176,63,57,1379,0.35795454545454547,0.9047619047619048
whale_volume,rolling7_top1,34,1897148,0,0,2304,80,42,2540,0.034722222222222224,0.525
whale_volume,rolling7_top1,34,1897148,0,1,488,255,188,815,0.5225409836065574,0.7372549019607844
whale_volume,rolling7_top1,34,1897148,1,0,4,0,0,6,0.0,
whale_volume,rolling7_top1,34,1897148,1,1,29,2,2,40,0.06896551724137931,1.0
whale_volume,rolling7_top1,34,1897149,0,0,2408,119,78,2609,0.04941860465116279,0.6554621848739496
whale_volume,rolling7_top1,34,1897149,0,1,494,162,114,807,0.32793522267206476,0.7037037037037037
whale_volume,rolling7_top1,34,1897149,1,0,4,0,0,5,0.0,
whale_volume,rolling7_top1,34,1897149,1,1,34,6,6,50,0.17647058823529413,1.0
whale_volume,rolling7_top1,35,1897150,0,0,4709,167,77,4946,0.03546400509662349,0.46107784431137727
whale_volume,rolling7_top1,35,1897150,0,1,734,229,168,1306,0.3119891008174387,0.7336244541484717
whale_volume,rolling7_top1,35,1897150,1,0,7,0,0,7,0.0,
whale_volume,rolling7_top1,35,1897150,1,1,42,10,7,1080,0.23809523809523808,0.7
whale_volume,rolling7_top1,35,1897151,0,0,2890,80,38,2970,0.02768166089965398,0.475
whale_volume,rolling7_top1,35,1897151,0,1,511,189,139,1091,0.3698630136986301,0.7354497354497355
whale_volume,rolling7_top1,35,1897151,1,0,3,0,0,5,0.0,
whale_volume,rolling7_top1,35,1897151,1,1,17,5,4,26,0.29411764705882354,0.8
whale_volume,rolling7_top1,35,1897152,0,0,3666,268,171,4016,0.07310420076377523,0.6380597014925373
whale_volume,rolling7_top1,35,1897152,0,1,1003,314,259,1601,0.31306081754735793,0.8248407643312102
whale_volume,rolling7_top1,35,1897152,1,0,7,1,0,7,0.14285714285714285,0.0
whale_volume,rolling7_top1,35,1897152,1,1,62,14,9,88,0.22580645161290322,0.6428571428571429
whale_volume,rolling7_top1,36,1897153,0,0,2116,142,35,2317,0.0671077504725898,0.24647887323943662
whale_volume,rolling7_top1,36,1897153,0,1,500,162,94,983,0.324,0.5802469135802469
whale_volume,rolling7_top1,36,1897153,1,0,3,0,0,3,0.0,
whale_volume,rolling7_top1,36,1897153,1,1,30,9,9,80,0.3,1.0
whale_volume,rolling7_top1,36,1897154,0,0,1919,54,25,2060,0.028139656070870246,0.46296296296296297
whale_volume,rolling7_top1,36,1897154,0,1,470,173,129,837,0.3680851063829787,0.7456647398843931
whale_volume,rolling7_top1,36,1897154,1,0,5,1,1,8,0.2,1.0
whale_volume,rolling7_top1,36,1897154,1,1,21,6,6,36,0.2857142857142857,1.0
whale_volume,rolling7_top1,36,1897155,0,0,14177,640,333,14907,0.045143542357339354,0.5203125
whale_volume,rolling7_top1,36,1897155,0,1,1930,940,669,5079,0.48704663212435234,0.7117021276595744
whale_volume,rolling7_top1,36,1897155,1,0,46,4,4,63,0.08695652173913043,1.0
whale_volume,rolling7_top1,36,1897155,1,1,96,16,11,3036,0.16666666666666666,0.6875
whale_volume,rolling7_top1,37,1897161,0,0,7203,712,171,7619,0.09884770234624463,0.2401685393258427
whale_volume,rolling7_top1,37,1897161,0,1,1133,480,306,1762,0.4236540158870256,0.6375
whale_volume,rolling7_top1,37,1897161,1,0,13,0,0,15,0.0,
whale_volume,rolling7_top1,37,1897161,1,1,45,4,3,62,0.08888888888888889,0.75
whale_volume,rolling7_top1,37,1897162,0,0,3528,69,36,3661,0.0195578231292517,0.5217391304347826
whale_volume,rolling7_top1,37,1897162,0,1,610,264,211,1152,0.43278688524590164,0.7992424242424242
whale_volume,rolling7_top1,37,1897162,1,0,1,0,0,1,0.0,
whale_volume,rolling7_top1,37,1897162,1,1,13,2,1,21,0.15384615384615385,0.5
whale_volume,rolling7_top1,37,1897163,0,0,3635,189,90,3957,0.051994497936726274,0.47619047619047616
whale_volume,rolling7_top1,37,1897163,0,1,1068,432,355,1744,0.4044943820224719,0.8217592592592593
whale_volume,rolling7_top1,37,1897163,1,0,15,0,0,15,0.0,
whale_volume,rolling7_top1,37,1897163,1,1,42,7,6,58,0.16666666666666666,0.8571428571428571
whale_volume,rolling7_top1,38,1897168,0,0,11886,507,241,12737,0.04265522463402322,0.47534516765285995
whale_volume,rolling7_top1,38,1897168,0,1,1454,674,521,3177,0.46354883081155435,0.7729970326409495
whale_volume,rolling7_top1,38,1897168,1,0,22,2,2,25,0.09090909090909091,1.0
whale_volume,rolling7_top1,38,1897168,1,1,47,6,5,166,0.1276595744680851,0.8333333333333334
whale_volume,rolling7_top1,38,1897171,0,0,2442,61,30,2555,0.024979524979524978,0.4918032786885246
whale_volume,rolling7_top1,38,1897171,0,1,461,204,160,894,0.44251626898047725,0.7843137254901961
whale_volume,rolling7_top1,38,1897171,1,0,7,0,0,10,0.0,
whale_volume,rolling7_top1,38,1897171,1,1,6,0,0,8,0.0,
whale_volume,rolling7_top1,38,1897173,0,0,2631,86,42,2718,0.03268719118206005,0.4883720930232558
whale_volume,rolling7_top1,38,1897173,0,1,574,210,141,1030,0.36585365853658536,0.6714285714285714
whale_volume,rolling7_top1,38,1897173,1,0,3,0,0,4,0.0,
whale_volume,rolling7_top1,38,1897173,1,1,20,0,0,28,0.0,
whale_volume,rolling7_top1,39,1897177,0,0,8728,274,140,9443,0.03139321723189734,0.5109489051094891
whale_volume,rolling7_top1,39,1897177,0,1,1280,609,431,2341,0.47578125,0.7077175697865353
whale_volume,rolling7_top1,39,1897177,1,0,11,0,0,11,0.0,
whale_volume,rolling7_top1,39,1897177,1,1,48,9,7,128,0.1875,0.7777777777777778
whale_volume,rolling7_top1,39,1897179,0,0,3007,63,28,3116,0.020951114067176587,0.4444444444444444
whale_volume,rolling7_top1,39,1897179,0,1,513,227,182,739,0.442495126705653,0.801762114537445
whale_volume,rolling7_top1,39,1897179,1,0,3,0,0,3,0.0,
whale_volume,rolling7_top1,39,1897179,1,1,9,3,3,18,0.3333333333333333,1.0
whale_volume,rolling7_top1,39,1897181,0,0,2632,72,37,2724,0.02735562310030395,0.5138888888888888
whale_volume,rolling7_top1,39,1897181,0,1,498,166,120,768,0.3333333333333333,0.7228915662650602
whale_volume,rolling7_top1,39,1897181,1,0,2,0,0,5,0.0,
whale_volume,rolling7_top1,39,1897181,1,1,17,5,5,32,0.29411764705882354,1.0
whale_volume,rolling7_top1,40,1897186,0,0,3089,112,54,3351,0.036257688572353515,0.48214285714285715
whale_volume,rolling7_top1,40,1897186,0,1,471,161,113,1072,0.34182590233545646,0.7018633540372671
whale_volume,rolling7_top1,40,1897186,1,0,9,0,0,9,0.0,
whale_volume,rolling7_top1,40,1897186,1,1,22,1,1,24,0.045454545454545456,1.0
whale_volume,rolling7_top1,40,1897187,0,0,2829,85,49,2959,0.030045952633439378,0.5764705882352941
whale_volume,rolling7_top1,40,1897187,0,1,389,128,99,644,0.32904884318766064,0.7734375
whale_volume,rolling7_top1,40,1897187,1,0,7,0,0,8,0.0,
whale_volume,rolling7_top1,40,1897187,1,1,17,3,2,30,0.17647058823529413,0.6666666666666666
whale_volume,rolling7_top1,40,1897188,0,0,6746,260,136,7172,0.038541357841683964,0.5230769230769231
whale_volume,rolling7_top1,40,1897188,0,1,1052,417,313,1765,0.39638783269961975,0.750599520383693
whale_volume,rolling7_top1,40,1897188,1,0,11,0,0,12,0.0,
whale_volume,rolling7_top1,40,1897188,1,1,46,6,4,91,0.13043478260869565,0.6666666666666666
whale_volume,rolling7_top1,41,1897193,0,0,20848,769,391,21889,0.036886032233307754,0.5084525357607282
whale_volume,rolling7_top1,41,1897193,0,1,3410,1577,1060,8612,0.4624633431085044,0.6721623335447051
whale_volume,rolling7_top1,41,1897193,1,0,33,0,0,34,0.0,
whale_volume,rolling7_top1,41,1897193,1,1,162,26,23,563,0.16049382716049382,0.8846153846153846
whale_volume,rolling7_top1,41,1897194,0,0,3241,139,65,3403,0.04288799753162604,0.4676258992805755
whale_volume,rolling7_top1,41,1897194,0,1,689,349,255,1367,0.5065312046444121,0.7306590257879656
whale_volume,rolling7_top1,41,1897194,1,0,2,0,0,2,0.0,
whale_volume,rolling7_top1,41,1897194,1,1,44,7,7,78,0.1590909090909091,1.0
whale_volume,rolling7_top1,41,1897197,0,0,2974,99,62,3236,0.03328850033624748,0.6262626262626263
whale_volume,rolling7_top1,41,1897197,0,1,652,299,218,1049,0.45858895705521474,0.7290969899665551
whale_volume,rolling7_top1,41,1897197,1,0,8,2,2,9,0.25,1.0
whale_volume,rolling7_top1,41,1897197,1,1,29,3,3,38,0.10344827586206896,1.0
whale_volume,rolling7_top1,42,1897202,0,0,7169,242,141,7485,0.03375645138792021,0.5826446280991735
whale_volume,rolling7_top1,42,1897202,0,1,1260,452,293,2012,0.35873015873015873,0.6482300884955752
whale_volume,rolling7_top1,42,1897202,1,0,17,1,1,20,0.058823529411764705,1.0
whale_volume,rolling7_top1,42,1897202,1,1,52,8,7,73,0.15384615384615385,0.875
whale_volume,rolling7_top1,42,1897204,0,0,2696,452,44,3132,0.16765578635014836,0.09734513274336283
whale_volume,rolling7_top1,42,1897204,0,1,584,220,169,1169,0.3767123287671233,0.7681818181818182
whale_volume,rolling7_top1,42,1897204,1,0,3,0,0,3,0.0,
whale_volume,rolling7_top1,42,1897204,1,1,28,1,1,57,0.03571428571428571,1.0
whale_volume,rolling7_top1,42,1897206,0,0,3113,643,149,3486,0.20655316415033728,0.2317262830482115
whale_volume,rolling7_top1,42,1897206,0,1,654,205,155,992,0.31345565749235477,0.7560975609756098
whale_volume,rolling7_top1,42,1897206,1,0,2,0,0,2,0.0,
whale_volume,rolling7_top1,42,1897206,1,1,36,2,2,49,0.05555555555555555,1.0
whale_volume,rolling7_top1,43,1897211,0,0,12621,453,230,13513,0.035892560019015925,0.5077262693156733
whale_volume,rolling7_top1,43,1897211,0,1,1936,928,629,5142,0.4793388429752066,0.677801724137931
whale_volume,rolling7_top1,43,1897211,1,0,11,0,0,13,0.0,
whale_volume,rolling7_top1,43,1897211,1,1,65,11,9,186,0.16923076923076924,0.8181818181818182
whale_volume,rolling7_top1,43,1897212,0,0,3304,100,54,3456,0.03026634382566586,0.54
whale_volume,rolling7_top1,43,1897212,0,1,586,272,228,825,0.4641638225255973,0.8382352941176471
whale_volume,rolling7_top1,43,1897212,1,0,4,0,0,4,0.0,
whale_volume,rolling7_top1,43,1897212,1,1,24,5,5,30,0.20833333333333334,1.0
whale_volume,rolling7_top1,43,1897213,0,0,3252,149,106,3660,0.04581795817958179,0.7114093959731543
whale_volume,rolling7_top1,43,1897213,0,1,722,243,180,1385,0.3365650969529086,0.7407407407407407
whale_volume,rolling7_top1,43,1897213,1,0,4,2,1,5,0.5,0.5
whale_volume,rolling7_top1,43,1897213,1,1,39,6,6,86,0.15384615384615385,1.0
whale_volume,rolling7_top1,44,1897218,0,0,2530,148,62,2884,0.05849802371541502,0.4189189189189189
whale_volume,rolling7_top1,44,1897218,0,1,521,127,73,830,0.2437619961612284,0.5748031496062992
whale_volume,rolling7_top1,44,1897218,1,0,8,0,0,8,0.0,
whale_volume,rolling7_top1,44,1897218,1,1,33,2,2,100,0.06060606060606061,1.0
whale_volume,rolling7_top1,44,1897221,0,0,2982,104,76,3181,0.034875922199865864,0.7307692307692307
whale_volume,rolling7_top1,44,1897221,0,1,484,157,118,922,0.3243801652892562,0.7515923566878981
whale_volume,rolling7_top1,44,1897221,1,0,4,0,0,4,0.0,
whale_volume,rolling7_top1,44,1897221,1,1,23,2,2,101,0.08695652173913043,1.0
whale_volume,rolling7_top1,44,1897223,0,0,5994,218,99,6405,0.0363697030363697,0.4541284403669725
whale_volume,rolling7_top1,44,1897223,0,1,981,404,226,1866,0.41182466870540263,0.5594059405940595
whale_volume,rolling7_top1,44,1897223,1,0,12,1,1,18,0.08333333333333333,1.0
whale_volume,rolling7_top1,44,1897223,1,1,42,3,2,401,0.07142857142857142,0.6666666666666666
whale_volume,rolling7_top1,45,1897228,0,0,9954,555,251,10851,0.05575647980711272,0.45225225225225224
whale_volume,rolling7_top1,45,1897228,0,1,1802,848,504,3453,0.47058823529411764,0.5943396226415094
whale_volume,rolling7_top1,45,1897228,1,0,17,1,1,18,0.058823529411764705,1.0
whale_volume,rolling7_top1,45,1897228,1,1,76,10,8,319,0.13157894736842105,0.8
whale_volume,rolling7_top1,45,1897230,0,0,2854,83,49,2946,0.02908199018920813,0.5903614457831325
whale_volume,rolling7_top1,45,1897230,0,1,533,238,201,765,0.44652908067542213,0.8445378151260504
whale_volume,rolling7_top1,45,1897230,1,0,3,0,0,3,0.0,
whale_volume,rolling7_top1,45,1897230,1,1,23,3,3,32,0.13043478260869565,1.0
whale_volume,rolling7_top1,45,1897231,0,0,2343,146,41,2590,0.062313273580879215,0.2808219178082192
whale_volume,rolling7_top1,45,1897231,0,1,552,241,200,1731,0.4365942028985507,0.8298755186721992
whale_volume,rolling7_top1,45,1897231,1,0,2,0,0,2,0.0,
whale_volume,rolling7_top1,45,1897231,1,1,22,1,1,42,0.045454545454545456,1.0
whale_volume,rolling7_top1,46,1897236,0,0,9635,338,166,9945,0.035080435910742086,0.4911242603550296
whale_volume,rolling7_top1,46,1897236,0,1,1535,649,514,2257,0.42280130293159607,0.7919876733436055
whale_volume,rolling7_top1,46,1897236,1,0,22,0,0,28,0.0,
whale_volume,rolling7_top1,46,1897236,1,1,67,9,4,270,0.13432835820895522,0.4444444444444444
whale_volume,rolling7_top1,46,1897238,0,0,2631,145,33,2917,0.055112124667426834,0.22758620689655173
whale_volume,rolling7_top1,46,1897238,0,1,512,194,157,859,0.37890625,0.8092783505154639
whale_volume,rolling7_top1,46,1897238,1,1,19,0,0,29,0.0,
whale_volume,rolling7_top1,46,1897240,0,0,2941,605,42,3123,0.20571234274056444,0.06942148760330578
whale_volume,rolling7_top1,46,1897240,0,1,601,238,210,1094,0.39600665557404324,0.8823529411764706
whale_volume,rolling7_top1,46,1897240,1,0,4,0,0,4,0.0,
whale_volume,rolling7_top1,46,1897240,1,1,29,3,3,37,0.10344827586206896,1.0
whale_volume,rolling7_top1,47,1897246,0,0,1729,88,25,1856,0.05089647194910353,0.2840909090909091
whale_volume,rolling7_top1,47,1897246,0,1,365,101,68,593,0.27671232876712326,0.6732673267326733
whale_volume,rolling7_top1,47,1897246,1,0,4,0,0,4,0.0,
whale_volume,rolling7_top1,47,1897246,1,1,22,5,4,29,0.22727272727272727,0.8
whale_volume,rolling7_top1,47,1897247,0,0,1981,55,26,2061,0.027763755678950026,0.4727272727272727
whale_volume,rolling7_top1,47,1897247,0,1,354,129,106,441,0.3644067796610169,0.8217054263565892
whale_volume,rolling7_top1,47,1897247,1,0,9,3,3,9,0.3333333333333333,1.0
whale_volume,rolling7_top1,47,1897247,1,1,18,1,1,21,0.05555555555555555,1.0
whale_volume,rolling7_top1,47,1897249,0,0,10432,293,151,11019,0.028086656441717792,0.515358361774744
whale_volume,rolling7_top1,47,1897249,0,1,1619,705,536,3745,0.4354539839407041,0.7602836879432624
whale_volume,rolling7_top1,47,1897249,1,0,29,4,4,29,0.13793103448275862,1.0
whale_volume,rolling7_top1,47,1897249,1,1,62,10,7,804,0.16129032258064516,0.7
whale_volume,rolling7_top1,48,1897254,0,0,8902,239,119,9707,0.02684789934846102,0.497907949790795
whale_volume,rolling7_top1,48,1897254,0,1,1134,452,319,2334,0.3985890652557319,0.7057522123893806
whale_volume,rolling7_top1,48,1897254,1,0,9,0,0,11,0.0,
whale_volume,rolling7_top1,48,1897254,1,1,36,3,1,526,0.08333333333333333,0.3333333333333333
whale_volume,rolling7_top1,48,1897255,0,0,2843,67,31,3003,0.023566654941962716,0.4626865671641791
whale_volume,rolling7_top1,48,1897255,0,1,383,145,106,600,0.3785900783289817,0.7310344827586207
whale_volume,rolling7_top1,48,1897255,1,0,4,0,0,4,0.0,
whale_volume,rolling7_top1,48,1897255,1,1,13,1,1,13,0.07692307692307693,1.0
whale_volume,rolling7_top1,48,1897256,0,0,2250,164,56,2441,0.07288888888888889,0.34146341463414637
whale_volume,rolling7_top1,48,1897256,0,1,376,103,61,639,0.27393617021276595,0.5922330097087378
whale_volume,rolling7_top1,48,1897256,1,0,2,0,0,2,0.0,
whale_volume,rolling7_top1,48,1897256,1,1,12,2,1,14,0.16666666666666666,0.5
whale_volume,rolling7_top1,49,1897263,0,0,7450,467,264,8580,0.06268456375838927,0.5653104925053534
whale_volume,rolling7_top1,49,1897263,0,1,1345,669,376,4071,0.49739776951672865,0.5620328849028401
whale_volume,rolling7_top1,49,1897263,1,0,21,4,1,26,0.19047619047619047,0.25
whale_volume,rolling7_top1,49,1897263,1,1,35,6,4,76,0.17142857142857143,0.6666666666666666
whale_volume,rolling7_top1,49,1897265,0,0,4716,129,71,4999,0.027353689567430027,0.5503875968992248
whale_volume,rolling7_top1,49,1897265,0,1,693,353,242,1036,0.5093795093795094,0.6855524079320113
whale_volume,rolling7_top1,49,1897265,1,0,15,1,1,17,0.06666666666666667,1.0
whale_volume,rolling7_top1,49,1897265,1,1,23,1,1,37,0.043478260869565216,1.0
whale_volume,rolling7_top1,49,1897266,0,0,4690,164,95,4835,0.034968017057569294,0.5792682926829268
whale_volume,rolling7_top1,49,1897266,0,1,665,275,178,1631,0.41353383458646614,0.6472727272727272
whale_volume,rolling7_top1,49,1897266,1,0,5,0,0,5,0.0,
whale_volume,rolling7_top1,49,1897266,1,1,31,2,0,45,0.06451612903225806,0.0
whale_volume,rolling7_top1,50,1897271,0,0,5450,253,119,6498,0.046422018348623854,0.47035573122529645
whale_volume,rolling7_top1,50,1897271,0,1,838,338,246,1520,0.4033412887828162,0.727810650887574
whale_volume,rolling7_top1,50,1897271,1,0,7,1,1,7,0.14285714285714285,1.0
whale_volume,rolling7_top1,50,1897271,1,1,25,2,1,426,0.08,0.5
whale_volume,rolling7_top1,50,1897273,0,0,2748,78,62,2904,0.028384279475982533,0.7948717948717948
whale_volume,rolling7_top1,50,1897273,0,1,422,147,128,1245,0.34834123222748814,0.8707482993197279
whale_volume,rolling7_top1,50,1897273,1,0,1,0,0,1,0.0,
whale_volume,rolling7_top1,50,1897273,1,1,11,1,1,42,0.09090909090909091,1.0
whale_volume,rolling7_top1,50,1897274,0,0,2054,88,56,2152,0.042843232716650435,0.6363636363636364
whale_volume,rolling7_top1,50,1897274,0,1,463,166,127,620,0.35853131749460043,0.7650602409638554
whale_volume,rolling7_top1,50,1897274,1,0,3,1,1,3,0.3333333333333333,1.0
whale_volume,rolling7_top1,50,1897274,1,1,13,2,1,17,0.15384615384615385,0.5
whale_volume,rolling7_top1,51,1897279,0,0,6591,261,117,6836,0.03959945380063723,0.4482758620689655
whale_volume,rolling7_top1,51,1897279,0,1,999,313,238,1434,0.3133133133133133,0.7603833865814696
whale_volume,rolling7_top1,51,1897279,1,0,6,0,0,7,0.0,
whale_volume,rolling7_top1,51,1897279,1,1,47,7,6,160,0.14893617021276595,0.8571428571428571
whale_volume,rolling7_top1,51,1897280,0,0,1490,45,17,1593,0.030201342281879196,0.37777777777777777
whale_volume,rolling7_top1,51,1897280,0,1,310,80,60,504,0.25806451612903225,0.75
whale_volume,rolling7_top1,51,1897280,1,0,2,0,0,2,0.0,
whale_volume,rolling7_top1,51,1897280,1,1,14,0,0,19,0.0,
whale_volume,rolling7_top1,51,1897281,0,0,1309,61,45,1449,0.04660045836516425,0.7377049180327869
whale_volume,rolling7_top1,51,1897281,0,1,364,101,87,754,0.2774725274725275,0.8613861386138614
whale_volume,rolling7_top1,51,1897281,1,0,4,0,0,5,0.0,
whale_volume,rolling7_top1,51,1897281,1,1,23,2,1,28,0.08695652173913043,0.5
whale_volume,rolling7_top1,52,1897286,0,0,1915,55,27,2020,0.028720626631853787,0.4909090909090909
whale_volume,rolling7_top1,52,1897286,0,1,439,143,113,558,0.32574031890660593,0.7902097902097902
whale_volume,rolling7_top1,52,1897286,1,0,3,0,0,3,0.0,
whale_volume,rolling7_top1,52,1897286,1,1,28,8,8,32,0.2857142857142857,1.0
whale_volume,rolling7_top1,52,1897289,0,0,2099,30,16,2180,0.014292520247737018,0.5333333333333333
whale_volume,rolling7_top1,52,1897289,0,1,400,157,119,539,0.3925,0.7579617834394905
whale_volume,rolling7_top1,52,1897289,1,0,2,0,0,2,0.0,
whale_volume,rolling7_top1,52,1897289,1,1,14,0,0,22,0.0,
whale_volume,rolling7_top1,52,1897291,0,0,8634,252,137,8812,0.029186935371785964,0.5436507936507936
whale_volume,rolling7_top1,52,1897291,0,1,1421,621,504,3065,0.4370161857846587,0.8115942028985508
whale_volume,rolling7_top1,52,1897291,1,0,16,0,0,20,0.0,
whale_volume,rolling7_top1,52,1897291,1,1,46,4,3,1628,0.08695652173913043,0.75
whale_volume,rolling7_top1,53,1897303,0,0,1760,98,43,1936,0.05568181818181818,0.4387755102040816
whale_volume,rolling7_top1,53,1897303,0,1,367,90,45,812,0.2452316076294278,0.5
whale_volume,rolling7_top1,53,1897303,1,0,2,0,0,2,0.0,
whale_volume,rolling7_top1,53,1897303,1,1,30,6,4,55,0.2,0.6666666666666666
whale_volume,rolling7_top1,53,1897305,0,0,1842,67,38,1995,0.03637350705754615,0.5671641791044776
whale_volume,rolling7_top1,53,1897305,0,1,408,165,127,717,0.40441176470588236,0.7696969696969697
whale_volume,rolling7_top1,53,1897305,1,0,3,0,0,7,0.0,
whale_volume,rolling7_top1,53,1897305,1,1,14,1,0,76,0.07142857142857142,0.0
whale_volume,rolling7_top1,53,1897306,0,0,9452,402,289,9961,0.04253068133728311,0.7189054726368159
whale_volume,rolling7_top1,53,1897306,0,1,1610,761,527,3789,0.47267080745341616,0.6925098554533509
whale_volume,rolling7_top1,53,1897306,1,0,20,3,3,32,0.15,1.0
whale_volume,rolling7_top1,53,1897306,1,1,72,14,13,1224,0.19444444444444445,0.9285714285714286
whale_volume,rolling7_top1,54,1897296,0,0,2297,123,41,2438,0.05354810622551154,0.3333333333333333
whale_volume,rolling7_top1,54,1897296,0,1,507,175,121,973,0.34516765285996054,0.6914285714285714
whale_volume,rolling7_top1,54,1897296,1,0,4,1,1,5,0.25,1.0
whale_volume,rolling7_top1,54,1897296,1,1,20,1,1,31,0.05,1.0
whale_volume,rolling7_top1,54,1897297,0,0,2638,74,39,2718,0.028051554207733132,0.527027027027027
whale_volume,rolling7_top1,54,1897297,0,1,443,154,100,725,0.3476297968397291,0.6493506493506493
whale_volume,rolling7_top1,54,1897297,1,0,3,0,0,3,0.0,
whale_volume,rolling7_top1,54,1897297,1,1,23,5,4,50,0.21739130434782608,0.8
whale_volume,rolling7_top1,54,1897299,0,0,9808,371,175,10721,0.037826264274061994,0.4716981132075472
whale_volume,rolling7_top1,54,1897299,0,1,2140,1129,889,12126,0.5275700934579439,0.787422497785651
whale_volume,rolling7_top1,54,1897299,1,0,24,3,3,27,0.125,1.0
whale_volume,rolling7_top1,54,1897299,1,1,109,28,27,2080,0.25688073394495414,0.9642857142857143
whale_volume,rolling7_top1,55,1897320,0,0,3214,834,73,3711,0.2594897324206596,0.08752997601918465
whale_volume,rolling7_top1,55,1897320,0,1,776,250,178,1100,0.32216494845360827,0.712
whale_volume,rolling7_top1,55,1897320,1,0,5,0,0,6,0.0,
whale_volume,rolling7_top1,55,1897320,1,1,39,6,6,58,0.15384615384615385,1.0
whale_volume,rolling7_top1,55,1897322,0,0,2473,91,53,2587,0.03679741205014153,0.5824175824175825
whale_volume,rolling7_top1,55,1897322,0,1,548,166,132,1257,0.3029197080291971,0.7951807228915663
whale_volume,rolling7_top1,55,1897322,1,1,32,6,6,58,0.1875,1.0
whale_volume,rolling7_top1,55,1897323,0,0,3567,168,74,3689,0.04709840201850295,0.44047619047619047
whale_volume,rolling7_top1,55,1897323,0,1,773,228,183,1068,0.2949547218628719,0.8026315789473685
whale_volume,rolling7_top1,55,1897323,1,0,5,0,0,6,0.0,
whale_volume,rolling7_top1,55,1897323,1,1,28,5,3,39,0.17857142857142858,0.6
whale_volume,rolling7_top1,56,1897311,0,0,3407,256,102,3788,0.07513941884355738,0.3984375
whale_volume,rolling7_top1,56,1897311,0,1,1017,451,307,1986,0.44346116027531957,0.6807095343680709
whale_volume,rolling7_top1,56,1897311,1,0,11,3,3,18,0.2727272727272727,1.0
whale_volume,rolling7_top1,56,1897311,1,1,43,6,5,125,0.13953488372093023,0.8333333333333334
whale_volume,rolling7_top1,56,1897312,0,0,2702,132,62,2824,0.04885270170244264,0.4696969696969697
whale_volume,rolling7_top1,56,1897312,0,1,821,388,280,1526,0.4725943970767357,0.7216494845360825
whale_volume,rolling7_top1,56,1897312,1,0,7,0,0,7,0.0,
whale_volume,rolling7_top1,56,1897312,1,1,32,5,5,64,0.15625,1.0
whale_volume,rolling7_top1,56,1897315,0,0,19730,1118,639,21154,0.056664977192093256,0.5715563506261181
whale_volume,rolling7_top1,56,1897315,0,1,3601,1631,1093,9558,0.452929741738406,0.6701410177805027
whale_volume,rolling7_top1,56,1897315,1,0,55,15,14,71,0.2727272727272727,0.9333333333333333
whale_volume,rolling7_top1,56,1897315,1,1,190,53,48,1000,0.2789473684210526,0.9056603773584906
whale_volume,rolling7_top1,57,1897336,0,0,1707,146,86,1784,0.08553016988869361,0.589041095890411
whale_volume,rolling7_top1,57,1897336,0,1,569,201,163,1183,0.3532513181019332,0.8109452736318408
whale_volume,rolling7_top1,57,1897336,1,0,4,0,0,4,0.0,
whale_volume,rolling7_top1,57,1897336,1,1,27,1,1,28,0.037037037037037035,1.0
whale_volume,rolling7_top1,57,1897338,0,0,1523,48,21,1563,0.03151674326986211,0.4375
whale_volume,rolling7_top1,57,1897338,0,1,353,117,101,751,0.3314447592067989,0.8632478632478633
whale_volume,rolling7_top1,57,1897338,1,1,26,8,8,34,0.3076923076923077,1.0
whale_volume,rolling7_top1,57,1897340,0,0,4560,310,64,4675,0.06798245614035088,0.2064516129032258
whale_volume,rolling7_top1,57,1897340,0,1,884,216,174,1913,0.24434389140271492,0.8055555555555556
whale_volume,rolling7_top1,57,1897340,1,0,3,0,0,3,0.0,
whale_volume,rolling7_top1,57,1897340,1,1,37,3,2,55,0.08108108108108109,0.6666666666666666
whale_volume,rolling7_top1,58,1897329,0,0,13676,550,316,14462,0.0402164375548406,0.5745454545454546
whale_volume,rolling7_top1,58,1897329,0,1,2611,1128,778,6100,0.4320183837610111,0.6897163120567376
whale_volume,rolling7_top1,58,1897329,1,0,45,12,12,78,0.26666666666666666,1.0
whale_volume,rolling7_top1,58,1897329,1,1,153,31,23,400,0.20261437908496732,0.7419354838709677
whale_volume,rolling7_top1,58,1897330,0,0,2490,75,36,2575,0.030120481927710843,0.48
whale_volume,rolling7_top1,58,1897330,0,1,578,233,176,907,0.4031141868512111,0.7553648068669528
whale_volume,rolling7_top1,58,1897330,1,0,2,0,0,2,0.0,
whale_volume,rolling7_top1,58,1897330,1,1,31,6,6,47,0.1935483870967742,1.0
whale_volume,rolling7_top1,58,1897331,0,0,3664,194,111,4220,0.05294759825327511,0.5721649484536082
whale_volume,rolling7_top1,58,1897331,0,1,890,352,247,2146,0.3955056179775281,0.7017045454545454
whale_volume,rolling7_top1,58,1897331,1,0,13,1,1,17,0.07692307692307693,1.0
whale_volume,rolling7_top1,58,1897331,1,1,45,6,4,102,0.13333333333333333,0.6666666666666666
whale_volume,rolling7_top1,59,1897345,0,0,3486,118,53,3609,0.03384968445209409,0.4491525423728814
whale_volume,rolling7_top1,59,1897345,0,1,696,217,143,2155,0.3117816091954023,0.6589861751152074
whale_volume,rolling7_top1,59,1897345,1,0,12,0,0,13,0.0,
whale_volume,rolling7_top1,59,1897345,1,1,27,0,0,1064,0.0,
whale_volume,rolling7_top1,59,1897347,0,0,2387,89,49,2530,0.03728529534981148,0.550561797752809
whale_volume,rolling7_top1,59,1897347,0,1,551,181,136,1407,0.32849364791288566,0.7513812154696132
whale_volume,rolling7_top1,59,1897347,1,0,3,0,0,4,0.0,
whale_volume,rolling7_top1,59,1897347,1,1,19,5,4,23,0.2631578947368421,0.8
whale_volume,rolling7_top1,59,1897348,0,0,3778,117,46,3951,0.03096876654314452,0.39316239316239315
whale_volume,rolling7_top1,59,1897348,0,1,849,281,221,1916,0.3309776207302709,0.7864768683274022
whale_volume,rolling7_top1,59,1897348,1,0,3,0,0,3,0.0,
whale_volume,rolling7_top1,59,1897348,1,1,33,7,5,87,0.21212121212121213,0.7142857142857143
whale_volume,rolling7_top1,60,1897354,0,0,3381,208,90,3827,0.06152026027802426,0.4326923076923077
whale_volume,rolling7_top1,60,1897354,0,1,721,221,138,1836,0.3065187239944521,0.6244343891402715
whale_volume,rolling7_top1,60,1897354,1,0,5,1,1,5,0.2,1.0
whale_volume,rolling7_top1,60,1897354,1,1,30,2,2,52,0.06666666666666667,1.0
whale_volume,rolling7_top1,60,1897355,0,0,2243,97,54,2405,0.043245653143111906,0.5567010309278351
whale_volume,rolling7_top1,60,1897355,0,1,628,240,165,1399,0.3821656050955414,0.6875
whale_volume,rolling7_top1,60,1897355,1,0,2,0,0,2,0.0,
whale_volume,rolling7_top1,60,1897355,1,1,20,2,2,79,0.1,1.0
whale_volume,rolling7_top1,60,1897356,0,0,13513,672,376,14903,0.04972988973580996,0.5595238095238095
whale_volume,rolling7_top1,60,1897356,0,1,3621,1812,1317,13901,0.5004142502071252,0.7268211920529801
whale_volume,rolling7_top1,60,1897356,1,0,49,2,2,57,0.04081632653061224,1.0
whale_volume,rolling7_top1,60,1897356,1,1,238,53,47,14858,0.22268907563025211,0.8867924528301887
whale_volume,rolling7_top1,61,1897363,0,0,6419,355,185,7090,0.055304564573921175,0.5211267605633803
whale_volume,rolling7_top1,61,1897363,0,1,1199,543,358,2428,0.45287739783152625,0.6593001841620626
whale_volume,rolling7_top1,61,1897363,1,0,6,0,0,7,0.0,
whale_volume,rolling7_top1,61,1897363,1,1,51,9,8,274,0.17647058823529413,0.8888888888888888
whale_volume,rolling7_top1,61,1897365,0,0,4513,156,88,4788,0.034566807001994236,0.5641025641025641
whale_volume,rolling7_top1,61,1897365,0,1,768,380,271,1544,0.4947916666666667,0.7131578947368421
whale_volume,rolling7_top1,61,1897365,1,0,7,0,0,8,0.0,
whale_volume,rolling7_top1,61,1897365,1,1,46,8,5,166,0.17391304347826086,0.625
whale_volume,rolling7_top1,61,1897366,0,0,11932,802,313,12941,0.06721421387864566,0.39027431421446385
whale_volume,rolling7_top1,61,1897366,0,1,1987,877,526,6999,0.4413688978359336,0.5997719498289624
whale_volume,rolling7_top1,61,1897366,1,0,35,2,2,38,0.05714285714285714,1.0
whale_volume,rolling7_top1,61,1897366,1,1,101,29,28,246,0.2871287128712871,0.9655172413793104
whale_volume,rolling7_top1,62,1897372,0,0,3708,222,95,3893,0.059870550161812294,0.42792792792792794
whale_volume,rolling7_top1,62,1897372,0,1,778,265,202,1164,0.34061696658097684,0.7622641509433963
whale_volume,rolling7_top1,62,1897372,1,0,6,0,0,6,0.0,
whale_volume,rolling7_top1,62,1897372,1,1,32,4,4,62,0.125,1.0
whale_volume,rolling7_top1,62,1897373,0,0,1555,46,20,1585,0.029581993569131833,0.43478260869565216
whale_volume,rolling7_top1,62,1897373,0,1,263,58,44,378,0.22053231939163498,0.7586206896551724
whale_volume,rolling7_top1,62,1897373,1,0,1,0,0,1,0.0,
whale_volume,rolling7_top1,62,1897373,1,1,12,0,0,24,0.0,
whale_volume,rolling7_top1,62,1897374,0,0,1824,114,70,2068,0.0625,0.6140350877192983
whale_volume,rolling7_top1,62,1897374,0,1,393,109,94,555,0.27735368956743,0.8623853211009175
whale_volume,rolling7_top1,62,1897374,1,0,1,0,0,5,0.0,
whale_volume,rolling7_top1,62,1897374,1,1,18,1,1,24,0.05555555555555555,1.0
whale_volume,rolling7_top1,63,1897379,0,0,7192,409,266,7896,0.056868743047830926,0.6503667481662592
whale_volume,rolling7_top1,63,1897379,0,1,1523,686,432,5823,0.45042678923177937,0.6297376093294461
whale_volume,rolling7_top1,63,1897379,1,0,31,3,3,40,0.0967741935483871,1.0
whale_volume,rolling7_top1,63,1897379,1,1,67,8,5,1468,0.11940298507462686,0.625
whale_volume,rolling7_top1,63,1897381,0,0,2492,108,91,2621,0.04333868378812199,0.8425925925925926
whale_volume,rolling7_top1,63,1897381,0,1,514,195,160,916,0.37937743190661477,0.8205128205128205
whale_volume,rolling7_top1,63,1897381,1,1,10,0,0,13,0.0,
whale_volume,rolling7_top1,63,1897383,0,0,2883,242,148,3184,0.0839403399236906,0.6115702479338843
whale_volume,rolling7_top1,63,1897383,0,1,589,180,103,1547,0.30560271646859083,0.5722222222222222
whale_volume,rolling7_top1,63,1897383,1,0,9,1,1,9,0.1111111111111111,1.0
whale_volume,rolling7_top1,63,1897383,1,1,25,2,1,77,0.08,0.5
whale_volume,rolling7_top1,64,1897389,0,0,2989,177,75,3187,0.05921712947474072,0.423728813559322
whale_volume,rolling7_top1,64,1897389,0,1,637,259,207,1782,0.4065934065934066,0.7992277992277992
whale_volume,rolling7_top1,64,1897389,1,0,7,0,0,8,0.0,
whale_volume,rolling7_top1,64,1897389,1,1,28,5,4,104,0.17857142857142858,0.8
whale_volume,rolling7_top1,64,1897390,0,0,2253,99,54,2388,0.043941411451398134,0.5454545454545454
whale_volume,rolling7_top1,64,1897390,0,1,560,240,195,1065,0.42857142857142855,0.8125
whale_volume,rolling7_top1,64,1897390,1,1,38,9,9,70,0.23684210526315788,1.0
whale_volume,rolling7_top1,64,1897392,0,0,11253,431,236,12091,0.038300897538434193,0.5475638051044084
whale_volume,rolling7_top1,64,1897392,0,1,1613,680,440,4863,0.42157470551766896,0.6470588235294118
whale_volume,rolling7_top1,64,1897392,1,0,27,2,2,27,0.07407407407407407,1.0
whale_volume,rolling7_top1,64,1897392,1,1,103,9,7,4014,0.08737864077669903,0.7777777777777778
whale_volume,rolling7_top1,65,1897397,0,0,6926,254,147,7244,0.036673404562518046,0.5787401574803149
whale_volume,rolling7_top1,65,1897397,0,1,997,384,237,2863,0.38515546639919757,0.6171875
whale_volume,rolling7_top1,65,1897397,1,0,10,0,0,11,0.0,
whale_volume,rolling7_top1,65,1897397,1,1,67,3,2,1116,0.04477611940298507,0.6666666666666666
whale_volume,rolling7_top1,65,1897398,0,0,2083,64,37,2232,0.030724915986557848,0.578125
whale_volume,rolling7_top1,65,1897398,0,1,388,127,98,728,0.327319587628866,0.7716535433070866
whale_volume,rolling7_top1,65,1897398,1,0,1,0,0,3,0.0,
whale_volume,rolling7_top1,65,1897398,1,1,18,3,2,61,0.16666666666666666,0.6666666666666666
whale_volume,rolling7_top1,65,1897399,0,0,2320,124,81,2500,0.05344827586206897,0.6532258064516129
whale_volume,rolling7_top1,65,1897399,0,1,448,151,93,694,0.33705357142857145,0.6158940397350994
whale_volume,rolling7_top1,65,1897399,1,0,1,0,0,1,0.0,
whale_volume,rolling7_top1,65,1897399,1,1,24,6,4,159,0.25,0.6666666666666666
whale_volume,rolling7_top1,66,1897406,0,0,2176,189,85,2591,0.08685661764705882,0.4497354497354497
whale_volume,rolling7_top1,66,1897406,0,1,469,145,111,1087,0.3091684434968017,0.7655172413793103
whale_volume,rolling7_top1,66,1897406,1,0,3,0,0,3,0.0,
whale_volume,rolling7_top1,66,1897406,1,1,15,2,2,49,0.13333333333333333,1.0
whale_volume,rolling7_top1,66,1897408,0,0,1811,93,51,2177,0.05135284373274434,0.5483870967741935
whale_volume,rolling7_top1,66,1897408,0,1,346,97,80,682,0.28034682080924855,0.8247422680412371
whale_volume,rolling7_top1,66,1897408,1,0,7,2,2,8,0.2857142857142857,1.0
whale_volume,rolling7_top1,66,1897408,1,1,9,1,1,27,0.1111111111111111,1.0
whale_volume,rolling7_top1,66,1897409,0,0,3370,174,132,3994,0.05163204747774481,0.7586206896551724
whale_volume,rolling7_top1,66,1897409,0,1,538,135,99,797,0.25092936802973975,0.7333333333333333
whale_volume,rolling7_top1,66,1897409,1,0,1,0,0,1,0.0,
whale_volume,rolling7_top1,66,1897409,1,1,27,3,3,34,0.1111111111111111,1.0
whale_volume,rolling7_top1,67,1897423,0,0,7520,392,193,8334,0.052127659574468084,0.4923469387755102
whale_volume,rolling7_top1,67,1897423,0,1,1379,603,443,3384,0.4372733865119652,0.7346600331674958
whale_volume,rolling7_top1,67,1897423,1,0,10,0,0,19,0.0,
whale_volume,rolling7_top1,67,1897423,1,1,73,19,16,128,0.2602739726027397,0.8421052631578947
whale_volume,rolling7_top1,67,1897425,0,0,2705,57,29,2800,0.021072088724584104,0.5087719298245614
whale_volume,rolling7_top1,67,1897425,0,1,598,264,210,1054,0.4414715719063545,0.7954545454545454
whale_volume,rolling7_top1,67,1897425,1,0,7,0,0,8,0.0,
whale_volume,rolling7_top1,67,1897425,1,1,27,4,3,42,0.14814814814814814,0.75
whale_volume,rolling7_top1,67,1897427,0,0,3440,112,74,3631,0.03255813953488372,0.6607142857142857
whale_volume,rolling7_top1,67,1897427,0,1,691,243,187,1444,0.3516642547033285,0.7695473251028807
whale_volume,rolling7_top1,67,1897427,1,0,4,0,0,7,0.0,
whale_volume,rolling7_top1,67,1897427,1,1,28,2,1,51,0.07142857142857142,0.5
whale_volume,rolling7_top1,68,1897415,0,0,1982,272,72,2209,0.13723511604439959,0.2647058823529412
whale_volume,rolling7_top1,68,1897415,0,1,509,186,148,1032,0.3654223968565815,0.7956989247311828
whale_volume,rolling7_top1,68,1897415,1,0,3,0,0,3,0.0,
whale_volume,rolling7_top1,68,1897415,1,1,27,4,4,50,0.14814814814814814,1.0
whale_volume,rolling7_top1,68,1897416,0,0,1578,53,24,1646,0.03358681875792142,0.4528301886792453
whale_volume,rolling7_top1,68,1897416,0,1,393,144,122,756,0.366412213740458,0.8472222222222222
whale_volume,rolling7_top1,68,1897416,1,0,2,0,0,2,0.0,
whale_volume,rolling7_top1,68,1897416,1,1,12,1,1,14,0.08333333333333333,1.0
whale_volume,rolling7_top1,68,1897417,0,0,5866,445,77,6239,0.07586089328332765,0.17303370786516853
whale_volume,rolling7_top1,68,1897417,0,1,1119,376,297,1629,0.3360142984807864,0.7898936170212766
whale_volume,rolling7_top1,68,1897417,1,0,8,1,1,13,0.125,1.0
whale_volume,rolling7_top1,68,1897417,1,1,54,4,4,83,0.07407407407407407,1.0
whale_volume,rolling7_top1,69,1897432,0,0,3665,225,140,4046,0.061391541609822645,0.6222222222222222
whale_volume,rolling7_top1,69,1897432,0,1,749,281,186,3434,0.3751668891855808,0.6619217081850534
whale_volume,rolling7_top1,69,1897432,1,0,12,0,0,13,0.0,
whale_volume,rolling7_top1,69,1897432,1,1,43,4,3,434,0.09302325581395349,0.75
whale_volume,rolling7_top1,69,1897433,0,0,2744,84,49,2948,0.030612244897959183,0.5833333333333334
whale_volume,rolling7_top1,69,1897433,0,1,623,252,193,1055,0.4044943820224719,0.7658730158730159
whale_volume,rolling7_top1,69,1897433,1,1,15,1,0,21,0.06666666666666667,0.0
whale_volume,rolling7_top1,69,1897435,0,0,11257,523,256,12524,0.04645998045660478,0.4894837476099426
whale_volume,rolling7_top1,69,1897435,0,1,2049,925,645,7065,0.45143972669594923,0.6972972972972973
whale_volume,rolling7_top1,69,1897435,1,0,39,0,0,51,0.0,
whale_volume,rolling7_top1,69,1897435,1,1,114,19,13,2743,0.16666666666666666,0.6842105263157895
whale_volume,rolling7_top1,70,1897437,0,0,6050,266,149,6649,0.04396694214876033,0.5601503759398496
whale_volume,rolling7_top1,70,1897437,0,1,1306,690,521,2848,0.5283307810107197,0.755072463768116
whale_volume,rolling7_top1,70,1897437,1,0,9,0,0,10,0.0,
whale_volume,rolling7_top1,70,1897437,1,1,46,9,8,331,0.1956521739130435,0.8888888888888888
whale_volume,rolling7_top1,70,1897438,0,0,1354,29,13,1415,0.02141802067946824,0.4482758620689655
whale_volume,rolling7_top1,70,1897438,0,1,236,53,41,394,0.2245762711864407,0.7735849056603774
whale_volume,rolling7_top1,70,1897438,1,0,1,0,0,1,0.0,
whale_volume,rolling7_top1,70,1897438,1,1,4,0,0,11,0.0,
whale_volume,rolling7_top1,70,1897439,0,0,1214,38,24,1336,0.03130148270181219,0.631578947368421
whale_volume,rolling7_top1,70,1897439,0,1,284,46,31,429,0.1619718309859155,0.6739130434782609
whale_volume,rolling7_top1,70,1897439,1,0,3,0,0,3,0.0,
whale_volume,rolling7_top1,70,1897439,1,1,9,0,0,11,0.0,
whale_volume,rolling7_top1,71,1897443,0,0,2264,122,57,2627,0.053886925795053005,0.4672131147540984
whale_volume,rolling7_top1,71,1897443,0,1,476,96,54,1080,0.20168067226890757,0.5625
whale_volume,rolling7_top1,71,1897443,1,0,6,0,0,13,0.0,
whale_volume,rolling7_top1,71,1897443,1,1,16,2,2,33,0.125,1.0
whale_volume,rolling7_top1,71,1897444,0,0,3473,150,82,3984,0.04319032536711777,0.5466666666666666
whale_volume,rolling7_top1,71,1897444,0,1,620,210,144,2222,0.3387096774193548,0.6857142857142857
whale_volume,rolling7_top1,71,1897444,1,0,4,0,0,5,0.0,
whale_volume,rolling7_top1,71,1897444,1,1,25,5,5,48,0.2,1.0
whale_volume,rolling7_top1,71,1897445,0,0,4412,168,114,5168,0.038077969174977334,0.6785714285714286
whale_volume,rolling7_top1,71,1897445,0,1,683,214,163,2916,0.31332357247437775,0.7616822429906542
whale_volume,rolling7_top1,71,1897445,1,0,5,0,0,5,0.0,
whale_volume,rolling7_top1,71,1897445,1,1,25,5,4,487,0.2,0.8
whale_volume,rolling7_top1,72,1897440,0,0,1434,126,39,1553,0.08786610878661087,0.30952380952380953
whale_volume,rolling7_top1,72,1897440,0,1,589,188,148,817,0.31918505942275044,0.7872340425531915
whale_volume,rolling7_top1,72,1897440,1,1,24,2,1,34,0.08333333333333333,0.5
whale_volume,rolling7_top1,72,1897441,0,0,1188,43,23,1230,0.0361952861952862,0.5348837209302325
whale_volume,rolling7_top1,72,1897441,0,1,282,87,73,424,0.30851063829787234,0.8390804597701149
whale_volume,rolling7_top1,72,1897441,1,0,1,0,0,1,0.0,
whale_volume,rolling7_top1,72,1897441,1,1,11,0,0,14,0.0,
whale_volume,rolling7_top1,72,1897442,0,0,8146,1319,108,8482,0.16191996071691628,0.08188021228203184
whale_volume,rolling7_top1,72,1897442,0,1,1334,434,337,3456,0.32533733133433285,0.7764976958525346
whale_volume,rolling7_top1,72,1897442,1,0,9,1,1,11,0.1111111111111111,1.0
whale_volume,rolling7_top1,72,1897442,1,1,62,7,5,643,0.11290322580645161,0.7142857142857143
whale_volume,rolling7_top1,73,2680253,0,0,4044,179,82,4294,0.04426310583580613,0.4581005586592179
whale_volume,rolling7_top1,73,2680253,0,1,664,365,257,1394,0.5496987951807228,0.7041095890410959
whale_volume,rolling7_top1,73,2680253,1,0,4,1,1,4,0.25,1.0
whale_volume,rolling7_top1,73,2680253,1,1,20,0,0,25,0.0,
whale_volume,rolling7_top1,73,2680256,0,0,2404,129,82,2857,0.05366056572379368,0.6356589147286822
whale_volume,rolling7_top1,73,2680256,0,1,552,307,228,972,0.5561594202898551,0.742671009771987
whale_volume,rolling7_top1,73,2680256,1,0,5,0,0,7,0.0,
whale_volume,rolling7_top1,73,2680256,1,1,22,2,2,65,0.09090909090909091,1.0
whale_volume,rolling7_top1,73,2680257,0,0,10051,481,278,11754,0.0478559347328624,0.577962577962578
whale_volume,rolling7_top1,73,2680257,0,1,1579,759,489,3904,0.48068397720075995,0.6442687747035574
whale_volume,rolling7_top1,73,2680257,1,0,13,1,1,15,0.07692307692307693,1.0
whale_volume,rolling7_top1,73,2680257,1,1,84,11,9,253,0.13095238095238096,0.8181818181818182
whale_volume,rolling7_top1,74,2690979,0,0,17102,1094,344,17762,0.06396912641796282,0.31444241316270566
whale_volume,rolling7_top1,74,2690979,0,1,2574,1422,928,5834,0.5524475524475524,0.6526019690576652
whale_volume,rolling7_top1,74,2690979,1,0,42,6,5,45,0.14285714285714285,0.8333333333333334
whale_volume,rolling7_top1,74,2690979,1,1,133,13,9,422,0.09774436090225563,0.6923076923076923
whale_volume,rolling7_top1,74,2690981,0,0,3518,110,53,3613,0.03126776577600909,0.4818181818181818
whale_volume,rolling7_top1,74,2690981,0,1,780,422,307,1233,0.541025641025641,0.7274881516587678
whale_volume,rolling7_top1,74,2690981,1,0,2,0,0,2,0.0,
whale_volume,rolling7_top1,74,2690981,1,1,29,2,2,36,0.06896551724137931,1.0
whale_volume,rolling7_top1,74,2690983,0,0,8011,260,148,8361,0.0324553738609412,0.5692307692307692
whale_volume,rolling7_top1,74,2690983,0,1,1380,726,488,2288,0.5260869565217391,0.6721763085399449
whale_volume,rolling7_top1,74,2690983,1,0,22,2,1,29,0.09090909090909091,0.5
whale_volume,rolling7_top1,74,2690983,1,1,31,2,1,51,0.06451612903225806,0.5
whale_volume,rolling7_top1,75,2707623,0,0,11710,429,258,12854,0.03663535439795047,0.6013986013986014
whale_volume,rolling7_top1,75,2707623,0,1,1795,928,692,3744,0.516991643454039,0.7456896551724138
whale_volume,rolling7_top1,75,2707623,1,0,32,2,2,32,0.0625,1.0
whale_volume,rolling7_top1,75,2707623,1,1,100,15,13,171,0.15,0.8666666666666667
whale_volume,rolling7_top1,75,2707625,0,0,1695,58,30,1847,0.03421828908554572,0.5172413793103449
whale_volume,rolling7_top1,75,2707625,0,1,298,119,79,548,0.39932885906040266,0.6638655462184874
whale_volume,rolling7_top1,75,2707625,1,0,1,1,1,1,1.0,1.0
whale_volume,rolling7_top1,75,2707625,1,1,4,0,0,5,0.0,
whale_volume,rolling7_top1,75,2707627,0,0,2661,262,118,3088,0.09845922585494175,0.45038167938931295
whale_volume,rolling7_top1,75,2707627,0,1,446,146,95,777,0.3273542600896861,0.6506849315068494
whale_volume,rolling7_top1,75,2707627,1,0,7,0,0,7,0.0,
whale_volume,rolling7_top1,75,2707627,1,1,24,3,1,26,0.125,0.3333333333333333
whale_volume,rolling7_top1,76,2690992,0,0,10064,433,256,10462,0.04302464228934817,0.5912240184757506
whale_volume,rolling7_top1,76,2690992,0,1,1509,747,482,2531,0.49502982107355864,0.6452476572958501
whale_volume,rolling7_top1,76,2690992,1,0,22,4,1,22,0.18181818181818182,0.25
whale_volume,rolling7_top1,76,2690992,1,1,73,7,4,162,0.0958904109589041,0.5714285714285714
whale_volume,rolling7_top1,76,2690994,0,0,3040,123,84,3132,0.040460526315789475,0.6829268292682927
whale_volume,rolling7_top1,76,2690994,0,1,584,276,181,846,0.4726027397260274,0.6557971014492754
whale_volume,rolling7_top1,76,2690994,1,0,6,1,0,6,0.16666666666666666,0.0
whale_volume,rolling7_top1,76,2690994,1,1,13,0,0,18,0.0,
whale_volume,rolling7_top1,76,2690996,0,0,4507,207,127,4693,0.045928555580208565,0.6135265700483091
whale_volume,rolling7_top1,76,2690996,0,1,704,291,167,979,0.4133522727272727,0.5738831615120275
whale_volume,rolling7_top1,76,2690996,1,0,5,0,0,5,0.0,
whale_volume,rolling7_top1,76,2690996,1,1,22,4,2,44,0.18181818181818182,0.5
whale_volume,rolling7_top1,77,2707636,0,0,3545,178,60,3651,0.05021156558533145,0.33707865168539325
whale_volume,rolling7_top1,77,2707636,0,1,537,255,151,729,0.4748603351955307,0.592156862745098
whale_volume,rolling7_top1,77,2707636,1,0,7,0,0,9,0.0,
whale_volume,rolling7_top1,77,2707636,1,1,27,2,2,37,0.07407407407407407,1.0
whale_volume,rolling7_top1,77,2707637,0,0,2617,80,44,2714,0.030569354222392053,0.55
whale_volume,rolling7_top1,77,2707637,0,1,498,237,186,759,0.4759036144578313,0.7848101265822784
whale_volume,rolling7_top1,77,2707637,1,0,4,1,1,4,0.25,1.0
whale_volume,rolling7_top1,77,2707637,1,1,22,6,5,36,0.2727272727272727,0.8333333333333334
whale_volume,rolling7_top1,77,2707639,0,0,12644,761,367,13838,0.06018664979436887,0.48226018396846254
whale_volume,rolling7_top1,77,2707639,0,1,1996,1003,684,5299,0.5025050100200401,0.6819541375872383
whale_volume,rolling7_top1,77,2707639,1,0,27,2,2,31,0.07407407407407407,1.0
whale_volume,rolling7_top1,77,2707639,1,1,97,14,11,1507,0.14432989690721648,0.7857142857142857
whale_volume,rolling7_top1,78,2707644,0,0,13462,553,260,14050,0.04107859159114545,0.4701627486437613
whale_volume,rolling7_top1,78,2707644,0,1,2339,1085,873,4044,0.4638734501923899,0.8046082949308756
whale_volume,rolling7_top1,78,2707644,1,0,27,3,3,32,0.1111111111111111,1.0
whale_volume,rolling7_top1,78,2707644,1,1,86,14,8,212,0.16279069767441862,0.5714285714285714
whale_volume,rolling7_top1,78,2707646,0,0,1960,68,27,2018,0.03469387755102041,0.39705882352941174
whale_volume,rolling7_top1,78,2707646,0,1,346,156,123,459,0.4508670520231214,0.7884615384615384
whale_volume,rolling7_top1,78,2707646,1,0,3,0,0,3,0.0,
whale_volume,rolling7_top1,78,2707646,1,1,10,0,0,15,0.0,
whale_volume,rolling7_top1,78,2707648,0,0,2862,289,122,3034,0.10097833682739343,0.42214532871972316
whale_volume,rolling7_top1,78,2707648,0,1,474,194,136,655,0.4092827004219409,0.7010309278350515
whale_volume,rolling7_top1,78,2707648,1,0,9,0,0,11,0.0,
whale_volume,rolling7_top1,78,2707648,1,1,23,2,2,27,0.08695652173913043,1.0
whale_volume,rolling7_top1,79,2718892,0,0,9450,390,238,9887,0.04126984126984127,0.6102564102564103
whale_volume,rolling7_top1,79,2718892,0,1,1296,613,429,3508,0.4729938271604938,0.6998368678629691
whale_volume,rolling7_top1,79,2718892,1,0,18,0,0,24,0.0,
whale_volume,rolling7_top1,79,2718892,1,1,68,9,4,2442,0.1323529411764706,0.4444444444444444
whale_volume,rolling7_top1,79,2718893,0,0,2924,85,53,2999,0.029069767441860465,0.6235294117647059
whale_volume,rolling7_top1,79,2718893,0,1,562,266,185,1007,0.47330960854092524,0.6954887218045113
whale_volume,rolling7_top1,79,2718893,1,0,12,9,9,31,0.75,1.0
whale_volume,rolling7_top1,79,2718893,1,1,16,0,0,19,0.0,
whale_volume,rolling7_top1,79,2718894,0,0,3446,113,62,3640,0.032791642484039464,0.5486725663716814
whale_volume,rolling7_top1,79,2718894,0,1,645,282,192,954,0.4372093023255814,0.6808510638297872
whale_volume,rolling7_top1,79,2718894,1,0,3,0,0,4,0.0,
whale_volume,rolling7_top1,79,2718894,1,1,20,0,0,31,0.0,
whale_volume,rolling7_top1,80,2718900,0,0,9751,693,223,10122,0.07106963388370424,0.3217893217893218
whale_volume,rolling7_top1,80,2718900,0,1,1396,637,438,2947,0.45630372492836674,0.6875981161695447
whale_volume,rolling7_top1,80,2718900,1,0,15,2,2,15,0.13333333333333333,1.0
whale_volume,rolling7_top1,80,2718900,1,1,46,6,5,164,0.13043478260869565,0.8333333333333334
whale_volume,rolling7_top1,80,2718902,0,0,2566,161,28,2612,0.0627435697583788,0.17391304347826086
whale_volume,rolling7_top1,80,2718902,0,1,390,219,165,639,0.5615384615384615,0.7534246575342466
whale_volume,rolling7_top1,80,2718902,1,0,8,1,0,8,0.125,0.0
whale_volume,rolling7_top1,80,2718902,1,1,11,0,0,14,0.0,
whale_volume,rolling7_top1,80,2718903,0,0,3053,198,82,3257,0.06485424172944644,0.41414141414141414
whale_volume,rolling7_top1,80,2718903,0,1,541,287,180,869,0.5304990757855823,0.627177700348432
whale_volume,rolling7_top1,80,2718903,1,0,2,0,0,2,0.0,
whale_volume,rolling7_top1,80,2718903,1,1,23,4,4,36,0.17391304347826086,1.0
whale_volume,rolling7_top1,81,2718907,0,0,8350,469,319,8928,0.05616766467065868,0.6801705756929638
whale_volume,rolling7_top1,81,2718907,0,1,1438,769,472,2867,0.5347705146036161,0.6137841352405722
whale_volume,rolling7_top1,81,2718907,1,0,29,8,8,59,0.27586206896551724,1.0
whale_volume,rolling7_top1,81,2718907,1,1,54,11,10,184,0.2037037037037037,0.9090909090909091
whale_volume,rolling7_top1,81,2718908,0,0,3258,170,135,3442,0.0521792510742787,0.7941176470588235
whale_volume,rolling7_top1,81,2718908,0,1,534,292,227,953,0.5468164794007491,0.7773972602739726
whale_volume,rolling7_top1,81,2718908,1,0,6,1,0,6,0.16666666666666666,0.0
whale_volume,rolling7_top1,81,2718908,1,1,12,0,0,17,0.0,
whale_volume,rolling7_top1,81,2718910,0,0,5824,311,195,6232,0.05339972527472527,0.6270096463022508
whale_volume,rolling7_top1,81,2718910,0,1,813,447,326,2047,0.5498154981549815,0.7293064876957495
whale_volume,rolling7_top1,81,2718910,1,0,7,2,1,8,0.2857142857142857,0.5
whale_volume,rolling7_top1,81,2718910,1,1,19,3,2,90,0.15789473684210525,0.6666666666666666
whale_volume,rolling7_top1,82,2690999,0,0,9284,392,172,9702,0.04222317966393796,0.4387755102040816
whale_volume,rolling7_top1,82,2690999,0,1,1510,730,531,2999,0.48344370860927155,0.7273972602739726
whale_volume,rolling7_top1,82,2690999,1,0,18,1,1,20,0.05555555555555555,1.0
whale_volume,rolling7_top1,82,2690999,1,1,61,11,8,1126,0.18032786885245902,0.7272727272727273
whale_volume,rolling7_top1,82,2691003,0,0,2048,52,27,2104,0.025390625,0.5192307692307693
whale_volume,rolling7_top1,82,2691003,0,1,318,116,87,417,0.36477987421383645,0.75
whale_volume,rolling7_top1,82,2691003,1,0,5,1,0,5,0.2,0.0
whale_volume,rolling7_top1,82,2691003,1,1,8,1,1,12,0.125,1.0
whale_volume,rolling7_top1,82,2691004,0,0,3476,104,55,3685,0.02991944764096663,0.5288461538461539
whale_volume,rolling7_top1,82,2691004,0,1,501,169,130,838,0.3373253493013972,0.7692307692307693
whale_volume,rolling7_top1,82,2691004,1,0,6,0,0,6,0.0,
whale_volume,rolling7_top1,82,2691004,1,1,24,2,2,45,0.08333333333333333,1.0
whale_volume,rolling7_top1,83,2718913,0,0,10869,530,168,11333,0.04876253565185389,0.3169811320754717
whale_volume,rolling7_top1,83,2718913,0,1,1733,853,644,4132,0.49221004039238314,0.7549824150058617
whale_volume,rolling7_top1,83,2718913,1,0,15,0,0,15,0.0,
whale_volume,rolling7_top1,83,2718913,1,1,80,10,8,329,0.125,0.8
whale_volume,rolling7_top1,83,2718914,0,0,2108,133,32,2204,0.06309297912713473,0.24060150375939848
whale_volume,rolling7_top1,83,2718914,0,1,466,215,171,727,0.4613733905579399,0.7953488372093023
whale_volume,rolling7_top1,83,2718914,1,0,1,0,0,1,0.0,
whale_volume,rolling7_top1,83,2718914,1,1,17,2,2,55,0.11764705882352941,1.0
whale_volume,rolling7_top1,83,2718915,0,0,3102,150,54,3223,0.048355899419729204,0.36
whale_volume,rolling7_top1,83,2718915,0,1,528,243,202,839,0.4602272727272727,0.831275720164609
whale_volume,rolling7_top1,83,2718915,1,0,7,0,0,7,0.0,
whale_volume,rolling7_top1,83,2718915,1,1,24,3,3,28,0.125,1.0
whale_volume,rolling7_top1,84,2718919,0,0,12267,1519,160,12495,0.12382815684356403,0.10533245556287031
whale_volume,rolling7_top1,84,2718919,0,1,1547,724,483,3161,0.4680025856496445,0.6671270718232044
whale_volume,rolling7_top1,84,2718919,1,0,11,1,1,13,0.09090909090909091,1.0
whale_volume,rolling7_top1,84,2718919,1,1,86,13,9,740,0.1511627906976744,0.6923076923076923
whale_volume,rolling7_top1,84,2718920,0,0,3856,160,69,4121,0.04149377593360996,0.43125
whale_volume,rolling7_top1,84,2718920,0,1,744,351,272,1524,0.4717741935483871,0.7749287749287749
whale_volume,rolling7_top1,84,2718920,1,0,12,3,3,12,0.25,1.0
whale_volume,rolling7_top1,84,2718920,1,1,32,3,2,159,0.09375,0.6666666666666666
whale_volume,rolling7_top1,84,2718922,0,0,5206,228,99,5349,0.043795620437956206,0.4342105263157895
whale_volume,rolling7_top1,84,2718922,0,1,896,413,311,1243,0.4609375,0.7530266343825666
whale_volume,rolling7_top1,84,2718922,1,0,10,3,3,11,0.3,1.0
whale_volume,rolling7_top1,84,2718922,1,1,30,5,4,52,0.16666666666666666,0.8
whale_volume,rolling7_top1,85,2718925,0,0,8508,303,183,8763,0.03561354019746121,0.6039603960396039
whale_volume,rolling7_top1,85,2718925,0,1,1423,754,540,3235,0.5298664792691496,0.7161803713527851
whale_volume,rolling7_top1,85,2718925,1,0,15,1,1,15,0.06666666666666667,1.0
whale_volume,rolling7_top1,85,2718925,1,1,81,6,5,223,0.07407407407407407,0.8333333333333334
whale_volume,rolling7_top1,85,2718926,0,0,2255,60,32,2347,0.026607538802660754,0.5333333333333333
whale_volume,rolling7_top1,85,2718926,0,1,430,182,141,785,0.4232558139534884,0.7747252747252747
whale_volume,rolling7_top1,85,2718926,1,0,3,0,0,3,0.0,
whale_volume,rolling7_top1,85,2718926,1,1,10,0,0,35,0.0,
whale_volume,rolling7_top1,85,2718928,0,0,2610,97,52,2677,0.0371647509578544,0.5360824742268041
whale_volume,rolling7_top1,85,2718928,0,1,470,156,118,763,0.33191489361702126,0.7564102564102564
whale_volume,rolling7_top1,85,2718928,1,0,3,2,0,3,0.6666666666666666,0.0
whale_volume,rolling7_top1,85,2718928,1,1,18,3,3,21,0.16666666666666666,1.0
whale_volume,rolling7_top1,86,2707653,0,0,4304,232,92,4515,0.05390334572490706,0.39655172413793105
whale_volume,rolling7_top1,86,2707653,0,1,866,423,264,1661,0.4884526558891455,0.624113475177305
whale_volume,rolling7_top1,86,2707653,1,0,9,0,0,10,0.0,
whale_volume,rolling7_top1,86,2707653,1,1,30,4,3,46,0.13333333333333333,0.75
whale_volume,rolling7_top1,86,2707655,0,0,2921,140,64,3018,0.04792879150975693,0.45714285714285713
whale_volume,rolling7_top1,86,2707655,0,1,577,276,202,790,0.4783362218370884,0.7318840579710145
whale_volume,rolling7_top1,86,2707655,1,0,4,0,0,6,0.0,
whale_volume,rolling7_top1,86,2707655,1,1,12,1,1,24,0.08333333333333333,1.0
whale_volume,rolling7_top1,86,2707656,0,0,8625,464,207,9185,0.05379710144927536,0.44612068965517243
whale_volume,rolling7_top1,86,2707656,0,1,1278,593,418,3374,0.46400625978090765,0.7048903878583473
whale_volume,rolling7_top1,86,2707656,1,0,18,0,0,18,0.0,
whale_volume,rolling7_top1,86,2707656,1,1,60,9,6,358,0.15,0.6666666666666666
whale_volume,rolling7_top1,87,2707658,0,0,19161,5129,265,20248,0.26767913991962844,0.05166699161629947
whale_volume,rolling7_top1,87,2707658,0,1,2177,894,649,3142,0.41065686724850714,0.7259507829977628
whale_volume,rolling7_top1,87,2707658,1,0,64,6,6,75,0.09375,1.0
whale_volume,rolling7_top1,87,2707658,1,1,97,17,13,353,0.17525773195876287,0.7647058823529411
whale_volume,rolling7_top1,87,2707659,0,0,4240,170,92,4380,0.04009433962264151,0.5411764705882353
whale_volume,rolling7_top1,87,2707659,0,1,1071,519,396,1653,0.484593837535014,0.7630057803468208
whale_volume,rolling7_top1,87,2707659,1,0,3,0,0,4,0.0,
whale_volume,rolling7_top1,87,2707659,1,1,8,0,0,14,0.0,
whale_volume,rolling7_top1,87,2707660,0,0,7579,757,148,8013,0.09988125082464705,0.1955085865257596
whale_volume,rolling7_top1,87,2707660,0,1,2047,882,643,2918,0.4308744504152418,0.7290249433106576
whale_volume,rolling7_top1,87,2707660,1,0,5,0,0,6,0.0,
whale_volume,rolling7_top1,87,2707660,1,1,50,4,4,80,0.08,1.0
whale_volume,rolling7_top1,88,2718931,0,0,8096,247,110,8323,0.030508893280632412,0.44534412955465585
whale_volume,rolling7_top1,88,2718931,0,1,1219,538,367,1936,0.4413453650533224,0.6821561338289963
whale_volume,rolling7_top1,88,2718931,1,0,15,0,0,17,0.0,
whale_volume,rolling7_top1,88,2718931,1,1,51,11,5,139,0.21568627450980393,0.45454545454545453
whale_volume,rolling7_top1,88,2718932,0,0,2300,64,33,2394,0.02782608695652174,0.515625
whale_volume,rolling7_top1,88,2718932,0,1,433,154,115,650,0.3556581986143187,0.7467532467532467
whale_volume,rolling7_top1,88,2718932,1,0,2,0,0,3,0.0,
whale_volume,rolling7_top1,88,2718932,1,1,13,0,0,21,0.0,
whale_volume,rolling7_top1,88,2718933,0,0,3056,86,38,3160,0.0281413612565445,0.4418604651162791
whale_volume,rolling7_top1,88,2718933,0,1,593,211,167,900,0.35581787521079256,0.7914691943127962
whale_volume,rolling7_top1,88,2718933,1,0,5,0,0,5,0.0,
whale_volume,rolling7_top1,88,2718933,1,1,15,2,2,27,0.13333333333333333,1.0
whale_volume,rolling7_top1,89,2740917,0,0,4014,234,93,4623,0.05829596412556054,0.3974358974358974
whale_volume,rolling7_top1,89,2740917,0,1,735,286,169,1105,0.3891156462585034,0.5909090909090909
whale_volume,rolling7_top1,89,2740917,1,0,8,0,0,13,0.0,
whale_volume,rolling7_top1,89,2740917,1,1,34,5,4,97,0.14705882352941177,0.8
whale_volume,rolling7_top1,89,2740919,0,0,2591,79,44,2705,0.03049015824006175,0.5569620253164557
whale_volume,rolling7_top1,89,2740919,0,1,549,224,172,766,0.4080145719489982,0.7678571428571429
whale_volume,rolling7_top1,89,2740919,1,0,6,2,2,8,0.3333333333333333,1.0
whale_volume,rolling7_top1,89,2740919,1,1,18,1,1,29,0.05555555555555555,1.0
whale_volume,rolling7_top1,89,2740921,0,0,13720,666,387,14659,0.048542274052478136,0.581081081081081
whale_volume,rolling7_top1,89,2740921,0,1,2021,817,581,5760,0.40425531914893614,0.7111383108935129
whale_volume,rolling7_top1,89,2740921,1,0,30,2,1,39,0.06666666666666667,0.5
whale_volume,rolling7_top1,89,2740921,1,1,121,11,11,1269,0.09090909090909091,1.0
whale_volume,rolling7_top1,90,2754625,0,0,3707,297,62,3839,0.08011869436201781,0.20875420875420875
whale_volume,rolling7_top1,90,2754625,0,1,514,186,134,887,0.36186770428015563,0.7204301075268817
whale_volume,rolling7_top1,90,2754625,1,0,4,0,0,4,0.0,
whale_volume,rolling7_top1,90,2754625,1,1,26,5,4,67,0.19230769230769232,0.8
whale_volume,rolling7_top1,90,2754627,0,0,2454,99,39,2548,0.040342298288508556,0.3939393939393939
whale_volume,rolling7_top1,90,2754627,0,1,482,244,216,711,0.5062240663900415,0.8852459016393442
whale_volume,rolling7_top1,90,2754627,1,1,8,0,0,13,0.0,
whale_volume,rolling7_top1,90,2754628,0,0,10220,1635,180,14093,0.15998043052837574,0.11009174311926606
whale_volume,rolling7_top1,90,2754628,0,1,1555,648,493,2417,0.41672025723472667,0.7608024691358025
whale_volume,rolling7_top1,90,2754628,1,0,17,0,0,17,0.0,
whale_volume,rolling7_top1,90,2754628,1,1,77,6,5,228,0.07792207792207792,0.8333333333333334
whale_volume,rolling7_top1,91,2754647,0,0,14697,1867,263,17132,0.1270327277675716,0.14086770219603642
whale_volume,rolling7_top1,91,2754647,0,1,2180,1148,814,5923,0.5266055045871559,0.7090592334494773
whale_volume,rolling7_top1,91,2754647,1,0,44,4,3,48,0.09090909090909091,0.75
whale_volume,rolling7_top1,91,2754647,1,1,89,16,12,195,0.1797752808988764,0.75
whale_volume,rolling7_top1,91,2754649,0,0,3580,92,46,3695,0.02569832402234637,0.5
whale_volume,rolling7_top1,91,2754649,0,1,772,343,267,991,0.44430051813471505,0.7784256559766763
whale_volume,rolling7_top1,91,2754649,1,0,5,0,0,8,0.0,
whale_volume,rolling7_top1,91,2754649,1,1,15,2,2,27,0.13333333333333333,1.0
whale_volume,rolling7_top1,91,2754651,0,0,7945,320,168,8798,0.040276903713027064,0.525
whale_volume,rolling7_top1,91,2754651,0,1,1284,597,424,3727,0.4649532710280374,0.7102177554438861
whale_volume,rolling7_top1,91,2754651,1,0,6,1,1,7,0.16666666666666666,1.0
whale_volume,rolling7_top1,91,2754651,1,1,27,2,2,68,0.07407407407407407,1.0
whale_volume,rolling7_top1,92,2766759,0,0,10694,477,243,11531,0.04460445109407144,0.5094339622641509
whale_volume,rolling7_top1,92,2766759,0,1,2092,1168,981,5889,0.5583173996175909,0.8398972602739726
whale_volume,rolling7_top1,92,2766759,1,0,29,3,2,35,0.10344827586206896,0.6666666666666666
whale_volume,rolling7_top1,92,2766759,1,1,106,23,20,2000,0.2169811320754717,0.8695652173913043
whale_volume,rolling7_top1,92,2766760,0,0,4131,212,135,4635,0.05131929314935851,0.6367924528301887
whale_volume,rolling7_top1,92,2766760,0,1,839,389,306,1375,0.4636471990464839,0.7866323907455013
whale_volume,rolling7_top1,92,2766760,1,0,2,0,0,2,0.0,
whale_volume,rolling7_top1,92,2766760,1,1,28,8,4,86,0.2857142857142857,0.5
whale_volume,rolling7_top1,92,2766762,0,0,9238,479,298,10436,0.05185105001082485,0.6221294363256785
whale_volume,rolling7_top1,92,2766762,0,1,1479,726,487,2398,0.4908722109533469,0.6707988980716253
whale_volume,rolling7_top1,92,2766762,1,0,10,2,2,11,0.2,1.0
whale_volume,rolling7_top1,92,2766762,1,1,62,9,4,209,0.14516129032258066,0.4444444444444444
whale_volume,rolling7_top1,93,2781973,0,0,9936,461,159,10586,0.04639694041867955,0.34490238611713664
whale_volume,rolling7_top1,93,2781973,0,1,1428,793,584,2574,0.5553221288515406,0.7364438839848676
whale_volume,rolling7_top1,93,2781973,1,0,31,2,1,38,0.06451612903225806,0.5
whale_volume,rolling7_top1,93,2781973,1,1,40,6,5,85,0.15,0.8333333333333334
whale_volume,rolling7_top1,93,2781975,0,0,3829,85,39,3945,0.022199007573779055,0.4588235294117647
whale_volume,rolling7_top1,93,2781975,0,1,709,369,315,1123,0.5204513399153737,0.8536585365853658
whale_volume,rolling7_top1,93,2781975,1,0,8,2,2,8,0.25,1.0
whale_volume,rolling7_top1,93,2781975,1,1,27,6,6,44,0.2222222222222222,1.0
whale_volume,rolling7_top1,93,2781976,0,0,10813,595,232,12996,0.05502635716267456,0.3899159663865546
whale_volume,rolling7_top1,93,2781976,0,1,1848,940,596,3319,0.5086580086580087,0.6340425531914894
whale_volume,rolling7_top1,93,2781976,1,0,28,1,1,29,0.03571428571428571,1.0
whale_volume,rolling7_top1,93,2781976,1,1,90,17,12,143,0.18888888888888888,0.7058823529411765
whale_volume,rolling7_top1,94,2766773,0,0,10338,704,252,13212,0.06809827819694332,0.35795454545454547
whale_volume,rolling7_top1,94,2766773,0,1,1627,782,556,3703,0.48063921327596804,0.710997442455243
whale_volume,rolling7_top1,94,2766773,1,0,28,3,2,29,0.10714285714285714,0.6666666666666666
whale_volume,rolling7_top1,94,2766773,1,1,103,13,7,1625,0.1262135922330097,0.5384615384615384
whale_volume,rolling7_top1,94,2766774,0,0,3467,179,100,3666,0.05162965099509662,0.5586592178770949
whale_volume,rolling7_top1,94,2766774,0,1,761,287,247,1380,0.3771353482260184,0.8606271777003485
whale_volume,rolling7_top1,94,2766774,1,0,7,1,1,7,0.14285714285714285,1.0
whale_volume,rolling7_top1,94,2766774,1,1,32,1,1,89,0.03125,1.0
whale_volume,rolling7_top1,94,2766776,0,0,6928,342,239,7950,0.049364896073903,0.6988304093567251
whale_volume,rolling7_top1,94,2766776,0,1,1242,512,358,2038,0.41223832528180354,0.69921875
whale_volume,rolling7_top1,94,2766776,1,0,7,0,0,8,0.0,
whale_volume,rolling7_top1,94,2766776,1,1,44,6,5,146,0.13636363636363635,0.8333333333333334
whale_volume,rolling7_top1,95,2793738,0,0,13335,1304,275,16082,0.09778777652793401,0.21088957055214724
whale_volume,rolling7_top1,95,2793738,0,1,1896,883,662,3374,0.4657172995780591,0.7497168742921857
whale_volume,rolling7_top1,95,2793738,1,0,51,1,1,54,0.0196078431372549,1.0
whale_volume,rolling7_top1,95,2793738,1,1,77,11,8,220,0.14285714285714285,0.7272727272727273
whale_volume,rolling7_top1,95,2793739,0,0,2617,139,69,2823,0.05311425296140619,0.49640287769784175
whale_volume,rolling7_top1,95,2793739,0,1,665,211,172,897,0.3172932330827068,0.8151658767772512
whale_volume,rolling7_top1,95,2793739,1,0,6,2,2,6,0.3333333333333333,1.0
whale_volume,rolling7_top1,95,2793739,1,1,37,0,0,54,0.0,
whale_volume,rolling7_top1,95,2793741,0,0,5605,667,132,5884,0.11900089206066013,0.19790104947526238
whale_volume,rolling7_top1,95,2793741,0,1,918,426,370,1465,0.46405228758169936,0.8685446009389671
whale_volume,rolling7_top1,95,2793741,1,0,4,0,0,4,0.0,
whale_volume,rolling7_top1,95,2793741,1,1,30,4,4,91,0.13333333333333333,1.0
whale_volume,rolling7_top1,96,2793753,0,0,5171,277,133,5398,0.053567975246567395,0.48014440433212996
whale_volume,rolling7_top1,96,2793753,0,1,847,391,261,1580,0.46162927981109797,0.6675191815856778
whale_volume,rolling7_top1,96,2793753,1,0,11,1,1,12,0.09090909090909091,1.0
whale_volume,rolling7_top1,96,2793753,1,1,30,4,2,71,0.13333333333333333,0.5
whale_volume,rolling7_top1,96,2793754,0,0,2766,160,117,2973,0.05784526391901663,0.73125
whale_volume,rolling7_top1,96,2793754,0,1,560,256,214,1056,0.45714285714285713,0.8359375
whale_volume,rolling7_top1,96,2793754,1,0,6,2,2,6,0.3333333333333333,1.0
whale_volume,rolling7_top1,96,2793754,1,1,14,4,4,68,0.2857142857142857,1.0
whale_volume,rolling7_top1,96,2793757,0,0,10334,582,310,14183,0.056318947164699054,0.5326460481099656
whale_volume,rolling7_top1,96,2793757,0,1,1507,701,511,2786,0.46516257465162575,0.7289586305278174
whale_volume,rolling7_top1,96,2793757,1,0,53,3,3,56,0.05660377358490566,1.0
whale_volume,rolling7_top1,96,2793757,1,1,89,10,8,172,0.11235955056179775,0.8
whale_volume,rolling7_top1,97,2804853,0,0,19919,1044,352,20754,0.05241226969225363,0.3371647509578544
whale_volume,rolling7_top1,97,2804853,0,1,3097,1610,1169,6009,0.5198579270261543,0.7260869565217392
whale_volume,rolling7_top1,97,2804853,1,0,64,3,1,71,0.046875,0.3333333333333333
whale_volume,rolling7_top1,97,2804853,1,1,120,18,15,1058,0.15,0.8333333333333334
whale_volume,rolling7_top1,97,2804855,0,0,3691,180,83,3857,0.04876727174207532,0.46111111111111114
whale_volume,rolling7_top1,97,2804855,0,1,911,401,281,1251,0.44017563117453345,0.7007481296758105
whale_volume,rolling7_top1,97,2804855,1,0,16,1,0,17,0.0625,0.0
whale_volume,rolling7_top1,97,2804855,1,1,23,1,1,28,0.043478260869565216,1.0
whale_volume,rolling7_top1,97,2804857,0,0,8366,760,159,8722,0.09084389194358117,0.20921052631578949
whale_volume,rolling7_top1,97,2804857,0,1,1445,701,554,2064,0.485121107266436,0.7902995720399429
whale_volume,rolling7_top1,97,2804857,1,0,23,3,3,27,0.13043478260869565,1.0
whale_volume,rolling7_top1,97,2804857,1,1,50,10,10,75,0.2,1.0
whale_volume,rolling7_top1,98,2829164,0,0,17990,1900,382,19600,0.1056142301278488,0.20105263157894737
whale_volume,rolling7_top1,98,2829164,0,1,3005,1594,1221,7503,0.5304492512479201,0.7659974905897114
whale_volume,rolling7_top1,98,2829164,1,0,37,0,0,40,0.0,
whale_volume,rolling7_top1,98,2829164,1,1,132,26,24,266,0.19696969696969696,0.9230769230769231
whale_volume,rolling7_top1,98,2829166,0,0,3046,218,54,3126,0.07156927117531188,0.24770642201834864
whale_volume,rolling7_top1,98,2829166,0,1,808,365,299,1420,0.45173267326732675,0.8191780821917808
whale_volume,rolling7_top1,98,2829166,1,0,8,0,0,10,0.0,
whale_volume,rolling7_top1,98,2829166,1,1,31,2,2,40,0.06451612903225806,1.0
whale_volume,rolling7_top1,98,2829167,0,0,6340,489,190,7949,0.07712933753943217,0.3885480572597137
whale_volume,rolling7_top1,98,2829167,0,1,1252,548,451,1838,0.43769968051118213,0.822992700729927
whale_volume,rolling7_top1,98,2829167,1,0,18,2,2,21,0.1111111111111111,1.0
whale_volume,rolling7_top1,98,2829167,1,1,50,5,5,60,0.1,1.0
whale_volume,rolling7_top1,99,2815441,0,0,20216,1495,448,21500,0.07395132568262762,0.29966555183946486
whale_volume,rolling7_top1,99,2815441,0,1,3494,1697,1312,5328,0.48568975386376645,0.7731290512669416
whale_volume,rolling7_top1,99,2815441,1,0,43,3,3,74,0.06976744186046512,1.0
whale_volume,rolling7_top1,99,2815441,1,1,102,22,20,318,0.21568627450980393,0.9090909090909091
whale_volume,rolling7_top1,99,2815442,0,0,4372,340,79,4613,0.0777676120768527,0.2323529411764706
whale_volume,rolling7_top1,99,2815442,0,1,1042,389,326,1356,0.373320537428023,0.8380462724935732
whale_volume,rolling7_top1,99,2815442,1,0,8,1,1,8,0.125,1.0
whale_volume,rolling7_top1,99,2815442,1,1,34,3,3,71,0.08823529411764706,1.0
whale_volume,rolling7_top1,99,2815444,0,0,13108,1690,273,14240,0.12892889838266708,0.16153846153846155
whale_volume,rolling7_top1,99,2815444,0,1,2278,1001,742,3767,0.43942054433713784,0.7412587412587412
whale_volume,rolling7_top1,99,2815444,1,0,41,7,6,52,0.17073170731707318,0.8571428571428571
whale_volume,rolling7_top1,99,2815444,1,1,97,15,10,230,0.15463917525773196,0.6666666666666666
whale_volume,rolling7_top1,100,2844058,0,0,19118,2215,414,20175,0.11585939951877812,0.18690744920993227
whale_volume,rolling7_top1,100,2844058,0,1,2841,1294,1045,5526,0.45547342485040476,0.8075734157650696
whale_volume,rolling7_top1,100,2844058,1,0,74,2,1,77,0.02702702702702703,0.5
whale_volume,rolling7_top1,100,2844058,1,1,150,23,15,434,0.15333333333333332,0.6521739130434783
whale_volume,rolling7_top1,100,2844059,0,0,2835,321,86,3118,0.11322751322751323,0.26791277258566976
whale_volume,rolling7_top1,100,2844059,0,1,523,181,131,809,0.34608030592734224,0.7237569060773481
whale_volume,rolling7_top1,100,2844059,1,0,10,0,0,12,0.0,
whale_volume,rolling7_top1,100,2844059,1,1,23,5,5,28,0.21739130434782608,1.0
whale_volume,rolling7_top1,100,2844060,0,0,4238,524,178,4634,0.12364322793770646,0.33969465648854963
whale_volume,rolling7_top1,100,2844060,0,1,897,326,241,1406,0.3634336677814939,0.7392638036809815
whale_volume,rolling7_top1,100,2844060,1,0,5,0,0,5,0.0,
whale_volume,rolling7_top1,100,2844060,1,1,34,1,1,58,0.029411764705882353,1.0
whale_volume,rolling7_top1,101,2879968,0,0,17961,1190,417,19379,0.06625466288068593,0.35042016806722687
whale_volume,rolling7_top1,101,2879968,0,1,3551,1871,1499,6204,0.5268938327231766,0.8011758417958311
whale_volume,rolling7_top1,101,2879968,1,0,60,6,3,70,0.1,0.5
whale_volume,rolling7_top1,101,2879968,1,1,152,35,30,349,0.23026315789473684,0.8571428571428571
whale_volume,rolling7_top1,101,2879969,0,0,4147,259,71,4430,0.06245478659271763,0.27413127413127414
whale_volume,rolling7_top1,101,2879969,0,1,1167,475,375,1558,0.4070265638389032,0.7894736842105263
whale_volume,rolling7_top1,101,2879969,1,0,16,1,1,20,0.0625,1.0
whale_volume,rolling7_top1,101,2879969,1,1,33,5,5,40,0.15151515151515152,1.0
whale_volume,rolling7_top1,101,2879970,0,0,5229,486,169,5628,0.09294320137693632,0.3477366255144033
whale_volume,rolling7_top1,101,2879970,0,1,1249,391,281,1557,0.3130504403522818,0.7186700767263428
whale_volume,rolling7_top1,101,2879970,1,0,13,0,0,19,0.0,
whale_volume,rolling7_top1,101,2879970,1,1,32,8,8,43,0.25,1.0
whale_volume,rolling7_top1,102,2891165,0,0,10132,634,195,10661,0.0625740228977497,0.30757097791798105
whale_volume,rolling7_top1,102,2891165,0,1,2032,912,692,3157,0.44881889763779526,0.7587719298245614
whale_volume,rolling7_top1,102,2891165,1,0,33,7,6,46,0.21212121212121213,0.8571428571428571
whale_volume,rolling7_top1,102,2891165,1,1,56,5,5,82,0.08928571428571429,1.0
whale_volume,rolling7_top1,102,2891166,0,0,3796,206,88,4137,0.05426765015806112,0.42718446601941745
whale_volume,rolling7_top1,102,2891166,0,1,889,294,245,1631,0.33070866141732286,0.8333333333333334
whale_volume,rolling7_top1,102,2891166,1,0,18,8,8,26,0.4444444444444444,1.0
whale_volume,rolling7_top1,102,2891166,1,1,28,2,2,49,0.07142857142857142,1.0
whale_volume,rolling7_top1,102,2891167,0,0,9433,591,229,10119,0.06265239054383547,0.38747884940778343
whale_volume,rolling7_top1,102,2891167,0,1,2215,998,788,3134,0.4505643340857788,0.7895791583166333
whale_volume,rolling7_top1,102,2891167,1,0,20,2,1,20,0.1,0.5
whale_volume,rolling7_top1,102,2891167,1,1,39,4,3,75,0.10256410256410256,0.75
whale_volume,rolling7_top1,103,2941971,0,0,7447,480,232,7877,0.06445548543037465,0.48333333333333334
whale_volume,rolling7_top1,103,2941971,0,1,2528,1072,976,3740,0.4240506329113924,0.9104477611940298
whale_volume,rolling7_top1,103,2941971,1,0,41,1,1,49,0.024390243902439025,1.0
whale_volume,rolling7_top1,103,2941971,1,1,55,7,6,85,0.12727272727272726,0.8571428571428571
whale_volume,rolling7_top1,103,2941972,0,0,1667,111,36,1763,0.0665866826634673,0.32432432432432434
whale_volume,rolling7_top1,103,2941972,0,1,539,132,97,677,0.24489795918367346,0.7348484848484849
whale_volume,rolling7_top1,103,2941972,1,0,7,0,0,7,0.0,
whale_volume,rolling7_top1,103,2941972,1,1,21,1,1,25,0.047619047619047616,1.0
whale_volume,rolling7_top1,103,2941973,0,0,3030,288,68,3230,0.09504950495049505,0.2361111111111111
whale_volume,rolling7_top1,103,2941973,0,1,1188,331,278,1508,0.2786195286195286,0.8398791540785498
whale_volume,rolling7_top1,103,2941973,1,0,6,1,1,7,0.16666666666666666,1.0
whale_volume,rolling7_top1,103,2941973,1,1,13,1,1,19,0.07692307692307693,1.0
whale_volume,rolling7_top1,104,2941974,0,0,6516,496,175,6866,0.07612031921424187,0.3528225806451613
whale_volume,rolling7_top1,104,2941974,0,1,1686,544,479,2235,0.32265717674970346,0.8805147058823529
whale_volume,rolling7_top1,104,2941974,1,0,29,2,2,34,0.06896551724137931,1.0
whale_volume,rolling7_top1,104,2941974,1,1,56,5,4,105,0.08928571428571429,0.8
whale_volume,rolling7_top1,104,2941975,0,0,2992,217,134,3136,0.07252673796791444,0.6175115207373272
whale_volume,rolling7_top1,104,2941975,0,1,481,83,75,542,0.17255717255717257,0.9036144578313253
whale_volume,rolling7_top1,104,2941975,1,0,10,1,1,11,0.1,1.0
whale_volume,rolling7_top1,104,2941975,1,1,19,2,2,23,0.10526315789473684,1.0
whale_volume,rolling7_top1,104,2941976,0,0,8782,699,396,9451,0.07959462537007515,0.5665236051502146
whale_volume,rolling7_top1,104,2941976,0,1,3504,1744,1643,5489,0.4977168949771689,0.9420871559633027
whale_volume,rolling7_top1,104,2941976,1,0,35,3,2,41,0.08571428571428572,0.6666666666666666
whale_volume,rolling7_top1,104,2941976,1,1,82,21,21,192,0.25609756097560976,1.0
