specification,event_id,market_id,large_action,dynamic_high_activity,actions,any_next,same_next,source_transaction_actions,any_next_action_5m,same_direction_given_next_5m
expanding,12,1897067,0,0.0,3282,172,116,3803,0.05240706886045095,0.6744186046511628
expanding,12,1897067,0,1.0,220,142,71,4233,0.6454545454545455,0.5
expanding,12,1897067,1,0.0,28,4,4,37,0.14285714285714285,1.0
expanding,12,1897067,1,1.0,20,5,5,101,0.25,1.0
rolling_7d,12,1897067,0,0.0,3284,172,116,3805,0.05237515225334957,0.6744186046511628
rolling_7d,12,1897067,0,1.0,218,142,71,4231,0.6513761467889908,0.5
rolling_7d,12,1897067,1,0.0,28,4,4,37,0.14285714285714285,1.0
rolling_7d,12,1897067,1,1.0,20,5,5,101,0.25,1.0
expanding,12,1897068,0,0.0,586,28,14,647,0.04778156996587031,0.5
expanding,12,1897068,0,1.0,93,57,40,293,0.6129032258064516,0.7017543859649122
expanding,12,1897068,1,0.0,6,0,0,7,0.0,
expanding,12,1897068,1,1.0,3,0,0,15,0.0,
rolling_7d,12,1897068,0,0.0,586,28,14,647,0.04778156996587031,0.5
rolling_7d,12,1897068,0,1.0,93,57,40,293,0.6129032258064516,0.7017543859649122
rolling_7d,12,1897068,1,0.0,6,0,0,7,0.0,
rolling_7d,12,1897068,1,1.0,3,0,0,15,0.0,
expanding,12,1897069,0,0.0,718,38,17,819,0.052924791086350974,0.4473684210526316
expanding,12,1897069,0,1.0,93,67,31,575,0.7204301075268817,0.4626865671641791
expanding,12,1897069,1,0.0,5,0,0,6,0.0,
expanding,12,1897069,1,1.0,12,0,0,23,0.0,
rolling_7d,12,1897069,0,0.0,719,38,17,820,0.05285118219749652,0.4473684210526316
rolling_7d,12,1897069,0,1.0,92,67,31,574,0.7282608695652174,0.4626865671641791
rolling_7d,12,1897069,1,0.0,5,0,0,6,0.0,
rolling_7d,12,1897069,1,1.0,12,0,0,23,0.0,
expanding,13,1897070,0,0.0,6908,403,201,7459,0.058338158656629995,0.4987593052109181
expanding,13,1897070,0,1.0,862,575,372,2191,0.6670533642691415,0.6469565217391304
expanding,13,1897070,1,0.0,86,10,9,101,0.11627906976744186,0.9
expanding,13,1897070,1,1.0,29,11,7,618,0.3793103448275862,0.6363636363636364
rolling_7d,13,1897070,0,0.0,6908,403,201,7459,0.058338158656629995,0.4987593052109181
rolling_7d,13,1897070,0,1.0,862,575,372,2191,0.6670533642691415,0.6469565217391304
rolling_7d,13,1897070,1,0.0,86,10,9,101,0.11627906976744186,0.9
rolling_7d,13,1897070,1,1.0,29,11,7,618,0.3793103448275862,0.6363636363636364
expanding,13,1897071,0,0.0,1474,68,37,1657,0.04613297150610583,0.5441176470588235
expanding,13,1897071,0,1.0,440,279,208,836,0.634090909090909,0.7455197132616488
expanding,13,1897071,1,0.0,3,1,1,3,0.3333333333333333,1.0
expanding,13,1897071,1,1.0,20,5,5,53,0.25,1.0
rolling_7d,13,1897071,0,0.0,1475,68,37,1658,0.04610169491525424,0.5441176470588235
rolling_7d,13,1897071,0,1.0,439,279,208,835,0.6355353075170843,0.7455197132616488
rolling_7d,13,1897071,1,0.0,3,1,1,3,0.3333333333333333,1.0
rolling_7d,13,1897071,1,1.0,20,5,5,53,0.25,1.0
expanding,13,1897072,0,0.0,2278,304,193,2938,0.1334503950834065,0.6348684210526315
expanding,13,1897072,0,1.0,571,325,244,1629,0.5691768826619965,0.7507692307692307
expanding,13,1897072,1,0.0,21,2,2,22,0.09523809523809523,1.0
expanding,13,1897072,1,1.0,35,9,5,65,0.2571428571428571,0.5555555555555556
rolling_7d,13,1897072,0,0.0,2278,304,193,2938,0.1334503950834065,0.6348684210526315
rolling_7d,13,1897072,0,1.0,571,325,244,1629,0.5691768826619965,0.7507692307692307
rolling_7d,13,1897072,1,0.0,21,2,2,22,0.09523809523809523,1.0
rolling_7d,13,1897072,1,1.0,35,9,5,65,0.2571428571428571,0.5555555555555556
expanding,14,1897073,0,0.0,9849,551,337,11645,0.055944765966087925,0.6116152450090744
expanding,14,1897073,0,1.0,1143,786,530,3717,0.6876640419947506,0.6743002544529262
expanding,14,1897073,1,0.0,39,2,2,39,0.05128205128205128,1.0
expanding,14,1897073,1,1.0,58,22,20,400,0.3793103448275862,0.9090909090909091
rolling_7d,14,1897073,0,0.0,9855,552,338,11651,0.056012176560121765,0.6123188405797102
rolling_7d,14,1897073,0,1.0,1137,785,529,3711,0.6904133685136323,0.6738853503184713
rolling_7d,14,1897073,1,0.0,39,2,2,39,0.05128205128205128,1.0
rolling_7d,14,1897073,1,1.0,58,22,20,400,0.3793103448275862,0.9090909090909091
expanding,14,1897074,0,0.0,2741,93,45,3136,0.03392922291134622,0.4838709677419355
expanding,14,1897074,0,1.0,424,276,213,789,0.6509433962264151,0.7717391304347826
expanding,14,1897074,1,0.0,10,0,0,10,0.0,
expanding,14,1897074,1,1.0,9,2,1,23,0.2222222222222222,0.5
rolling_7d,14,1897074,0,0.0,2741,93,45,3136,0.03392922291134622,0.4838709677419355
rolling_7d,14,1897074,0,1.0,424,276,213,789,0.6509433962264151,0.7717391304347826
rolling_7d,14,1897074,1,0.0,10,0,0,10,0.0,
rolling_7d,14,1897074,1,1.0,9,2,1,23,0.2222222222222222,0.5
expanding,14,1897075,0,0.0,2719,117,62,3107,0.04303052592865024,0.5299145299145299
expanding,14,1897075,0,1.0,430,252,166,722,0.586046511627907,0.6587301587301587
expanding,14,1897075,1,0.0,12,0,0,13,0.0,
expanding,14,1897075,1,1.0,17,4,2,25,0.23529411764705882,0.5
rolling_7d,14,1897075,0,0.0,2719,117,62,3107,0.04303052592865024,0.5299145299145299
rolling_7d,14,1897075,0,1.0,430,252,166,722,0.586046511627907,0.6587301587301587
rolling_7d,14,1897075,1,0.0,13,0,0,14,0.0,
rolling_7d,14,1897075,1,1.0,16,4,2,24,0.25,0.5
expanding,15,1897076,0,0.0,3471,166,89,3618,0.04782483434168827,0.536144578313253
expanding,15,1897076,0,1.0,464,278,203,768,0.5991379310344828,0.7302158273381295
expanding,15,1897076,1,0.0,12,0,0,16,0.0,
expanding,15,1897076,1,1.0,13,1,0,20,0.07692307692307693,0.0
rolling_7d,15,1897076,0,0.0,3472,166,89,3619,0.0478110599078341,0.536144578313253
rolling_7d,15,1897076,0,1.0,463,278,203,767,0.6004319654427646,0.7302158273381295
rolling_7d,15,1897076,1,0.0,13,0,0,17,0.0,
rolling_7d,15,1897076,1,1.0,12,1,0,19,0.08333333333333333,0.0
expanding,15,1897077,0,0.0,2632,135,85,2845,0.051291793313069906,0.6296296296296297
expanding,15,1897077,0,1.0,409,237,179,996,0.5794621026894865,0.7552742616033755
expanding,15,1897077,1,0.0,12,0,0,40,0.0,
expanding,15,1897077,1,1.0,19,6,6,38,0.3157894736842105,1.0
rolling_7d,15,1897077,0,0.0,2632,135,85,2845,0.051291793313069906,0.6296296296296297
rolling_7d,15,1897077,0,1.0,409,237,179,996,0.5794621026894865,0.7552742616033755
rolling_7d,15,1897077,1,0.0,12,0,0,40,0.0,
rolling_7d,15,1897077,1,1.0,19,6,6,38,0.3157894736842105,1.0
expanding,15,1897078,0,0.0,6484,356,199,7486,0.054904380012338064,0.5589887640449438
expanding,15,1897078,0,1.0,745,478,344,1198,0.6416107382550336,0.7196652719665272
expanding,15,1897078,1,0.0,29,1,1,65,0.034482758620689655,1.0
expanding,15,1897078,1,1.0,36,9,7,183,0.25,0.7777777777777778
rolling_7d,15,1897078,0,0.0,6485,357,200,7487,0.05505011565150347,0.5602240896358543
rolling_7d,15,1897078,0,1.0,744,477,343,1197,0.6411290322580645,0.7190775681341719
rolling_7d,15,1897078,1,0.0,30,1,1,66,0.03333333333333333,1.0
rolling_7d,15,1897078,1,1.0,35,9,7,182,0.2571428571428571,0.7777777777777778
expanding,16,1897079,0,0.0,7334,470,283,8402,0.06408508317425689,0.6021276595744681
expanding,16,1897079,0,1.0,1089,718,494,2300,0.6593204775022957,0.6880222841225627
expanding,16,1897079,1,0.0,31,1,1,36,0.03225806451612903,1.0
expanding,16,1897079,1,1.0,38,13,12,183,0.34210526315789475,0.9230769230769231
rolling_7d,16,1897079,0,0.0,7336,471,284,8404,0.06420392584514723,0.6029723991507431
rolling_7d,16,1897079,0,1.0,1087,717,493,2298,0.6596136154553818,0.6875871687587168
rolling_7d,16,1897079,1,0.0,31,1,1,36,0.03225806451612903,1.0
rolling_7d,16,1897079,1,1.0,38,13,12,183,0.34210526315789475,0.9230769230769231
expanding,16,1897080,0,0.0,2675,143,67,2839,0.05345794392523365,0.46853146853146854
expanding,16,1897080,0,1.0,345,158,110,570,0.4579710144927536,0.6962025316455697
expanding,16,1897080,1,0.0,5,0,0,6,0.0,
expanding,16,1897080,1,1.0,8,0,0,17,0.0,
rolling_7d,16,1897080,0,0.0,2675,143,67,2839,0.05345794392523365,0.46853146853146854
rolling_7d,16,1897080,0,1.0,345,158,110,570,0.4579710144927536,0.6962025316455697
rolling_7d,16,1897080,1,0.0,5,0,0,6,0.0,
rolling_7d,16,1897080,1,1.0,8,0,0,17,0.0,
expanding,16,1897081,0,0.0,3283,157,57,3446,0.04782211392019494,0.3630573248407643
expanding,16,1897081,0,1.0,566,328,267,1313,0.5795053003533569,0.8140243902439024
expanding,16,1897081,1,0.0,10,1,1,10,0.1,1.0
expanding,16,1897081,1,1.0,19,2,1,35,0.10526315789473684,0.5
rolling_7d,16,1897081,0,0.0,3283,157,57,3446,0.04782211392019494,0.3630573248407643
rolling_7d,16,1897081,0,1.0,566,328,267,1313,0.5795053003533569,0.8140243902439024
rolling_7d,16,1897081,1,0.0,10,1,1,10,0.1,1.0
rolling_7d,16,1897081,1,1.0,19,2,1,35,0.10526315789473684,0.5
expanding,17,1897082,0,0.0,16533,910,415,18021,0.05504143228694127,0.45604395604395603
expanding,17,1897082,0,1.0,1690,1067,619,4905,0.6313609467455621,0.5801312089971884
expanding,17,1897082,1,0.0,92,9,7,109,0.09782608695652174,0.7777777777777778
expanding,17,1897082,1,1.0,60,15,12,342,0.25,0.8
rolling_7d,17,1897082,0,0.0,16536,910,415,18024,0.055031446540880505,0.45604395604395603
rolling_7d,17,1897082,0,1.0,1687,1067,619,4902,0.6324836988737403,0.5801312089971884
rolling_7d,17,1897082,1,0.0,92,9,7,109,0.09782608695652174,0.7777777777777778
rolling_7d,17,1897082,1,1.0,60,15,12,342,0.25,0.8
expanding,17,1897083,0,0.0,4713,153,65,4798,0.032463399108847865,0.42483660130718953
expanding,17,1897083,0,1.0,853,585,432,1671,0.6858147713950762,0.7384615384615385
expanding,17,1897083,1,0.0,14,2,2,14,0.14285714285714285,1.0
expanding,17,1897083,1,1.0,19,3,3,41,0.15789473684210525,1.0
rolling_7d,17,1897083,0,0.0,4713,153,65,4798,0.032463399108847865,0.42483660130718953
rolling_7d,17,1897083,0,1.0,853,585,432,1671,0.6858147713950762,0.7384615384615385
rolling_7d,17,1897083,1,0.0,14,2,2,14,0.14285714285714285,1.0
rolling_7d,17,1897083,1,1.0,19,3,3,41,0.15789473684210525,1.0
expanding,17,1897084,0,0.0,3940,164,82,4080,0.0416243654822335,0.5
expanding,17,1897084,0,1.0,684,461,289,1365,0.6739766081871345,0.6268980477223427
expanding,17,1897084,1,0.0,19,2,2,22,0.10526315789473684,1.0
expanding,17,1897084,1,1.0,16,1,1,19,0.0625,1.0
rolling_7d,17,1897084,0,0.0,3941,164,82,4081,0.04161380360314641,0.5
rolling_7d,17,1897084,0,1.0,683,461,289,1364,0.6749633967789166,0.6268980477223427
rolling_7d,17,1897084,1,0.0,19,2,2,22,0.10526315789473684,1.0
rolling_7d,17,1897084,1,1.0,16,1,1,19,0.0625,1.0
expanding,18,1897085,0,0.0,3484,119,64,3656,0.03415614236509759,0.5378151260504201
expanding,18,1897085,0,1.0,535,309,257,851,0.577570093457944,0.8317152103559871
expanding,18,1897085,1,0.0,13,0,0,14,0.0,
expanding,18,1897085,1,1.0,14,1,0,706,0.07142857142857142,0.0
rolling_7d,18,1897085,0,0.0,3484,119,64,3656,0.03415614236509759,0.5378151260504201
rolling_7d,18,1897085,0,1.0,535,309,257,851,0.577570093457944,0.8317152103559871
rolling_7d,18,1897085,1,0.0,13,0,0,14,0.0,
rolling_7d,18,1897085,1,1.0,14,1,0,706,0.07142857142857142,0.0
expanding,18,1897086,0,0.0,4267,173,118,4626,0.040543707522849776,0.6820809248554913
expanding,18,1897086,0,1.0,614,378,304,1153,0.6156351791530945,0.8042328042328042
expanding,18,1897086,1,0.0,9,0,0,11,0.0,
expanding,18,1897086,1,1.0,8,1,1,23,0.125,1.0
rolling_7d,18,1897086,0,0.0,4267,173,118,4626,0.040543707522849776,0.6820809248554913
rolling_7d,18,1897086,0,1.0,614,378,304,1153,0.6156351791530945,0.8042328042328042
rolling_7d,18,1897086,1,0.0,9,0,0,11,0.0,
rolling_7d,18,1897086,1,1.0,8,1,1,23,0.125,1.0
expanding,18,1897087,0,0.0,5100,210,106,5533,0.041176470588235294,0.5047619047619047
expanding,18,1897087,0,1.0,515,225,166,855,0.4368932038834951,0.7377777777777778
expanding,18,1897087,1,0.0,21,1,1,25,0.047619047619047616,1.0
expanding,18,1897087,1,1.0,17,2,1,18,0.11764705882352941,0.5
rolling_7d,18,1897087,0,0.0,5100,210,106,5533,0.041176470588235294,0.5047619047619047
rolling_7d,18,1897087,0,1.0,515,225,166,855,0.4368932038834951,0.7377777777777778
rolling_7d,18,1897087,1,0.0,21,1,1,25,0.047619047619047616,1.0
rolling_7d,18,1897087,1,1.0,17,2,1,18,0.11764705882352941,0.5
expanding,19,1897088,0,0.0,12479,613,342,13431,0.04912252584341694,0.5579119086460033
expanding,19,1897088,0,1.0,1545,1029,673,3577,0.6660194174757281,0.6540330417881438
expanding,19,1897088,1,0.0,39,1,1,42,0.02564102564102564,1.0
expanding,19,1897088,1,1.0,47,10,6,842,0.2127659574468085,0.6
rolling_7d,19,1897088,0,0.0,12481,613,342,13433,0.04911465427449724,0.5579119086460033
rolling_7d,19,1897088,0,1.0,1543,1029,673,3575,0.6668826960466624,0.6540330417881438
rolling_7d,19,1897088,1,0.0,39,1,1,42,0.02564102564102564,1.0
rolling_7d,19,1897088,1,1.0,47,10,6,842,0.2127659574468085,0.6
expanding,19,1897089,0,0.0,3636,121,74,3805,0.033278327832783276,0.6115702479338843
expanding,19,1897089,0,1.0,716,433,281,1341,0.6047486033519553,0.648960739030023
expanding,19,1897089,1,0.0,15,1,1,15,0.06666666666666667,1.0
expanding,19,1897089,1,1.0,10,6,3,23,0.6,0.5
rolling_7d,19,1897089,0,0.0,3639,121,74,3808,0.033250893102500685,0.6115702479338843
rolling_7d,19,1897089,0,1.0,713,433,281,1338,0.6072931276297335,0.648960739030023
rolling_7d,19,1897089,1,0.0,15,1,1,15,0.06666666666666667,1.0
rolling_7d,19,1897089,1,1.0,10,6,3,23,0.6,0.5
expanding,19,1897090,0,0.0,2927,179,54,3150,0.061154765971984965,0.3016759776536313
expanding,19,1897090,0,1.0,602,310,217,800,0.5149501661129569,0.7
expanding,19,1897090,1,0.0,9,0,0,9,0.0,
expanding,19,1897090,1,1.0,12,4,3,17,0.3333333333333333,0.75
rolling_7d,19,1897090,0,0.0,2928,179,54,3151,0.061133879781420764,0.3016759776536313
rolling_7d,19,1897090,0,1.0,601,310,217,799,0.5158069883527454,0.7
rolling_7d,19,1897090,1,0.0,9,0,0,9,0.0,
rolling_7d,19,1897090,1,1.0,12,4,3,17,0.3333333333333333,0.75
expanding,20,1897091,0,0.0,4776,221,101,4995,0.046273031825795646,0.45701357466063347
expanding,20,1897091,0,1.0,506,230,141,1327,0.45454545454545453,0.6130434782608696
expanding,20,1897091,1,0.0,19,0,0,21,0.0,
expanding,20,1897091,1,1.0,20,3,1,687,0.15,0.3333333333333333
rolling_7d,20,1897091,0,0.0,4786,222,102,5005,0.04638529043042206,0.4594594594594595
rolling_7d,20,1897091,0,1.0,496,229,140,1317,0.46169354838709675,0.611353711790393
rolling_7d,20,1897091,1,0.0,19,0,0,21,0.0,
rolling_7d,20,1897091,1,1.0,20,3,1,687,0.15,0.3333333333333333
expanding,20,1897092,0,0.0,2728,78,45,2863,0.028592375366568914,0.5769230769230769
expanding,20,1897092,0,1.0,446,181,125,1016,0.40582959641255606,0.6906077348066298
expanding,20,1897092,1,0.0,9,0,0,9,0.0,
expanding,20,1897092,1,1.0,7,0,0,16,0.0,
rolling_7d,20,1897092,0,0.0,2730,78,45,2865,0.02857142857142857,0.5769230769230769
rolling_7d,20,1897092,0,1.0,444,181,125,1014,0.40765765765765766,0.6906077348066298
rolling_7d,20,1897092,1,0.0,10,0,0,11,0.0,
rolling_7d,20,1897092,1,1.0,6,0,0,14,0.0,
expanding,20,1897093,0,0.0,1960,61,33,2160,0.031122448979591835,0.5409836065573771
expanding,20,1897093,0,1.0,366,178,130,1108,0.48633879781420764,0.7303370786516854
expanding,20,1897093,1,0.0,7,0,0,7,0.0,
expanding,20,1897093,1,1.0,15,0,0,277,0.0,
rolling_7d,20,1897093,0,0.0,1960,61,33,2160,0.031122448979591835,0.5409836065573771
rolling_7d,20,1897093,0,1.0,366,178,130,1108,0.48633879781420764,0.7303370786516854
rolling_7d,20,1897093,1,0.0,7,0,0,7,0.0,
rolling_7d,20,1897093,1,1.0,15,0,0,277,0.0,
expanding,21,1897094,0,0.0,15169,935,449,17601,0.06163886874546773,0.4802139037433155
expanding,21,1897094,0,1.0,1206,688,374,3844,0.5704809286898839,0.5436046511627907
expanding,21,1897094,1,0.0,94,3,3,107,0.031914893617021274,1.0
expanding,21,1897094,1,1.0,56,17,6,3192,0.30357142857142855,0.35294117647058826
rolling_7d,21,1897094,0,0.0,15192,936,450,17624,0.061611374407582936,0.4807692307692308
rolling_7d,21,1897094,0,1.0,1183,687,373,3821,0.5807269653423499,0.5429403202328966
rolling_7d,21,1897094,1,0.0,95,3,3,108,0.031578947368421054,1.0
rolling_7d,21,1897094,1,1.0,55,17,6,3191,0.3090909090909091,0.35294117647058826
expanding,21,1897095,0,0.0,2764,81,34,2866,0.02930535455861071,0.41975308641975306
expanding,21,1897095,0,1.0,494,297,200,722,0.6012145748987854,0.6734006734006734
expanding,21,1897095,1,0.0,5,0,0,5,0.0,
expanding,21,1897095,1,1.0,12,0,0,18,0.0,
rolling_7d,21,1897095,0,0.0,2767,81,34,2869,0.029273581496205278,0.41975308641975306
rolling_7d,21,1897095,0,1.0,491,297,200,719,0.604887983706721,0.6734006734006734
rolling_7d,21,1897095,1,0.0,5,0,0,5,0.0,
rolling_7d,21,1897095,1,1.0,12,0,0,18,0.0,
expanding,21,1897096,0,0.0,2320,122,47,2478,0.052586206896551725,0.38524590163934425
expanding,21,1897096,0,1.0,414,230,158,601,0.5555555555555556,0.6869565217391305
expanding,21,1897096,1,0.0,15,1,0,15,0.06666666666666667,0.0
expanding,21,1897096,1,1.0,23,3,2,91,0.13043478260869565,0.6666666666666666
rolling_7d,21,1897096,0,0.0,2320,122,47,2478,0.052586206896551725,0.38524590163934425
rolling_7d,21,1897096,0,1.0,414,230,158,601,0.5555555555555556,0.6869565217391305
rolling_7d,21,1897096,1,0.0,15,1,0,15,0.06666666666666667,0.0
rolling_7d,21,1897096,1,1.0,23,3,2,91,0.13043478260869565,0.6666666666666666
expanding,22,1897097,0,0.0,10892,759,424,12180,0.06968417186926185,0.5586297760210803
expanding,22,1897097,0,1.0,1188,753,517,2388,0.6338383838383839,0.6865869853917662
expanding,22,1897097,1,0.0,44,4,3,53,0.09090909090909091,0.75
expanding,22,1897097,1,1.0,39,5,2,668,0.1282051282051282,0.4
rolling_7d,22,1897097,0,0.0,10897,759,424,12185,0.06965219785261999,0.5586297760210803
rolling_7d,22,1897097,0,1.0,1183,753,517,2383,0.6365173288250211,0.6865869853917662
rolling_7d,22,1897097,1,0.0,44,4,3,53,0.09090909090909091,0.75
rolling_7d,22,1897097,1,1.0,39,5,2,668,0.1282051282051282,0.4
expanding,22,1897098,0,0.0,5647,146,78,5979,0.025854435983708162,0.5342465753424658
expanding,22,1897098,0,1.0,713,415,310,1273,0.5820476858345021,0.7469879518072289
expanding,22,1897098,1,0.0,9,1,0,9,0.1111111111111111,0.0
expanding,22,1897098,1,1.0,16,3,2,630,0.1875,0.6666666666666666
rolling_7d,22,1897098,0,0.0,5658,146,78,5990,0.025804171085189113,0.5342465753424658
rolling_7d,22,1897098,0,1.0,702,415,310,1262,0.5911680911680912,0.7469879518072289
rolling_7d,22,1897098,1,0.0,9,1,0,9,0.1111111111111111,0.0
rolling_7d,22,1897098,1,1.0,16,3,2,630,0.1875,0.6666666666666666
expanding,22,1897099,0,0.0,5153,147,70,5309,0.02852707160877159,0.47619047619047616
expanding,22,1897099,0,1.0,619,312,232,2557,0.5040387722132472,0.7435897435897436
expanding,22,1897099,1,0.0,26,0,0,28,0.0,
expanding,22,1897099,1,1.0,12,1,1,22,0.08333333333333333,1.0
rolling_7d,22,1897099,0,0.0,5158,147,70,5314,0.02849941837921675,0.47619047619047616
rolling_7d,22,1897099,0,1.0,614,312,232,2552,0.50814332247557,0.7435897435897436
rolling_7d,22,1897099,1,0.0,26,0,0,28,0.0,
rolling_7d,22,1897099,1,1.0,12,1,1,22,0.08333333333333333,1.0
expanding,23,1897100,0,0.0,6715,321,139,7000,0.04780342516753537,0.43302180685358255
expanding,23,1897100,0,1.0,881,501,343,3379,0.5686719636776391,0.6846307385229541
expanding,23,1897100,1,0.0,26,2,1,38,0.07692307692307693,0.5
expanding,23,1897100,1,1.0,29,5,4,464,0.1724137931034483,0.8
rolling_7d,23,1897100,0,0.0,6743,335,150,7038,0.04968115082307578,0.44776119402985076
rolling_7d,23,1897100,0,1.0,853,487,332,3341,0.570926143024619,0.6817248459958932
rolling_7d,23,1897100,1,0.0,26,2,1,38,0.07692307692307693,0.5
rolling_7d,23,1897100,1,1.0,29,5,4,464,0.1724137931034483,0.8
expanding,23,1897101,0,0.0,3304,162,87,3414,0.04903147699757869,0.5370370370370371
expanding,23,1897101,0,1.0,504,288,227,1584,0.5714285714285714,0.7881944444444444
expanding,23,1897101,1,0.0,5,0,0,10,0.0,
expanding,23,1897101,1,1.0,6,0,0,13,0.0,
rolling_7d,23,1897101,0,0.0,3308,162,87,3418,0.04897218863361548,0.5370370370370371
rolling_7d,23,1897101,0,1.0,500,288,227,1580,0.576,0.7881944444444444
rolling_7d,23,1897101,1,0.0,5,0,0,10,0.0,
rolling_7d,23,1897101,1,1.0,6,0,0,13,0.0,
expanding,23,1897102,0,0.0,2641,100,45,2691,0.03786444528587656,0.45
expanding,23,1897102,0,1.0,468,212,163,2129,0.452991452991453,0.7688679245283019
expanding,23,1897102,1,0.0,19,1,1,20,0.05263157894736842,1.0
expanding,23,1897102,1,1.0,23,4,2,780,0.17391304347826086,0.5
rolling_7d,23,1897102,0,0.0,2663,115,60,2756,0.04318437852046564,0.5217391304347826
rolling_7d,23,1897102,0,1.0,446,197,148,2064,0.44170403587443946,0.751269035532995
rolling_7d,23,1897102,1,0.0,19,1,1,20,0.05263157894736842,1.0
rolling_7d,23,1897102,1,1.0,23,4,2,780,0.17391304347826086,0.5
expanding,24,1897103,0,0.0,2672,103,44,2823,0.038547904191616765,0.42718446601941745
expanding,24,1897103,0,1.0,297,93,74,776,0.31313131313131315,0.7956989247311828
expanding,24,1897103,1,0.0,6,1,1,6,0.16666666666666666,1.0
expanding,24,1897103,1,1.0,15,1,1,36,0.06666666666666667,1.0
rolling_7d,24,1897103,0,0.0,2678,105,46,2836,0.039208364451082896,0.4380952380952381
rolling_7d,24,1897103,0,1.0,291,91,72,763,0.3127147766323024,0.7912087912087912
rolling_7d,24,1897103,1,0.0,6,1,1,6,0.16666666666666666,1.0
rolling_7d,24,1897103,1,1.0,15,1,1,36,0.06666666666666667,1.0
expanding,24,1897104,0,0.0,2661,67,37,2779,0.025178504321683576,0.5522388059701493
expanding,24,1897104,0,1.0,363,136,107,557,0.3746556473829201,0.7867647058823529
expanding,24,1897104,1,0.0,4,0,0,4,0.0,
expanding,24,1897104,1,1.0,12,2,2,25,0.16666666666666666,1.0
rolling_7d,24,1897104,0,0.0,2668,67,37,2786,0.025112443778110945,0.5522388059701493
rolling_7d,24,1897104,0,1.0,356,136,107,550,0.38202247191011235,0.7867647058823529
rolling_7d,24,1897104,1,0.0,4,0,0,4,0.0,
rolling_7d,24,1897104,1,1.0,12,2,2,25,0.16666666666666666,1.0
expanding,24,1897105,0,0.0,6773,358,175,8002,0.05285693193562675,0.4888268156424581
expanding,24,1897105,0,1.0,733,330,231,2493,0.45020463847203274,0.7
expanding,24,1897105,1,0.0,11,0,0,11,0.0,
expanding,24,1897105,1,1.0,52,17,15,538,0.3269230769230769,0.8823529411764706
rolling_7d,24,1897105,0,0.0,6782,359,176,8012,0.05293423768799764,0.49025069637883006
rolling_7d,24,1897105,0,1.0,724,329,230,2483,0.4544198895027624,0.6990881458966566
rolling_7d,24,1897105,1,0.0,11,0,0,11,0.0,
rolling_7d,24,1897105,1,1.0,52,17,15,538,0.3269230769230769,0.8823529411764706
expanding,25,1897106,0,0.0,12434,706,364,13829,0.056779797329901883,0.5155807365439093
expanding,25,1897106,0,1.0,1134,605,371,7958,0.5335097001763669,0.6132231404958678
expanding,25,1897106,1,0.0,64,11,11,143,0.171875,1.0
expanding,25,1897106,1,1.0,75,19,13,2828,0.25333333333333335,0.6842105263157895
rolling_7d,25,1897106,0,0.0,12467,713,370,13863,0.057190984198283466,0.5189340813464236
rolling_7d,25,1897106,0,1.0,1101,598,365,7924,0.5431425976385105,0.6103678929765887
rolling_7d,25,1897106,1,0.0,64,11,11,143,0.171875,1.0
rolling_7d,25,1897106,1,1.0,75,19,13,2828,0.25333333333333335,0.6842105263157895
expanding,25,1897107,0,0.0,3048,174,115,3282,0.05708661417322835,0.6609195402298851
expanding,25,1897107,0,1.0,555,316,228,1102,0.5693693693693693,0.7215189873417721
expanding,25,1897107,1,0.0,21,6,6,33,0.2857142857142857,1.0
expanding,25,1897107,1,1.0,5,2,0,9,0.4,0.0
rolling_7d,25,1897107,0,0.0,3060,174,115,3295,0.056862745098039215,0.6609195402298851
rolling_7d,25,1897107,0,1.0,543,316,228,1089,0.58195211786372,0.7215189873417721
rolling_7d,25,1897107,1,0.0,21,6,6,33,0.2857142857142857,1.0
rolling_7d,25,1897107,1,1.0,5,2,0,9,0.4,0.0
expanding,25,1897108,0,0.0,2357,87,30,2454,0.03691132795927026,0.3448275862068966
expanding,25,1897108,0,1.0,523,301,210,889,0.5755258126195029,0.6976744186046512
expanding,25,1897108,1,0.0,5,1,1,5,0.2,1.0
expanding,25,1897108,1,1.0,10,1,1,33,0.1,1.0
rolling_7d,25,1897108,0,0.0,2362,87,30,2459,0.03683319220999153,0.3448275862068966
rolling_7d,25,1897108,0,1.0,518,301,210,884,0.581081081081081,0.6976744186046512
rolling_7d,25,1897108,1,0.0,5,1,1,5,0.2,1.0
rolling_7d,25,1897108,1,1.0,10,1,1,33,0.1,1.0
expanding,26,1897109,0,0.0,7146,316,164,7877,0.04422054296109712,0.5189873417721519
expanding,26,1897109,0,1.0,833,475,350,2506,0.5702280912364946,0.7368421052631579
expanding,26,1897109,1,0.0,22,3,2,25,0.13636363636363635,0.6666666666666666
expanding,26,1897109,1,1.0,18,5,3,71,0.2777777777777778,0.6
rolling_7d,26,1897109,0,0.0,7198,336,184,7949,0.04667963323145318,0.5476190476190477
rolling_7d,26,1897109,0,1.0,781,455,330,2434,0.5825864276568502,0.7252747252747253
rolling_7d,26,1897109,1,0.0,22,3,2,25,0.13636363636363635,0.6666666666666666
rolling_7d,26,1897109,1,1.0,18,5,3,71,0.2777777777777778,0.6
expanding,26,1897110,0,0.0,3384,74,37,3499,0.02186761229314421,0.5
expanding,26,1897110,0,1.0,437,251,184,751,0.5743707093821511,0.7330677290836654
expanding,26,1897110,1,0.0,6,0,0,9,0.0,
expanding,26,1897110,1,1.0,13,1,1,31,0.07692307692307693,1.0
rolling_7d,26,1897110,0,0.0,3394,75,38,3509,0.022097819681791395,0.5066666666666667
rolling_7d,26,1897110,0,1.0,427,250,183,741,0.585480093676815,0.732
rolling_7d,26,1897110,1,0.0,6,0,0,9,0.0,
rolling_7d,26,1897110,1,1.0,13,1,1,31,0.07692307692307693,1.0
expanding,26,1897111,0,0.0,2994,111,59,3085,0.03707414829659319,0.5315315315315315
expanding,26,1897111,0,1.0,514,309,268,1178,0.6011673151750972,0.8673139158576052
expanding,26,1897111,1,0.0,19,1,1,21,0.05263157894736842,1.0
expanding,26,1897111,1,1.0,13,1,1,22,0.07692307692307693,1.0
rolling_7d,26,1897111,0,0.0,2998,112,59,3090,0.037358238825883926,0.5267857142857143
rolling_7d,26,1897111,0,1.0,510,308,268,1173,0.6039215686274509,0.8701298701298701
rolling_7d,26,1897111,1,0.0,19,1,1,21,0.05263157894736842,1.0
rolling_7d,26,1897111,1,1.0,13,1,1,22,0.07692307692307693,1.0
expanding,27,1897112,0,0.0,5833,433,235,6927,0.07423281330361735,0.5427251732101617
expanding,27,1897112,0,1.0,817,414,285,2967,0.5067319461444308,0.6884057971014492
expanding,27,1897112,1,0.0,13,2,2,52,0.15384615384615385,1.0
expanding,27,1897112,1,1.0,23,3,2,72,0.13043478260869565,0.6666666666666666
rolling_7d,27,1897112,0,0.0,5904,473,275,7067,0.08011517615176152,0.5813953488372093
rolling_7d,27,1897112,0,1.0,746,374,245,2827,0.5013404825737265,0.6550802139037433
rolling_7d,27,1897112,1,0.0,13,2,2,52,0.15384615384615385,1.0
rolling_7d,27,1897112,1,1.0,23,3,2,72,0.13043478260869565,0.6666666666666666
expanding,27,1897113,0,0.0,3672,94,52,3770,0.02559912854030501,0.5531914893617021
expanding,27,1897113,0,1.0,626,346,304,1192,0.5527156549520766,0.8786127167630058
expanding,27,1897113,1,0.0,10,0,0,10,0.0,
expanding,27,1897113,1,1.0,22,3,3,28,0.13636363636363635,1.0
rolling_7d,27,1897113,0,0.0,3682,94,52,3780,0.025529603476371537,0.5531914893617021
rolling_7d,27,1897113,0,1.0,616,346,304,1182,0.5616883116883117,0.8786127167630058
rolling_7d,27,1897113,1,0.0,10,0,0,10,0.0,
rolling_7d,27,1897113,1,1.0,22,3,3,28,0.13636363636363635,1.0
expanding,27,1897114,0,0.0,3802,177,104,4115,0.04655444502893214,0.5875706214689266
expanding,27,1897114,0,1.0,635,311,268,1742,0.48976377952755906,0.8617363344051447
expanding,27,1897114,1,0.0,5,2,2,11,0.4,1.0
expanding,27,1897114,1,1.0,21,4,3,49,0.19047619047619047,0.75
rolling_7d,27,1897114,0,0.0,3811,177,104,4124,0.04644450275518237,0.5875706214689266
rolling_7d,27,1897114,0,1.0,626,311,268,1733,0.4968051118210863,0.8617363344051447
rolling_7d,27,1897114,1,0.0,5,2,2,11,0.4,1.0
rolling_7d,27,1897114,1,1.0,21,4,3,49,0.19047619047619047,0.75
expanding,28,1897115,0,0.0,8648,442,207,9519,0.05111008325624422,0.4683257918552036
expanding,28,1897115,0,1.0,1131,615,390,7160,0.5437665782493368,0.6341463414634146
expanding,28,1897115,1,0.0,35,3,3,40,0.08571428571428572,1.0
expanding,28,1897115,1,1.0,57,14,12,5733,0.24561403508771928,0.8571428571428571
rolling_7d,28,1897115,0,0.0,8661,442,207,9533,0.051033367971365894,0.4683257918552036
rolling_7d,28,1897115,0,1.0,1118,615,390,7146,0.5500894454382826,0.6341463414634146
rolling_7d,28,1897115,1,0.0,38,3,3,43,0.07894736842105263,1.0
rolling_7d,28,1897115,1,1.0,54,14,12,5730,0.25925925925925924,0.8571428571428571
expanding,28,1897116,0,0.0,4518,177,71,4875,0.039176626826029216,0.4011299435028249
expanding,28,1897116,0,1.0,702,347,286,1233,0.4943019943019943,0.8242074927953891
expanding,28,1897116,1,0.0,12,0,0,12,0.0,
expanding,28,1897116,1,1.0,32,7,7,66,0.21875,1.0
rolling_7d,28,1897116,0,0.0,4533,178,72,4890,0.03926759320538275,0.4044943820224719
rolling_7d,28,1897116,0,1.0,687,346,285,1218,0.5036390101892285,0.8236994219653179
rolling_7d,28,1897116,1,0.0,12,0,0,12,0.0,
rolling_7d,28,1897116,1,1.0,32,7,7,66,0.21875,1.0
expanding,28,1897117,0,0.0,7166,410,211,8081,0.057214624616243374,0.5146341463414634
expanding,28,1897117,0,1.0,1135,594,495,5723,0.5233480176211454,0.8333333333333334
expanding,28,1897117,1,0.0,32,8,7,48,0.25,0.875
expanding,28,1897117,1,1.0,36,3,3,499,0.08333333333333333,1.0
rolling_7d,28,1897117,0,0.0,7186,417,218,8146,0.058029501809073195,0.5227817745803357
rolling_7d,28,1897117,0,1.0,1115,587,488,5658,0.526457399103139,0.8313458262350937
rolling_7d,28,1897117,1,0.0,34,8,7,50,0.23529411764705882,0.875
rolling_7d,28,1897117,1,1.0,34,3,3,497,0.08823529411764706,1.0
expanding,29,1897118,0,0.0,13072,842,416,15115,0.0644124847001224,0.49406175771971494
expanding,29,1897118,0,1.0,1896,1089,754,5115,0.5743670886075949,0.6923783287419651
expanding,29,1897118,1,0.0,69,5,3,73,0.07246376811594203,0.6
expanding,29,1897118,1,1.0,86,9,8,10430,0.10465116279069768,0.8888888888888888
rolling_7d,29,1897118,0,0.0,13125,866,432,15257,0.06598095238095238,0.49884526558891457
rolling_7d,29,1897118,0,1.0,1843,1065,738,4973,0.5778621812262615,0.6929577464788732
rolling_7d,29,1897118,1,0.0,72,5,3,79,0.06944444444444445,0.6
rolling_7d,29,1897118,1,1.0,83,9,8,10424,0.10843373493975904,0.8888888888888888
expanding,29,1897119,0,0.0,4368,230,56,4662,0.052655677655677656,0.24347826086956523
expanding,29,1897119,0,1.0,692,416,309,1241,0.6011560693641619,0.7427884615384616
expanding,29,1897119,1,0.0,4,1,1,6,0.25,1.0
expanding,29,1897119,1,1.0,35,3,3,52,0.08571428571428572,1.0
rolling_7d,29,1897119,0,0.0,4384,232,56,4678,0.05291970802919708,0.2413793103448276
rolling_7d,29,1897119,0,1.0,676,414,309,1225,0.6124260355029586,0.7463768115942029
rolling_7d,29,1897119,1,0.0,4,1,1,6,0.25,1.0
rolling_7d,29,1897119,1,1.0,35,3,3,52,0.08571428571428572,1.0
expanding,29,1897120,0,0.0,4166,253,149,4588,0.06072971675468075,0.5889328063241107
expanding,29,1897120,0,1.0,786,338,226,4212,0.4300254452926209,0.6686390532544378
expanding,29,1897120,1,0.0,19,2,1,20,0.10526315789473684,0.5
expanding,29,1897120,1,1.0,47,5,3,840,0.10638297872340426,0.6
rolling_7d,29,1897120,0,0.0,4186,262,152,4622,0.06258958432871477,0.5801526717557252
rolling_7d,29,1897120,0,1.0,766,329,223,4178,0.42950391644908614,0.6778115501519757
rolling_7d,29,1897120,1,0.0,20,2,1,21,0.1,0.5
rolling_7d,29,1897120,1,1.0,46,5,3,839,0.10869565217391304,0.6
expanding,30,1897121,0,0.0,3108,87,34,3231,0.027992277992277992,0.39080459770114945
expanding,30,1897121,0,1.0,493,214,148,683,0.4340770791075051,0.6915887850467289
expanding,30,1897121,1,0.0,11,0,0,18,0.0,
expanding,30,1897121,1,1.0,6,0,0,7,0.0,
rolling_7d,30,1897121,0,0.0,3134,92,34,3261,0.029355456285896617,0.3695652173913043
rolling_7d,30,1897121,0,1.0,467,209,148,653,0.4475374732334047,0.7081339712918661
rolling_7d,30,1897121,1,0.0,11,0,0,18,0.0,
rolling_7d,30,1897121,1,1.0,6,0,0,7,0.0,
expanding,30,1897122,0,0.0,2481,62,30,2694,0.024989923417976623,0.4838709677419355
expanding,30,1897122,0,1.0,384,200,161,513,0.5208333333333334,0.805
expanding,30,1897122,1,0.0,4,0,0,4,0.0,
expanding,30,1897122,1,1.0,15,3,3,19,0.2,1.0
rolling_7d,30,1897122,0,0.0,2494,64,30,2707,0.02566158781074579,0.46875
rolling_7d,30,1897122,0,1.0,371,198,161,500,0.5336927223719676,0.8131313131313131
rolling_7d,30,1897122,1,0.0,4,0,0,4,0.0,
rolling_7d,30,1897122,1,1.0,15,3,3,19,0.2,1.0
expanding,30,1897123,0,0.0,12065,492,304,12904,0.040779113137173646,0.6178861788617886
expanding,30,1897123,0,1.0,1336,723,590,3466,0.5411676646706587,0.8160442600276625
expanding,30,1897123,1,0.0,34,1,1,50,0.029411764705882353,1.0
expanding,30,1897123,1,1.0,51,5,5,2473,0.09803921568627451,1.0
rolling_7d,30,1897123,0,0.0,12128,528,334,13015,0.04353562005277045,0.6325757575757576
rolling_7d,30,1897123,0,1.0,1273,687,560,3355,0.5396700706991359,0.8151382823871907
rolling_7d,30,1897123,1,0.0,34,1,1,50,0.029411764705882353,1.0
rolling_7d,30,1897123,1,1.0,51,5,5,2473,0.09803921568627451,1.0
expanding,31,1897124,0,0.0,7146,310,148,7495,0.04338091239854464,0.4774193548387097
expanding,31,1897124,0,1.0,995,433,327,1531,0.43517587939698493,0.7551963048498845
expanding,31,1897124,1,0.0,24,0,0,25,0.0,
expanding,31,1897124,1,1.0,34,6,4,55,0.17647058823529413,0.6666666666666666
rolling_7d,31,1897124,0,0.0,7171,315,151,7523,0.043926927904058014,0.4793650793650794
rolling_7d,31,1897124,0,1.0,970,428,324,1503,0.44123711340206184,0.7570093457943925
rolling_7d,31,1897124,1,0.0,24,0,0,25,0.0,
rolling_7d,31,1897124,1,1.0,34,6,4,55,0.17647058823529413,0.6666666666666666
expanding,31,1897125,0,0.0,2633,84,46,2760,0.03190277250284846,0.5476190476190477
expanding,31,1897125,0,1.0,663,272,225,1101,0.41025641025641024,0.8272058823529411
expanding,31,1897125,1,0.0,4,0,0,5,0.0,
expanding,31,1897125,1,1.0,25,8,8,40,0.32,1.0
rolling_7d,31,1897125,0,0.0,2643,85,47,2777,0.03216042376087779,0.5529411764705883
rolling_7d,31,1897125,0,1.0,653,271,224,1084,0.41500765696784075,0.8265682656826568
rolling_7d,31,1897125,1,0.0,4,0,0,5,0.0,
rolling_7d,31,1897125,1,1.0,25,8,8,40,0.32,1.0
expanding,31,1897126,0,0.0,2373,155,113,2752,0.0653181626632954,0.7290322580645161
expanding,31,1897126,0,1.0,566,157,123,1015,0.2773851590106007,0.7834394904458599
expanding,31,1897126,1,0.0,8,2,2,8,0.25,1.0
expanding,31,1897126,1,1.0,34,5,3,47,0.14705882352941177,0.6
rolling_7d,31,1897126,0,0.0,2380,157,115,2767,0.06596638655462185,0.732484076433121
rolling_7d,31,1897126,0,1.0,559,155,121,1000,0.2772808586762075,0.7806451612903226
rolling_7d,31,1897126,1,0.0,8,2,2,8,0.25,1.0
rolling_7d,31,1897126,1,1.0,34,5,3,47,0.14705882352941177,0.6
expanding,32,1897127,0,0.0,9347,416,236,10190,0.04450625869262865,0.5673076923076923
expanding,32,1897127,0,1.0,1079,489,333,4488,0.4531974050046339,0.6809815950920245
expanding,32,1897127,1,0.0,32,4,3,36,0.125,0.75
expanding,32,1897127,1,1.0,79,18,18,2058,0.22784810126582278,1.0
rolling_7d,32,1897127,0,0.0,9391,425,237,10235,0.04525609626237887,0.5576470588235294
rolling_7d,32,1897127,0,1.0,1035,480,332,4443,0.463768115942029,0.6916666666666667
rolling_7d,32,1897127,1,0.0,34,4,3,38,0.11764705882352941,0.75
rolling_7d,32,1897127,1,1.0,77,18,18,2056,0.23376623376623376,1.0
expanding,32,1897130,0,0.0,2545,89,24,2640,0.034970530451866405,0.2696629213483146
expanding,32,1897130,0,1.0,379,158,109,561,0.41688654353562005,0.689873417721519
expanding,32,1897130,1,0.0,4,1,1,5,0.25,1.0
expanding,32,1897130,1,1.0,9,0,0,16,0.0,
rolling_7d,32,1897130,0,0.0,2552,89,24,2647,0.03487460815047022,0.2696629213483146
rolling_7d,32,1897130,0,1.0,372,158,109,554,0.42473118279569894,0.689873417721519
rolling_7d,32,1897130,1,0.0,4,1,1,5,0.25,1.0
rolling_7d,32,1897130,1,1.0,9,0,0,16,0.0,
expanding,32,1897133,0,0.0,2400,102,53,2591,0.0425,0.5196078431372549
expanding,32,1897133,0,1.0,359,147,97,557,0.40947075208913647,0.6598639455782312
expanding,32,1897133,1,1.0,11,0,0,20,0.0,
rolling_7d,32,1897133,0,0.0,2407,103,54,2598,0.04279185708350644,0.5242718446601942
rolling_7d,32,1897133,0,1.0,352,146,96,550,0.4147727272727273,0.6575342465753424
rolling_7d,32,1897133,1,1.0,11,0,0,20,0.0,
expanding,33,1897144,0,0.0,10812,632,270,11437,0.058453570107288196,0.4272151898734177
expanding,33,1897144,0,1.0,1254,686,438,3677,0.5470494417862839,0.6384839650145773
expanding,33,1897144,1,0.0,34,8,7,59,0.23529411764705882,0.875
expanding,33,1897144,1,1.0,55,7,4,4428,0.12727272727272726,0.5714285714285714
rolling_7d,33,1897144,0,0.0,10862,642,270,11491,0.05910513717547413,0.4205607476635514
rolling_7d,33,1897144,0,1.0,1204,676,438,3623,0.5614617940199336,0.6479289940828402
rolling_7d,33,1897144,1,0.0,34,8,7,59,0.23529411764705882,0.875
rolling_7d,33,1897144,1,1.0,55,7,4,4428,0.12727272727272726,0.5714285714285714
expanding,33,1897145,0,0.0,3433,92,39,3667,0.026798718322167202,0.42391304347826086
expanding,33,1897145,0,1.0,543,312,235,1256,0.574585635359116,0.7532051282051282
expanding,33,1897145,1,0.0,5,0,0,5,0.0,
expanding,33,1897145,1,1.0,14,2,2,20,0.14285714285714285,1.0
rolling_7d,33,1897145,0,0.0,3446,95,40,3681,0.027568195008705745,0.42105263157894735
rolling_7d,33,1897145,0,1.0,530,309,234,1242,0.5830188679245283,0.7572815533980582
rolling_7d,33,1897145,1,0.0,6,0,0,6,0.0,
rolling_7d,33,1897145,1,1.0,13,2,2,19,0.15384615384615385,1.0
expanding,33,1897146,0,0.0,3962,99,44,4106,0.024987380111055023,0.4444444444444444
expanding,33,1897146,0,1.0,642,331,224,2428,0.5155763239875389,0.676737160120846
expanding,33,1897146,1,0.0,3,0,0,4,0.0,
expanding,33,1897146,1,1.0,17,3,2,36,0.17647058823529413,0.6666666666666666
rolling_7d,33,1897146,0,0.0,3979,101,45,4124,0.02538326212616235,0.44554455445544555
rolling_7d,33,1897146,0,1.0,625,329,223,2410,0.5264,0.6778115501519757
rolling_7d,33,1897146,1,0.0,3,0,0,4,0.0,
rolling_7d,33,1897146,1,1.0,17,3,2,36,0.17647058823529413,0.6666666666666666
expanding,34,1897147,0,0.0,18647,824,474,19751,0.044189413846731376,0.5752427184466019
expanding,34,1897147,0,1.0,2125,1081,711,6527,0.5087058823529412,0.6577243293246994
expanding,34,1897147,1,0.0,72,7,7,87,0.09722222222222222,1.0
expanding,34,1897147,1,1.0,150,62,56,1350,0.41333333333333333,0.9032258064516129
rolling_7d,34,1897147,0,0.0,18748,856,478,19860,0.045658203541711115,0.5584112149532711
rolling_7d,34,1897147,0,1.0,2024,1049,707,6418,0.5182806324110671,0.6739752144899904
rolling_7d,34,1897147,1,0.0,79,7,7,94,0.08860759493670886,1.0
rolling_7d,34,1897147,1,1.0,143,62,56,1343,0.43356643356643354,0.9032258064516129
expanding,34,1897148,0,0.0,2332,81,42,2568,0.034734133790737566,0.5185185185185185
expanding,34,1897148,0,1.0,460,254,188,787,0.5521739130434783,0.7401574803149606
expanding,34,1897148,1,0.0,7,0,0,9,0.0,
expanding,34,1897148,1,1.0,26,2,2,37,0.07692307692307693,1.0
rolling_7d,34,1897148,0,0.0,2342,83,42,2578,0.035439795046968404,0.5060240963855421
rolling_7d,34,1897148,0,1.0,450,252,188,777,0.56,0.746031746031746
rolling_7d,34,1897148,1,0.0,8,0,0,11,0.0,
rolling_7d,34,1897148,1,1.0,25,2,2,35,0.08,1.0
expanding,34,1897149,0,0.0,2470,128,84,2698,0.051821862348178135,0.65625
expanding,34,1897149,0,1.0,432,153,108,718,0.3541666666666667,0.7058823529411765
expanding,34,1897149,1,0.0,8,0,0,10,0.0,
expanding,34,1897149,1,1.0,30,6,6,45,0.2,1.0
rolling_7d,34,1897149,0,0.0,2490,129,85,2718,0.051807228915662654,0.6589147286821705
rolling_7d,34,1897149,0,1.0,412,152,107,698,0.36893203883495146,0.7039473684210527
rolling_7d,34,1897149,1,0.0,8,0,0,10,0.0,
rolling_7d,34,1897149,1,1.0,30,6,6,45,0.2,1.0
expanding,35,1897150,0,0.0,4834,182,91,5125,0.03764997931319818,0.5
expanding,35,1897150,0,1.0,609,214,154,1127,0.35139573070607555,0.719626168224299
expanding,35,1897150,1,0.0,14,1,0,16,0.07142857142857142,0.0
expanding,35,1897150,1,1.0,35,9,7,1071,0.2571428571428571,0.7777777777777778
rolling_7d,35,1897150,0,0.0,4865,187,94,5157,0.03843782117163412,0.5026737967914439
rolling_7d,35,1897150,0,1.0,578,209,151,1095,0.3615916955017301,0.722488038277512
rolling_7d,35,1897150,1,0.0,16,1,0,18,0.0625,0.0
rolling_7d,35,1897150,1,1.0,33,9,7,1069,0.2727272727272727,0.7777777777777778
expanding,35,1897151,0,0.0,2927,88,46,3012,0.030064912880081996,0.5227272727272727
expanding,35,1897151,0,1.0,474,181,131,1049,0.3818565400843882,0.7237569060773481
expanding,35,1897151,1,0.0,3,0,0,5,0.0,
expanding,35,1897151,1,1.0,17,5,4,26,0.29411764705882354,0.8
rolling_7d,35,1897151,0,0.0,2940,88,46,3026,0.029931972789115645,0.5227272727272727
rolling_7d,35,1897151,0,1.0,461,181,131,1035,0.3926247288503254,0.7237569060773481
rolling_7d,35,1897151,1,0.0,3,0,0,5,0.0,
rolling_7d,35,1897151,1,1.0,17,5,4,26,0.29411764705882354,0.8
expanding,35,1897152,0,0.0,3764,275,177,4122,0.0730605738575983,0.6436363636363637
expanding,35,1897152,0,1.0,905,307,253,1495,0.3392265193370166,0.8241042345276873
expanding,35,1897152,1,0.0,13,1,0,13,0.07692307692307693,0.0
expanding,35,1897152,1,1.0,56,14,9,82,0.25,0.6428571428571429
rolling_7d,35,1897152,0,0.0,3804,278,178,4165,0.07308096740273397,0.6402877697841727
rolling_7d,35,1897152,0,1.0,865,304,252,1452,0.3514450867052023,0.8289473684210527
rolling_7d,35,1897152,1,0.0,15,1,0,15,0.06666666666666667,0.0
rolling_7d,35,1897152,1,1.0,54,14,9,80,0.25925925925925924,0.6428571428571429
expanding,36,1897153,0,0.0,2182,150,39,2398,0.06874427131072411,0.26
expanding,36,1897153,0,1.0,434,154,90,902,0.3548387096774194,0.5844155844155844
expanding,36,1897153,1,0.0,4,0,0,4,0.0,
expanding,36,1897153,1,1.0,29,9,9,79,0.3103448275862069,1.0
rolling_7d,36,1897153,0,0.0,2216,154,41,2433,0.06949458483754513,0.2662337662337662
rolling_7d,36,1897153,0,1.0,400,150,88,867,0.375,0.5866666666666667
rolling_7d,36,1897153,1,0.0,4,0,0,4,0.0,
rolling_7d,36,1897153,1,1.0,29,9,9,79,0.3103448275862069,1.0
expanding,36,1897154,0,0.0,1951,55,26,2093,0.028190671450538187,0.4727272727272727
expanding,36,1897154,0,1.0,438,172,128,804,0.3926940639269406,0.7441860465116279
expanding,36,1897154,1,0.0,5,1,1,8,0.2,1.0
expanding,36,1897154,1,1.0,21,6,6,36,0.2857142857142857,1.0
rolling_7d,36,1897154,0,0.0,1978,58,27,2123,0.029322548028311426,0.46551724137931033
rolling_7d,36,1897154,0,1.0,411,169,127,774,0.41119221411192214,0.7514792899408284
rolling_7d,36,1897154,1,0.0,5,1,1,8,0.2,1.0
rolling_7d,36,1897154,1,1.0,21,6,6,36,0.2857142857142857,1.0
expanding,36,1897155,0,0.0,14424,674,355,15255,0.04672767609539656,0.526706231454006
expanding,36,1897155,0,1.0,1683,906,647,4731,0.5383244206773619,0.7141280353200883
expanding,36,1897155,1,0.0,70,5,5,87,0.07142857142857142,1.0
expanding,36,1897155,1,1.0,72,15,10,3012,0.20833333333333334,0.6666666666666666
rolling_7d,36,1897155,0,0.0,14555,714,388,15440,0.04905530745448299,0.5434173669467787
rolling_7d,36,1897155,0,1.0,1552,866,614,4546,0.5579896907216495,0.7090069284064665
rolling_7d,36,1897155,1,0.0,76,5,5,93,0.06578947368421052,1.0
rolling_7d,36,1897155,1,1.0,66,15,10,3006,0.22727272727272727,0.6666666666666666
expanding,37,1897161,0,0.0,7371,746,186,7802,0.10120743454076787,0.24932975871313673
expanding,37,1897161,0,1.0,965,446,291,1579,0.46217616580310883,0.6524663677130045
expanding,37,1897161,1,0.0,28,1,1,31,0.03571428571428571,1.0
expanding,37,1897161,1,1.0,30,3,2,46,0.1,0.6666666666666666
rolling_7d,37,1897161,0,0.0,7510,782,220,7969,0.10412782956058589,0.2813299232736573
rolling_7d,37,1897161,0,1.0,826,410,257,1412,0.4963680387409201,0.6268292682926829
rolling_7d,37,1897161,1,0.0,29,1,1,32,0.034482758620689655,1.0
rolling_7d,37,1897161,1,1.0,29,3,2,45,0.10344827586206896,0.6666666666666666
expanding,37,1897162,0,0.0,3583,75,40,3718,0.020932179737650013,0.5333333333333333
expanding,37,1897162,0,1.0,555,258,207,1095,0.4648648648648649,0.8023255813953488
expanding,37,1897162,1,0.0,4,0,0,4,0.0,
expanding,37,1897162,1,1.0,10,2,1,18,0.2,0.5
rolling_7d,37,1897162,0,0.0,3624,77,42,3763,0.021247240618101546,0.5454545454545454
rolling_7d,37,1897162,0,1.0,514,256,205,1050,0.4980544747081712,0.80078125
rolling_7d,37,1897162,1,0.0,4,0,0,4,0.0,
rolling_7d,37,1897162,1,1.0,10,2,1,18,0.2,0.5
expanding,37,1897163,0,0.0,3834,232,123,4259,0.0605112154407929,0.5301724137931034
expanding,37,1897163,0,1.0,869,389,322,1442,0.4476409666283084,0.8277634961439588
expanding,37,1897163,1,0.0,20,0,0,20,0.0,
expanding,37,1897163,1,1.0,37,7,6,53,0.1891891891891892,0.8571428571428571
rolling_7d,37,1897163,0,0.0,3874,233,124,4299,0.06014455343314404,0.5321888412017167
rolling_7d,37,1897163,0,1.0,829,388,321,1402,0.4680337756332931,0.8273195876288659
rolling_7d,37,1897163,1,0.0,20,0,0,20,0.0,
rolling_7d,37,1897163,1,1.0,37,7,6,53,0.1891891891891892,0.8571428571428571
expanding,38,1897168,0,0.0,12109,533,257,12996,0.04401684697332563,0.4821763602251407
expanding,38,1897168,0,1.0,1231,648,505,2918,0.5264012997562957,0.779320987654321
expanding,38,1897168,1,0.0,31,2,2,40,0.06451612903225806,1.0
expanding,38,1897168,1,1.0,38,6,5,151,0.15789473684210525,0.8333333333333334
rolling_7d,38,1897168,0,0.0,12303,592,316,13242,0.04811834511907665,0.5337837837837838
rolling_7d,38,1897168,0,1.0,1037,589,446,2672,0.5679845708775313,0.7572156196943973
rolling_7d,38,1897168,1,0.0,36,2,2,45,0.05555555555555555,1.0
rolling_7d,38,1897168,1,1.0,33,6,5,146,0.18181818181818182,0.8333333333333334
expanding,38,1897171,0,0.0,2488,65,31,2604,0.02612540192926045,0.47692307692307695
expanding,38,1897171,0,1.0,415,200,159,845,0.4819277108433735,0.795
expanding,38,1897171,1,0.0,7,0,0,10,0.0,
expanding,38,1897171,1,1.0,6,0,0,8,0.0,
rolling_7d,38,1897171,0,0.0,2516,65,31,2633,0.025834658187599363,0.47692307692307695
rolling_7d,38,1897171,0,1.0,387,200,159,816,0.5167958656330749,0.795
rolling_7d,38,1897171,1,0.0,7,0,0,10,0.0,
rolling_7d,38,1897171,1,1.0,6,0,0,8,0.0,
expanding,38,1897173,0,0.0,2751,121,63,2921,0.04398400581606689,0.5206611570247934
expanding,38,1897173,0,1.0,454,175,120,827,0.3854625550660793,0.6857142857142857
expanding,38,1897173,1,0.0,7,0,0,9,0.0,
expanding,38,1897173,1,1.0,16,0,0,23,0.0,
rolling_7d,38,1897173,0,0.0,2774,122,64,2945,0.04397981254506128,0.5245901639344263
rolling_7d,38,1897173,0,1.0,431,174,119,803,0.4037122969837587,0.6839080459770115
rolling_7d,38,1897173,1,0.0,7,0,0,9,0.0,
rolling_7d,38,1897173,1,1.0,16,0,0,23,0.0,
expanding,39,1897177,0,0.0,8894,297,153,9631,0.033393298853159434,0.5151515151515151
expanding,39,1897177,0,1.0,1114,586,418,2153,0.526032315978456,0.7133105802047781
expanding,39,1897177,1,0.0,20,0,0,20,0.0,
expanding,39,1897177,1,1.0,39,9,7,119,0.23076923076923078,0.7777777777777778
rolling_7d,39,1897177,0,0.0,9020,316,172,9774,0.03503325942350333,0.5443037974683544
rolling_7d,39,1897177,0,1.0,988,567,399,2010,0.5738866396761133,0.7037037037037037
rolling_7d,39,1897177,1,0.0,23,0,0,23,0.0,
rolling_7d,39,1897177,1,1.0,36,9,7,116,0.25,0.7777777777777778
expanding,39,1897179,0,0.0,3055,70,29,3167,0.022913256955810146,0.4142857142857143
expanding,39,1897179,0,1.0,465,220,181,688,0.4731182795698925,0.8227272727272728
expanding,39,1897179,1,0.0,4,0,0,4,0.0,
expanding,39,1897179,1,1.0,8,3,3,17,0.375,1.0
rolling_7d,39,1897179,0,0.0,3079,71,30,3193,0.023059434881455017,0.4225352112676056
rolling_7d,39,1897179,0,1.0,441,219,180,662,0.4965986394557823,0.821917808219178
rolling_7d,39,1897179,1,0.0,4,0,0,4,0.0,
rolling_7d,39,1897179,1,1.0,8,3,3,17,0.375,1.0
expanding,39,1897181,0,0.0,2742,101,55,2918,0.03683442742523705,0.5445544554455446
expanding,39,1897181,0,1.0,388,137,102,574,0.35309278350515466,0.7445255474452555
expanding,39,1897181,1,0.0,5,0,0,8,0.0,
expanding,39,1897181,1,1.0,14,5,5,29,0.35714285714285715,1.0
rolling_7d,39,1897181,0,0.0,2765,103,57,2941,0.03725135623869801,0.5533980582524272
rolling_7d,39,1897181,0,1.0,365,135,100,551,0.3698630136986301,0.7407407407407407
rolling_7d,39,1897181,1,0.0,5,0,0,8,0.0,
rolling_7d,39,1897181,1,1.0,14,5,5,29,0.35714285714285715,1.0
expanding,40,1897186,0,0.0,3191,138,67,3534,0.04324663115010968,0.4855072463768116
expanding,40,1897186,0,1.0,369,135,100,889,0.36585365853658536,0.7407407407407407
expanding,40,1897186,1,0.0,10,0,0,10,0.0,
expanding,40,1897186,1,1.0,21,1,1,23,0.047619047619047616,1.0
rolling_7d,40,1897186,0,0.0,3213,139,68,3556,0.04326174914410209,0.4892086330935252
rolling_7d,40,1897186,0,1.0,347,134,99,867,0.3861671469740634,0.7388059701492538
rolling_7d,40,1897186,1,0.0,11,0,0,11,0.0,
rolling_7d,40,1897186,1,1.0,20,1,1,22,0.05,1.0
expanding,40,1897187,0,0.0,2884,93,55,3019,0.032246879334257975,0.5913978494623656
expanding,40,1897187,0,1.0,334,120,93,584,0.3592814371257485,0.775
expanding,40,1897187,1,0.0,14,2,1,15,0.14285714285714285,0.5
expanding,40,1897187,1,1.0,10,1,1,23,0.1,1.0
rolling_7d,40,1897187,0,0.0,2911,93,55,3046,0.03194778426657506,0.5913978494623656
rolling_7d,40,1897187,0,1.0,307,120,93,557,0.39087947882736157,0.775
rolling_7d,40,1897187,1,0.0,14,2,1,15,0.14285714285714285,0.5
rolling_7d,40,1897187,1,1.0,10,1,1,23,0.1,1.0
expanding,40,1897188,0,0.0,6946,287,155,7398,0.04131874460120933,0.5400696864111498
expanding,40,1897188,0,1.0,852,390,294,1539,0.45774647887323944,0.7538461538461538
expanding,40,1897188,1,0.0,22,1,0,25,0.045454545454545456,0.0
expanding,40,1897188,1,1.0,35,5,4,78,0.14285714285714285,0.8
rolling_7d,40,1897188,0,0.0,7034,302,167,7512,0.04293431902189366,0.5529801324503312
rolling_7d,40,1897188,0,1.0,764,375,282,1425,0.4908376963350785,0.752
rolling_7d,40,1897188,1,0.0,22,1,0,25,0.045454545454545456,0.0
rolling_7d,40,1897188,1,1.0,35,5,4,78,0.14285714285714285,0.8
expanding,41,1897193,0,0.0,21421,913,455,22525,0.04262172634330797,0.49835706462212487
expanding,41,1897193,0,1.0,2837,1433,996,7976,0.5051110327811068,0.6950453593859037
expanding,41,1897193,1,0.0,61,0,0,65,0.0,
expanding,41,1897193,1,1.0,134,26,23,532,0.19402985074626866,0.8846153846153846
rolling_7d,41,1897193,0,0.0,21575,942,459,22708,0.04366164542294322,0.4872611464968153
rolling_7d,41,1897193,0,1.0,2683,1404,992,7793,0.5232948192322028,0.7065527065527065
rolling_7d,41,1897193,1,0.0,68,0,0,73,0.0,
rolling_7d,41,1897193,1,1.0,127,26,23,524,0.2047244094488189,0.8846153846153846
expanding,41,1897194,0,0.0,3297,148,69,3462,0.04488929329693661,0.46621621621621623
expanding,41,1897194,0,1.0,633,340,251,1308,0.5371248025276462,0.7382352941176471
expanding,41,1897194,1,0.0,5,0,0,5,0.0,
expanding,41,1897194,1,1.0,41,7,7,75,0.17073170731707318,1.0
rolling_7d,41,1897194,0,0.0,3328,150,69,3496,0.045072115384615384,0.46
rolling_7d,41,1897194,0,1.0,602,338,251,1274,0.5614617940199336,0.742603550295858
rolling_7d,41,1897194,1,0.0,6,0,0,6,0.0,
rolling_7d,41,1897194,1,1.0,40,7,7,74,0.175,1.0
expanding,41,1897197,0,0.0,3111,144,99,3437,0.04628736740597879,0.6875
expanding,41,1897197,0,1.0,515,254,181,848,0.49320388349514566,0.7125984251968503
expanding,41,1897197,1,0.0,10,2,2,11,0.2,1.0
expanding,41,1897197,1,1.0,27,3,3,36,0.1111111111111111,1.0
rolling_7d,41,1897197,0,0.0,3144,153,102,3474,0.04866412213740458,0.6666666666666666
rolling_7d,41,1897197,0,1.0,482,245,178,811,0.508298755186722,0.726530612244898
rolling_7d,41,1897197,1,0.0,12,2,2,13,0.16666666666666666,1.0
rolling_7d,41,1897197,1,1.0,25,3,3,34,0.12,1.0
expanding,42,1897202,0,0.0,7467,322,166,7796,0.043123074862729344,0.515527950310559
expanding,42,1897202,0,1.0,962,372,268,1701,0.3866943866943867,0.7204301075268817
expanding,42,1897202,1,0.0,29,1,1,32,0.034482758620689655,1.0
expanding,42,1897202,1,1.0,40,8,7,61,0.2,0.875
rolling_7d,42,1897202,0,0.0,7532,337,166,7867,0.044742432288900694,0.49258160237388726
rolling_7d,42,1897202,0,1.0,897,357,268,1630,0.3979933110367893,0.7507002801120448
rolling_7d,42,1897202,1,0.0,32,1,1,35,0.03125,1.0
rolling_7d,42,1897202,1,1.0,37,8,7,58,0.21621621621621623,0.875
expanding,42,1897204,0,0.0,2768,471,47,3205,0.17015895953757226,0.09978768577494693
expanding,42,1897204,0,1.0,512,201,166,1096,0.392578125,0.8258706467661692
expanding,42,1897204,1,0.0,4,0,0,4,0.0,
expanding,42,1897204,1,1.0,27,1,1,56,0.037037037037037035,1.0
rolling_7d,42,1897204,0,0.0,2793,472,48,3230,0.16899391335481562,0.1016949152542373
rolling_7d,42,1897204,0,1.0,487,200,165,1071,0.4106776180698152,0.825
rolling_7d,42,1897204,1,0.0,5,0,0,5,0.0,
rolling_7d,42,1897204,1,1.0,26,1,1,55,0.038461538461538464,1.0
expanding,42,1897206,0,0.0,3231,679,181,3664,0.21015165583410708,0.2665684830633284
expanding,42,1897206,0,1.0,536,169,123,814,0.31529850746268656,0.727810650887574
expanding,42,1897206,1,0.0,10,0,0,13,0.0,
expanding,42,1897206,1,1.0,28,2,2,38,0.07142857142857142,1.0
rolling_7d,42,1897206,0,0.0,3256,687,183,3692,0.21099508599508598,0.2663755458515284
rolling_7d,42,1897206,0,1.0,511,161,121,786,0.3150684931506849,0.7515527950310559
rolling_7d,42,1897206,1,0.0,13,0,0,16,0.0,
rolling_7d,42,1897206,1,1.0,25,2,2,35,0.08,1.0
expanding,43,1897211,0,0.0,12952,576,268,13895,0.044471896232242125,0.4652777777777778
expanding,43,1897211,0,1.0,1605,805,591,4760,0.5015576323987538,0.7341614906832298
expanding,43,1897211,1,0.0,16,0,0,24,0.0,
expanding,43,1897211,1,1.0,60,11,9,175,0.18333333333333332,0.8181818181818182
rolling_7d,43,1897211,0,0.0,13022,583,270,13977,0.04477038857318384,0.4631217838765009
rolling_7d,43,1897211,0,1.0,1535,798,589,4678,0.5198697068403909,0.7380952380952381
rolling_7d,43,1897211,1,0.0,19,0,0,27,0.0,
rolling_7d,43,1897211,1,1.0,57,11,9,172,0.19298245614035087,0.8181818181818182
expanding,43,1897212,0,0.0,3366,108,59,3522,0.03208556149732621,0.5462962962962963
expanding,43,1897212,0,1.0,524,264,223,759,0.5038167938931297,0.8446969696969697
expanding,43,1897212,1,0.0,6,0,0,6,0.0,
expanding,43,1897212,1,1.0,22,5,5,28,0.22727272727272727,1.0
rolling_7d,43,1897212,0,0.0,3383,108,59,3541,0.0319243275199527,0.5462962962962963
rolling_7d,43,1897212,0,1.0,507,264,223,740,0.5207100591715976,0.8446969696969697
rolling_7d,43,1897212,1,0.0,6,0,0,6,0.0,
rolling_7d,43,1897212,1,1.0,22,5,5,28,0.22727272727272727,1.0
expanding,43,1897213,0,0.0,3349,153,107,3759,0.04568527918781726,0.6993464052287581
expanding,43,1897213,0,1.0,625,239,179,1286,0.3824,0.7489539748953975
expanding,43,1897213,1,0.0,14,3,2,20,0.21428571428571427,0.6666666666666666
expanding,43,1897213,1,1.0,29,5,5,71,0.1724137931034483,1.0
rolling_7d,43,1897213,0,0.0,3394,159,111,3806,0.04684737772539776,0.6981132075471698
rolling_7d,43,1897213,0,1.0,580,233,175,1239,0.4017241379310345,0.7510729613733905
rolling_7d,43,1897213,1,0.0,16,4,3,22,0.25,0.75
rolling_7d,43,1897213,1,1.0,27,4,4,69,0.14814814814814814,1.0
expanding,44,1897218,0,0.0,2615,157,64,2971,0.060038240917782024,0.40764331210191085
expanding,44,1897218,0,1.0,436,118,71,743,0.2706422018348624,0.6016949152542372
expanding,44,1897218,1,0.0,10,0,0,10,0.0,
expanding,44,1897218,1,1.0,31,2,2,98,0.06451612903225806,1.0
rolling_7d,44,1897218,0,0.0,2657,160,67,3014,0.06021829130598419,0.41875
rolling_7d,44,1897218,0,1.0,394,115,68,700,0.2918781725888325,0.591304347826087
rolling_7d,44,1897218,1,0.0,11,0,0,11,0.0,
rolling_7d,44,1897218,1,1.0,30,2,2,97,0.06666666666666667,1.0
expanding,44,1897221,0,0.0,3018,110,79,3221,0.03644797879390325,0.7181818181818181
expanding,44,1897221,0,1.0,448,151,115,882,0.33705357142857145,0.7615894039735099
expanding,44,1897221,1,0.0,5,0,0,5,0.0,
expanding,44,1897221,1,1.0,22,2,2,100,0.09090909090909091,1.0
rolling_7d,44,1897221,0,0.0,3062,114,81,3265,0.037230568256041804,0.7105263157894737
rolling_7d,44,1897221,0,1.0,404,147,113,838,0.36386138613861385,0.7687074829931972
rolling_7d,44,1897221,1,0.0,5,0,0,5,0.0,
rolling_7d,44,1897221,1,1.0,22,2,2,100,0.09090909090909091,1.0
expanding,44,1897223,0,0.0,6243,341,132,6686,0.05462117571680282,0.3870967741935484
expanding,44,1897223,0,1.0,732,281,193,1585,0.383879781420765,0.6868327402135231
expanding,44,1897223,1,0.0,21,1,1,28,0.047619047619047616,1.0
expanding,44,1897223,1,1.0,33,3,2,391,0.09090909090909091,0.6666666666666666
rolling_7d,44,1897223,0,0.0,6321,356,139,6775,0.056320202499604496,0.3904494382022472
rolling_7d,44,1897223,0,1.0,654,266,186,1496,0.40672782874617736,0.6992481203007519
rolling_7d,44,1897223,1,0.0,22,1,1,29,0.045454545454545456,1.0
rolling_7d,44,1897223,1,1.0,32,3,2,390,0.09375,0.6666666666666666
expanding,45,1897228,0,0.0,10328,683,313,11283,0.06613090627420604,0.4582723279648609
expanding,45,1897228,0,1.0,1428,720,442,3021,0.5042016806722689,0.6138888888888889
expanding,45,1897228,1,0.0,34,2,2,35,0.058823529411764705,1.0
expanding,45,1897228,1,1.0,59,9,7,302,0.15254237288135594,0.7777777777777778
rolling_7d,45,1897228,0,0.0,10558,765,376,11553,0.07245690471680243,0.4915032679738562
rolling_7d,45,1897228,0,1.0,1198,638,379,2751,0.5325542570951586,0.5940438871473355
rolling_7d,45,1897228,1,0.0,39,2,2,40,0.05128205128205128,1.0
rolling_7d,45,1897228,1,1.0,54,9,7,297,0.16666666666666666,0.7777777777777778
expanding,45,1897230,0,0.0,2882,84,50,2979,0.02914642609299098,0.5952380952380952
expanding,45,1897230,0,1.0,505,237,200,732,0.4693069306930693,0.8438818565400844
expanding,45,1897230,1,0.0,5,0,0,5,0.0,
expanding,45,1897230,1,1.0,21,3,3,30,0.14285714285714285,1.0
rolling_7d,45,1897230,0,0.0,2909,86,52,3006,0.029563423856995532,0.6046511627906976
rolling_7d,45,1897230,0,1.0,478,235,198,705,0.4916317991631799,0.8425531914893617
rolling_7d,45,1897230,1,0.0,5,0,0,5,0.0,
rolling_7d,45,1897230,1,1.0,21,3,3,30,0.14285714285714285,1.0
expanding,45,1897231,0,0.0,2432,163,56,2773,0.06702302631578948,0.34355828220858897
expanding,45,1897231,0,1.0,463,224,185,1548,0.4838012958963283,0.8258928571428571
expanding,45,1897231,1,0.0,4,0,0,5,0.0,
expanding,45,1897231,1,1.0,20,1,1,39,0.05,1.0
rolling_7d,45,1897231,0,0.0,2458,165,56,2799,0.06712774613506917,0.3393939393939394
rolling_7d,45,1897231,0,1.0,437,222,185,1522,0.5080091533180778,0.8333333333333334
rolling_7d,45,1897231,1,0.0,5,0,0,6,0.0,
rolling_7d,45,1897231,1,1.0,19,1,1,38,0.05263157894736842,1.0
expanding,46,1897236,0,0.0,9894,392,203,10232,0.03961997170002021,0.5178571428571429
expanding,46,1897236,0,1.0,1276,595,477,1970,0.4663009404388715,0.8016806722689076
expanding,46,1897236,1,0.0,44,0,0,51,0.0,
expanding,46,1897236,1,1.0,45,9,4,247,0.2,0.4444444444444444
rolling_7d,46,1897236,0,0.0,10061,436,239,10411,0.04333565251963026,0.5481651376146789
rolling_7d,46,1897236,0,1.0,1109,551,441,1791,0.49684400360685305,0.8003629764065335
rolling_7d,46,1897236,1,0.0,45,0,0,52,0.0,
rolling_7d,46,1897236,1,1.0,44,9,4,246,0.20454545454545456,0.4444444444444444
expanding,46,1897238,0,0.0,2701,165,46,2998,0.061088485746019994,0.2787878787878788
expanding,46,1897238,0,1.0,442,174,144,778,0.3936651583710407,0.8275862068965517
expanding,46,1897238,1,1.0,19,0,0,29,0.0,
rolling_7d,46,1897238,0,0.0,2731,169,47,3028,0.061882094470889784,0.2781065088757396
rolling_7d,46,1897238,0,1.0,412,170,143,748,0.41262135922330095,0.8411764705882353
rolling_7d,46,1897238,1,1.0,19,0,0,29,0.0,
expanding,46,1897240,0,0.0,3117,681,100,3440,0.21847930702598653,0.14684287812041116
expanding,46,1897240,0,1.0,425,162,152,777,0.3811764705882353,0.9382716049382716
expanding,46,1897240,1,0.0,8,0,0,8,0.0,
expanding,46,1897240,1,1.0,25,3,3,33,0.12,1.0
rolling_7d,46,1897240,0,0.0,3136,682,101,3460,0.21747448979591838,0.14809384164222875
rolling_7d,46,1897240,0,1.0,406,161,151,757,0.39655172413793105,0.937888198757764
rolling_7d,46,1897240,1,0.0,9,0,0,9,0.0,
rolling_7d,46,1897240,1,1.0,24,3,3,32,0.125,1.0
expanding,47,1897246,0,0.0,1816,108,39,2034,0.05947136563876652,0.3611111111111111
expanding,47,1897246,0,1.0,278,81,54,415,0.29136690647482016,0.6666666666666666
expanding,47,1897246,1,0.0,4,0,0,4,0.0,
expanding,47,1897246,1,1.0,22,5,4,29,0.22727272727272727,0.8
rolling_7d,47,1897246,0,0.0,1851,116,40,2071,0.06266882766072393,0.3448275862068966
rolling_7d,47,1897246,0,1.0,243,73,53,378,0.3004115226337449,0.726027397260274
rolling_7d,47,1897246,1,0.0,5,0,0,5,0.0,
rolling_7d,47,1897246,1,1.0,21,5,4,28,0.23809523809523808,0.8
expanding,47,1897247,0,0.0,2003,57,27,2084,0.028457314028956564,0.47368421052631576
expanding,47,1897247,0,1.0,332,127,105,418,0.3825301204819277,0.8267716535433071
expanding,47,1897247,1,0.0,10,3,3,10,0.3,1.0
expanding,47,1897247,1,1.0,17,1,1,20,0.058823529411764705,1.0
rolling_7d,47,1897247,0,0.0,2030,58,28,2113,0.02857142857142857,0.4827586206896552
rolling_7d,47,1897247,0,1.0,305,126,104,389,0.4131147540983607,0.8253968253968254
rolling_7d,47,1897247,1,0.0,11,3,3,11,0.2727272727272727,1.0
rolling_7d,47,1897247,1,1.0,16,1,1,19,0.0625,1.0
expanding,47,1897249,0,0.0,10663,331,174,11271,0.031041920660226954,0.525679758308157
expanding,47,1897249,0,1.0,1388,667,513,3493,0.48054755043227665,0.7691154422788605
expanding,47,1897249,1,0.0,42,5,4,46,0.11904761904761904,0.8
expanding,47,1897249,1,1.0,49,9,7,787,0.1836734693877551,0.7777777777777778
rolling_7d,47,1897249,0,0.0,10873,376,202,11508,0.034581072381127564,0.5372340425531915
rolling_7d,47,1897249,0,1.0,1178,622,485,3256,0.5280135823429541,0.7797427652733119
rolling_7d,47,1897249,1,0.0,45,5,4,49,0.1111111111111111,0.8
rolling_7d,47,1897249,1,1.0,46,9,7,784,0.1956521739130435,0.7777777777777778
expanding,48,1897254,0,0.0,9069,264,140,9901,0.029110155474694012,0.5303030303030303
expanding,48,1897254,0,1.0,967,427,298,2140,0.4415718717683557,0.6978922716627635
expanding,48,1897254,1,0.0,14,0,0,17,0.0,
expanding,48,1897254,1,1.0,31,3,1,520,0.0967741935483871,0.3333333333333333
rolling_7d,48,1897254,0,0.0,9183,278,149,10026,0.03027333115539584,0.5359712230215827
rolling_7d,48,1897254,0,1.0,853,413,289,2015,0.48417350527549824,0.6997578692493946
rolling_7d,48,1897254,1,0.0,15,0,0,17,0.0,
rolling_7d,48,1897254,1,1.0,30,3,1,520,0.1,0.3333333333333333
expanding,48,1897255,0,0.0,2880,75,36,3043,0.026041666666666668,0.48
expanding,48,1897255,0,1.0,346,137,101,560,0.3959537572254335,0.7372262773722628
expanding,48,1897255,1,0.0,8,0,0,8,0.0,
expanding,48,1897255,1,1.0,9,1,1,9,0.1111111111111111,1.0
rolling_7d,48,1897255,0,0.0,2912,75,36,3075,0.025755494505494504,0.48
rolling_7d,48,1897255,0,1.0,314,137,101,528,0.43630573248407645,0.7372262773722628
rolling_7d,48,1897255,1,0.0,8,0,0,8,0.0,
rolling_7d,48,1897255,1,1.0,9,1,1,9,0.1111111111111111,1.0
expanding,48,1897256,0,0.0,2328,177,67,2611,0.07603092783505154,0.3785310734463277
expanding,48,1897256,0,1.0,298,90,50,469,0.30201342281879195,0.5555555555555556
expanding,48,1897256,1,0.0,2,0,0,2,0.0,
expanding,48,1897256,1,1.0,12,2,1,14,0.16666666666666666,0.5
rolling_7d,48,1897256,0,0.0,2356,177,67,2639,0.07512733446519525,0.3785310734463277
rolling_7d,48,1897256,0,1.0,270,90,50,441,0.3333333333333333,0.5555555555555556
rolling_7d,48,1897256,1,0.0,3,0,0,3,0.0,
rolling_7d,48,1897256,1,1.0,11,2,1,13,0.18181818181818182,0.5
expanding,49,1897263,0,0.0,7768,629,305,8962,0.08097322348094747,0.4848966613672496
expanding,49,1897263,0,1.0,1027,507,335,3689,0.4936708860759494,0.6607495069033531
expanding,49,1897263,1,0.0,27,4,1,39,0.14814814814814814,0.25
expanding,49,1897263,1,1.0,29,6,4,63,0.20689655172413793,0.6666666666666666
rolling_7d,49,1897263,0,0.0,7832,640,309,9034,0.08171603677221655,0.4828125
rolling_7d,49,1897263,0,1.0,963,496,331,3617,0.5150571131879543,0.6673387096774194
rolling_7d,49,1897263,1,0.0,27,4,1,39,0.14814814814814814,0.25
rolling_7d,49,1897263,1,1.0,29,6,4,63,0.20689655172413793,0.6666666666666666
expanding,49,1897265,0,0.0,4792,141,74,5077,0.029424040066777964,0.524822695035461
expanding,49,1897265,0,1.0,617,341,239,958,0.5526742301458671,0.7008797653958945
expanding,49,1897265,1,0.0,16,1,1,19,0.0625,1.0
expanding,49,1897265,1,1.0,22,1,1,35,0.045454545454545456,1.0
rolling_7d,49,1897265,0,0.0,4823,144,75,5110,0.029856935517312874,0.5208333333333334
rolling_7d,49,1897265,0,1.0,586,338,238,925,0.5767918088737202,0.7041420118343196
rolling_7d,49,1897265,1,0.0,19,1,1,22,0.05263157894736842,1.0
rolling_7d,49,1897265,1,1.0,19,1,1,32,0.05263157894736842,1.0
expanding,49,1897266,0,0.0,4789,176,101,4937,0.03675088745040718,0.5738636363636364
expanding,49,1897266,0,1.0,566,263,172,1529,0.46466431095406363,0.6539923954372624
expanding,49,1897266,1,0.0,10,0,0,10,0.0,
expanding,49,1897266,1,1.0,26,2,0,40,0.07692307692307693,0.0
rolling_7d,49,1897266,0,0.0,4822,178,101,4989,0.03691414350891746,0.5674157303370787
rolling_7d,49,1897266,0,1.0,533,261,172,1477,0.4896810506566604,0.6590038314176245
rolling_7d,49,1897266,1,0.0,10,0,0,10,0.0,
rolling_7d,49,1897266,1,1.0,26,2,0,40,0.07692307692307693,0.0
expanding,50,1897271,0,0.0,5611,281,126,6702,0.05008019960791303,0.4483985765124555
expanding,50,1897271,0,1.0,677,310,239,1316,0.45790251107828656,0.7709677419354839
expanding,50,1897271,1,0.0,12,0,0,13,0.0,
expanding,50,1897271,1,1.0,20,3,2,420,0.15,0.6666666666666666
rolling_7d,50,1897271,0,0.0,5651,287,126,6754,0.050787471244027604,0.43902439024390244
rolling_7d,50,1897271,0,1.0,637,304,239,1264,0.4772370486656201,0.7861842105263158
rolling_7d,50,1897271,1,0.0,16,1,1,18,0.0625,1.0
rolling_7d,50,1897271,1,1.0,16,2,1,415,0.125,0.5
expanding,50,1897273,0,0.0,2798,85,65,2967,0.030378842030021443,0.7647058823529411
expanding,50,1897273,0,1.0,372,140,125,1182,0.3763440860215054,0.8928571428571429
expanding,50,1897273,1,0.0,1,0,0,1,0.0,
expanding,50,1897273,1,1.0,11,1,1,42,0.09090909090909091,1.0
rolling_7d,50,1897273,0,0.0,2830,88,68,3007,0.03109540636042403,0.7727272727272727
rolling_7d,50,1897273,0,1.0,340,137,122,1142,0.40294117647058825,0.8905109489051095
rolling_7d,50,1897273,1,0.0,1,0,0,1,0.0,
rolling_7d,50,1897273,1,1.0,11,1,1,42,0.09090909090909091,1.0
expanding,50,1897274,0,0.0,2229,174,120,2425,0.07806191117092867,0.6896551724137931
expanding,50,1897274,0,1.0,288,80,63,347,0.2777777777777778,0.7875
expanding,50,1897274,1,0.0,7,2,1,7,0.2857142857142857,0.5
expanding,50,1897274,1,1.0,9,1,1,13,0.1111111111111111,1.0
rolling_7d,50,1897274,0,0.0,2260,183,125,2471,0.08097345132743362,0.6830601092896175
rolling_7d,50,1897274,0,1.0,257,71,58,301,0.27626459143968873,0.8169014084507042
rolling_7d,50,1897274,1,0.0,7,2,1,7,0.2857142857142857,0.5
rolling_7d,50,1897274,1,1.0,9,1,1,13,0.1111111111111111,1.0
expanding,51,1897279,0,0.0,6786,300,133,7080,0.04420866489832007,0.44333333333333336
expanding,51,1897279,0,1.0,804,274,222,1190,0.3407960199004975,0.8102189781021898
expanding,51,1897279,1,0.0,16,0,0,19,0.0,
expanding,51,1897279,1,1.0,37,7,6,148,0.1891891891891892,0.8571428571428571
rolling_7d,51,1897279,0,0.0,6840,312,136,7149,0.0456140350877193,0.4358974358974359
rolling_7d,51,1897279,0,1.0,750,262,219,1121,0.34933333333333333,0.8358778625954199
rolling_7d,51,1897279,1,0.0,19,0,0,23,0.0,
rolling_7d,51,1897279,1,1.0,34,7,6,144,0.20588235294117646,0.8571428571428571
expanding,51,1897280,0,0.0,1509,49,18,1623,0.032471835652750164,0.3673469387755102
expanding,51,1897280,0,1.0,291,76,59,474,0.2611683848797251,0.7763157894736842
expanding,51,1897280,1,0.0,3,0,0,4,0.0,
expanding,51,1897280,1,1.0,13,0,0,17,0.0,
rolling_7d,51,1897280,0,0.0,1525,51,18,1639,0.03344262295081967,0.35294117647058826
rolling_7d,51,1897280,0,1.0,275,74,59,458,0.2690909090909091,0.7972972972972973
rolling_7d,51,1897280,1,0.0,3,0,0,4,0.0,
rolling_7d,51,1897280,1,1.0,13,0,0,17,0.0,
expanding,51,1897281,0,0.0,1431,124,97,1629,0.08665269042627533,0.782258064516129
expanding,51,1897281,0,1.0,242,38,35,574,0.15702479338842976,0.9210526315789473
expanding,51,1897281,1,0.0,6,0,0,7,0.0,
expanding,51,1897281,1,1.0,21,2,1,26,0.09523809523809523,0.5
rolling_7d,51,1897281,0,0.0,1472,135,108,1680,0.09171195652173914,0.8
rolling_7d,51,1897281,0,1.0,201,27,24,523,0.13432835820895522,0.8888888888888888
rolling_7d,51,1897281,1,0.0,6,0,0,7,0.0,
rolling_7d,51,1897281,1,1.0,21,2,1,26,0.09523809523809523,0.5
expanding,52,1897286,0,0.0,2050,113,78,2211,0.055121951219512196,0.6902654867256637
expanding,52,1897286,0,1.0,304,85,62,367,0.27960526315789475,0.7294117647058823
expanding,52,1897286,1,0.0,4,0,0,5,0.0,
expanding,52,1897286,1,1.0,27,8,8,30,0.2962962962962963,1.0
rolling_7d,52,1897286,0,0.0,2084,120,85,2245,0.05758157389635317,0.7083333333333334
rolling_7d,52,1897286,0,1.0,270,78,55,333,0.28888888888888886,0.7051282051282052
rolling_7d,52,1897286,1,0.0,4,0,0,5,0.0,
rolling_7d,52,1897286,1,1.0,27,8,8,30,0.2962962962962963,1.0
expanding,52,1897289,0,0.0,2133,38,19,2226,0.017815283638068447,0.5
expanding,52,1897289,0,1.0,366,149,116,493,0.40710382513661203,0.7785234899328859
expanding,52,1897289,1,0.0,3,0,0,3,0.0,
expanding,52,1897289,1,1.0,13,0,0,21,0.0,
rolling_7d,52,1897289,0,0.0,2145,38,19,2238,0.017715617715617717,0.5
rolling_7d,52,1897289,0,1.0,354,149,116,481,0.4209039548022599,0.7785234899328859
rolling_7d,52,1897289,1,0.0,7,0,0,7,0.0,
rolling_7d,52,1897289,1,1.0,9,0,0,17,0.0,
expanding,52,1897291,0,0.0,8845,278,151,9049,0.03143018654607123,0.5431654676258992
expanding,52,1897291,0,1.0,1210,595,490,2828,0.49173553719008267,0.8235294117647058
expanding,52,1897291,1,0.0,26,0,0,32,0.0,
expanding,52,1897291,1,1.0,36,4,3,1616,0.1111111111111111,0.75
rolling_7d,52,1897291,0,0.0,8890,285,152,9108,0.032058492688413945,0.5333333333333333
rolling_7d,52,1897291,0,1.0,1165,588,489,2769,0.5047210300429185,0.8316326530612245
rolling_7d,52,1897291,1,0.0,30,0,0,39,0.0,
rolling_7d,52,1897291,1,1.0,32,4,3,1609,0.125,0.75
expanding,54,1897296,0,0.0,2369,132,47,2512,0.05571971295905445,0.3560606060606061
expanding,54,1897296,0,1.0,435,166,115,899,0.3816091954022989,0.6927710843373494
expanding,54,1897296,1,0.0,6,1,1,7,0.16666666666666666,1.0
expanding,54,1897296,1,1.0,18,1,1,29,0.05555555555555555,1.0
rolling_7d,54,1897296,0,0.0,2383,132,47,2527,0.055392362568191356,0.3560606060606061
rolling_7d,54,1897296,0,1.0,421,166,115,884,0.39429928741092635,0.6927710843373494
rolling_7d,54,1897296,1,0.0,7,1,1,8,0.14285714285714285,1.0
rolling_7d,54,1897296,1,1.0,17,1,1,28,0.058823529411764705,1.0
expanding,54,1897297,0,0.0,2659,74,39,2739,0.027830011282437006,0.527027027027027
expanding,54,1897297,0,1.0,422,154,100,704,0.36492890995260663,0.6493506493506493
expanding,54,1897297,1,0.0,6,0,0,6,0.0,
expanding,54,1897297,1,1.0,20,5,4,47,0.25,0.8
rolling_7d,54,1897297,0,0.0,2679,75,39,2759,0.027995520716685332,0.52
rolling_7d,54,1897297,0,1.0,402,153,100,684,0.3805970149253731,0.6535947712418301
rolling_7d,54,1897297,1,0.0,8,1,0,8,0.125,0.0
rolling_7d,54,1897297,1,1.0,18,4,4,45,0.2222222222222222,1.0
expanding,54,1897299,0,0.0,10047,481,210,10979,0.04787498755847517,0.4365904365904366
expanding,54,1897299,0,1.0,1901,1019,854,11868,0.5360336664913203,0.8380765456329735
expanding,54,1897299,1,0.0,28,3,3,33,0.10714285714285714,1.0
expanding,54,1897299,1,1.0,105,28,27,2074,0.26666666666666666,0.9642857142857143
rolling_7d,54,1897299,0,0.0,10120,490,213,11059,0.04841897233201581,0.4346938775510204
rolling_7d,54,1897299,0,1.0,1828,1010,851,11788,0.5525164113785558,0.8425742574257425
rolling_7d,54,1897299,1,0.0,31,4,4,37,0.12903225806451613,1.0
rolling_7d,54,1897299,1,1.0,102,27,26,2070,0.2647058823529412,0.9629629629629629
expanding,53,1897303,0,0.0,1832,105,46,2016,0.05731441048034935,0.4380952380952381
expanding,53,1897303,0,1.0,295,83,42,732,0.28135593220338984,0.5060240963855421
expanding,53,1897303,1,0.0,3,0,0,3,0.0,
expanding,53,1897303,1,1.0,29,6,4,54,0.20689655172413793,0.6666666666666666
rolling_7d,53,1897303,0,0.0,1858,110,49,2043,0.059203444564047365,0.44545454545454544
rolling_7d,53,1897303,0,1.0,269,78,39,705,0.2899628252788104,0.5
rolling_7d,53,1897303,1,0.0,3,0,0,3,0.0,
rolling_7d,53,1897303,1,1.0,29,6,4,54,0.20689655172413793,0.6666666666666666
expanding,53,1897305,0,0.0,1877,83,46,2056,0.04421949920085243,0.5542168674698795
expanding,53,1897305,0,1.0,373,149,119,656,0.39946380697050937,0.7986577181208053
expanding,53,1897305,1,0.0,5,0,0,10,0.0,
expanding,53,1897305,1,1.0,12,1,0,73,0.08333333333333333,0.0
rolling_7d,53,1897305,0,0.0,1907,89,51,2097,0.046670162558993186,0.5730337078651685
rolling_7d,53,1897305,0,1.0,343,143,114,615,0.41690962099125367,0.7972027972027972
rolling_7d,53,1897305,1,0.0,6,0,0,11,0.0,
rolling_7d,53,1897305,1,1.0,11,1,0,72,0.09090909090909091,0.0
expanding,53,1897306,0,0.0,9747,537,324,10317,0.05509387503847338,0.6033519553072626
expanding,53,1897306,0,1.0,1315,626,492,3433,0.47604562737642586,0.7859424920127795
expanding,53,1897306,1,0.0,24,3,3,36,0.125,1.0
expanding,53,1897306,1,1.0,68,14,13,1220,0.20588235294117646,0.9285714285714286
rolling_7d,53,1897306,0,0.0,9843,555,339,10453,0.05638524839987809,0.6108108108108108
rolling_7d,53,1897306,0,1.0,1219,608,477,3297,0.49876948318293685,0.7845394736842105
rolling_7d,53,1897306,1,0.0,28,3,3,41,0.10714285714285714,1.0
rolling_7d,53,1897306,1,1.0,64,14,13,1215,0.21875,0.9285714285714286
expanding,56,1897311,0,0.0,3573,330,158,4060,0.09235936188077246,0.47878787878787876
expanding,56,1897311,0,1.0,851,377,251,1714,0.44300822561692127,0.6657824933687002
expanding,56,1897311,1,0.0,16,4,4,23,0.25,1.0
expanding,56,1897311,1,1.0,38,5,4,120,0.13157894736842105,0.8
rolling_7d,56,1897311,0,0.0,3709,396,194,4398,0.10676732272849825,0.4898989898989899
rolling_7d,56,1897311,0,1.0,715,311,215,1376,0.43496503496503497,0.6913183279742765
rolling_7d,56,1897311,1,0.0,17,4,4,24,0.23529411764705882,1.0
rolling_7d,56,1897311,1,1.0,37,5,4,119,0.13513513513513514,0.8
expanding,56,1897312,0,0.0,2762,151,64,2920,0.054670528602461986,0.423841059602649
expanding,56,1897312,0,1.0,761,369,278,1430,0.48488830486202367,0.7533875338753387
expanding,56,1897312,1,0.0,7,0,0,9,0.0,
expanding,56,1897312,1,1.0,32,5,5,62,0.15625,1.0
rolling_7d,56,1897312,0,0.0,2905,222,99,3302,0.07641996557659209,0.44594594594594594
rolling_7d,56,1897312,0,1.0,618,298,243,1048,0.48220064724919093,0.8154362416107382
rolling_7d,56,1897312,1,0.0,11,1,1,17,0.09090909090909091,1.0
rolling_7d,56,1897312,1,1.0,28,4,4,54,0.14285714285714285,1.0
expanding,56,1897315,0,0.0,20090,1211,695,21761,0.060278745644599306,0.573905862923204
expanding,56,1897315,0,1.0,3241,1538,1037,8951,0.474544893551373,0.6742522756827048
expanding,56,1897315,1,0.0,82,21,18,101,0.25609756097560976,0.8571428571428571
expanding,56,1897315,1,1.0,163,47,44,970,0.2883435582822086,0.9361702127659575
rolling_7d,56,1897315,0,0.0,20384,1308,741,22234,0.0641679748822606,0.5665137614678899
rolling_7d,56,1897315,0,1.0,2947,1441,991,8478,0.48897183576518494,0.6877168632893824
rolling_7d,56,1897315,1,0.0,90,23,20,112,0.25555555555555554,0.8695652173913043
rolling_7d,56,1897315,1,1.0,155,45,42,959,0.2903225806451613,0.9333333333333333
expanding,55,1897320,0,0.0,3394,942,132,3966,0.27754861520329993,0.14012738853503184
expanding,55,1897320,0,1.0,596,142,119,845,0.23825503355704697,0.8380281690140845
expanding,55,1897320,1,0.0,8,0,0,9,0.0,
expanding,55,1897320,1,1.0,36,6,6,55,0.16666666666666666,1.0
rolling_7d,55,1897320,0,0.0,3458,956,144,4054,0.2764603817235396,0.1506276150627615
rolling_7d,55,1897320,0,1.0,532,128,107,757,0.24060150375939848,0.8359375
rolling_7d,55,1897320,1,0.0,9,0,0,10,0.0,
rolling_7d,55,1897320,1,1.0,35,6,6,54,0.17142857142857143,1.0
expanding,55,1897322,0,0.0,2504,102,54,2624,0.04073482428115016,0.5294117647058824
expanding,55,1897322,0,1.0,517,155,131,1220,0.29980657640232106,0.8451612903225807
expanding,55,1897322,1,0.0,2,0,0,2,0.0,
expanding,55,1897322,1,1.0,30,6,6,56,0.2,1.0
rolling_7d,55,1897322,0,0.0,2574,120,65,2719,0.046620046620046623,0.5416666666666666
rolling_7d,55,1897322,0,1.0,447,137,120,1125,0.30648769574944074,0.8759124087591241
rolling_7d,55,1897322,1,0.0,3,0,0,3,0.0,
rolling_7d,55,1897322,1,1.0,29,6,6,55,0.20689655172413793,1.0
expanding,55,1897323,0,0.0,3716,203,89,3852,0.0546286329386437,0.43842364532019706
expanding,55,1897323,0,1.0,624,193,168,905,0.3092948717948718,0.8704663212435233
expanding,55,1897323,1,0.0,12,1,1,13,0.08333333333333333,1.0
expanding,55,1897323,1,1.0,21,4,2,32,0.19047619047619047,0.5
rolling_7d,55,1897323,0,0.0,3780,216,97,3932,0.05714285714285714,0.44907407407407407
rolling_7d,55,1897323,0,1.0,560,180,160,825,0.32142857142857145,0.8888888888888888
rolling_7d,55,1897323,1,0.0,13,1,1,14,0.07692307692307693,1.0
rolling_7d,55,1897323,1,1.0,20,4,2,31,0.2,0.5
expanding,58,1897329,0,0.0,13914,600,341,14768,0.043122035360069,0.5683333333333334
expanding,58,1897329,0,1.0,2373,1078,753,5794,0.45427728613569324,0.6985157699443414
expanding,58,1897329,1,0.0,53,12,12,88,0.22641509433962265,1.0
expanding,58,1897329,1,1.0,145,31,23,390,0.21379310344827587,0.7419354838709677
rolling_7d,58,1897329,0,0.0,14132,653,370,15039,0.04620718935748656,0.5666156202143952
rolling_7d,58,1897329,0,1.0,2155,1025,724,5523,0.4756380510440835,0.7063414634146341
rolling_7d,58,1897329,1,0.0,65,12,12,101,0.18461538461538463,1.0
rolling_7d,58,1897329,1,1.0,133,31,23,377,0.23308270676691728,0.7419354838709677
expanding,58,1897330,0,0.0,2533,84,37,2615,0.03316225819186735,0.44047619047619047
expanding,58,1897330,0,1.0,535,224,175,867,0.41869158878504675,0.78125
expanding,58,1897330,1,0.0,2,0,0,2,0.0,
expanding,58,1897330,1,1.0,31,6,6,47,0.1935483870967742,1.0
rolling_7d,58,1897330,0,0.0,2586,114,52,2740,0.04408352668213457,0.45614035087719296
rolling_7d,58,1897330,0,1.0,482,194,160,742,0.4024896265560166,0.8247422680412371
rolling_7d,58,1897330,1,0.0,3,0,0,3,0.0,
rolling_7d,58,1897330,1,1.0,30,6,6,46,0.2,1.0
expanding,58,1897331,0,0.0,3758,218,124,4446,0.05800957956359766,0.5688073394495413
expanding,58,1897331,0,1.0,796,328,234,1920,0.4120603015075377,0.7134146341463414
expanding,58,1897331,1,0.0,17,1,1,23,0.058823529411764705,1.0
expanding,58,1897331,1,1.0,41,6,4,96,0.14634146341463414,0.6666666666666666
rolling_7d,58,1897331,0,0.0,3845,235,136,4562,0.0611183355006502,0.5787234042553191
rolling_7d,58,1897331,0,1.0,709,311,222,1804,0.4386459802538787,0.7138263665594855
rolling_7d,58,1897331,1,0.0,17,1,1,23,0.058823529411764705,1.0
rolling_7d,58,1897331,1,1.0,41,6,4,96,0.14634146341463414,0.6666666666666666
expanding,57,1897336,0,0.0,1843,223,139,2009,0.12099837221920781,0.6233183856502242
expanding,57,1897336,0,1.0,433,124,110,958,0.2863741339491917,0.8870967741935484
expanding,57,1897336,1,0.0,9,0,0,9,0.0,
expanding,57,1897336,1,1.0,22,1,1,23,0.045454545454545456,1.0
rolling_7d,57,1897336,0,0.0,1893,236,151,2086,0.12466983623877444,0.6398305084745762
rolling_7d,57,1897336,0,1.0,383,111,98,881,0.2898172323759791,0.8828828828828829
rolling_7d,57,1897336,1,0.0,11,0,0,11,0.0,
rolling_7d,57,1897336,1,1.0,20,1,1,21,0.05,1.0
expanding,57,1897338,0,0.0,1539,50,21,1584,0.03248862897985705,0.42
expanding,57,1897338,0,1.0,337,115,101,730,0.34124629080118696,0.8782608695652174
expanding,57,1897338,1,0.0,1,0,0,1,0.0,
expanding,57,1897338,1,1.0,25,8,8,33,0.32,1.0
rolling_7d,57,1897338,0,0.0,1574,61,32,1647,0.03875476493011436,0.5245901639344263
rolling_7d,57,1897338,0,1.0,302,104,90,667,0.3443708609271523,0.8653846153846154
rolling_7d,57,1897338,1,0.0,1,0,0,1,0.0,
rolling_7d,57,1897338,1,1.0,25,8,8,33,0.32,1.0
expanding,57,1897340,0,0.0,4711,337,82,4839,0.07153470600721715,0.2433234421364985
expanding,57,1897340,0,1.0,733,189,156,1749,0.2578444747612551,0.8253968253968254
expanding,57,1897340,1,0.0,6,0,0,6,0.0,
expanding,57,1897340,1,1.0,34,3,2,52,0.08823529411764706,0.6666666666666666
rolling_7d,57,1897340,0,0.0,4778,359,96,4934,0.07513604018417748,0.26740947075208915
rolling_7d,57,1897340,0,1.0,666,167,142,1654,0.25075075075075076,0.8502994011976048
rolling_7d,57,1897340,1,0.0,7,1,1,7,0.14285714285714285,1.0
rolling_7d,57,1897340,1,1.0,33,2,1,51,0.06060606060606061,0.5
expanding,59,1897345,0,0.0,3553,130,57,3683,0.03658879819870532,0.43846153846153846
expanding,59,1897345,0,1.0,629,205,139,2081,0.32591414944356123,0.6780487804878049
expanding,59,1897345,1,0.0,11,0,0,11,0.0,
expanding,59,1897345,1,1.0,28,0,0,1066,0.0,
rolling_7d,59,1897345,0,0.0,3613,145,70,3860,0.04013285358427899,0.4827586206896552
rolling_7d,59,1897345,0,1.0,569,190,126,1904,0.3339191564147627,0.6631578947368421
rolling_7d,59,1897345,1,0.0,16,0,0,21,0.0,
rolling_7d,59,1897345,1,1.0,23,0,0,1056,0.0,
expanding,59,1897347,0,0.0,2419,94,49,2590,0.03885903265812319,0.5212765957446809
expanding,59,1897347,0,1.0,519,176,136,1347,0.33911368015414256,0.7727272727272727
expanding,59,1897347,1,0.0,4,0,0,4,0.0,
expanding,59,1897347,1,1.0,18,5,4,23,0.2777777777777778,0.8
rolling_7d,59,1897347,0,0.0,2486,113,64,2737,0.045454545454545456,0.5663716814159292
rolling_7d,59,1897347,0,1.0,452,157,121,1200,0.3473451327433628,0.7707006369426752
rolling_7d,59,1897347,1,0.0,6,0,0,8,0.0,
rolling_7d,59,1897347,1,1.0,16,5,4,19,0.3125,0.8
expanding,59,1897348,0,0.0,3847,132,48,4032,0.03431245126072264,0.36363636363636365
expanding,59,1897348,0,1.0,780,266,219,1835,0.34102564102564104,0.8233082706766918
expanding,59,1897348,1,0.0,3,0,0,3,0.0,
expanding,59,1897348,1,1.0,33,7,5,87,0.21212121212121213,0.7142857142857143
rolling_7d,59,1897348,0,0.0,3928,151,61,4169,0.03844195519348269,0.40397350993377484
rolling_7d,59,1897348,0,1.0,699,247,206,1698,0.35336194563662376,0.8340080971659919
rolling_7d,59,1897348,1,0.0,9,1,1,13,0.1111111111111111,1.0
rolling_7d,59,1897348,1,1.0,27,6,4,77,0.2222222222222222,0.6666666666666666
expanding,60,1897354,0,0.0,3465,217,92,3917,0.06262626262626263,0.423963133640553
expanding,60,1897354,0,1.0,637,212,136,1746,0.3328100470957614,0.6415094339622641
expanding,60,1897354,1,0.0,5,1,1,5,0.2,1.0
expanding,60,1897354,1,1.0,30,2,2,52,0.06666666666666667,1.0
rolling_7d,60,1897354,0,0.0,3519,225,100,4024,0.0639386189258312,0.4444444444444444
rolling_7d,60,1897354,0,1.0,583,204,128,1639,0.34991423670668953,0.6274509803921569
rolling_7d,60,1897354,1,0.0,5,1,1,5,0.2,1.0
rolling_7d,60,1897354,1,1.0,30,2,2,52,0.06666666666666667,1.0
expanding,60,1897355,0,0.0,2311,121,60,2481,0.05235828645607962,0.49586776859504134
expanding,60,1897355,0,1.0,560,216,159,1323,0.38571428571428573,0.7361111111111112
expanding,60,1897355,1,0.0,2,0,0,2,0.0,
expanding,60,1897355,1,1.0,20,2,2,79,0.1,1.0
rolling_7d,60,1897355,0,0.0,2359,140,77,2625,0.05934718100890208,0.55
rolling_7d,60,1897355,0,1.0,512,197,142,1179,0.384765625,0.7208121827411168
rolling_7d,60,1897355,1,0.0,4,1,1,4,0.25,1.0
rolling_7d,60,1897355,1,1.0,18,1,1,77,0.05555555555555555,1.0
expanding,60,1897356,0,0.0,13726,699,391,15145,0.05092525134780708,0.5593705293276109
expanding,60,1897356,0,1.0,3408,1785,1302,13659,0.5237676056338029,0.7294117647058823
expanding,60,1897356,1,0.0,67,5,4,79,0.07462686567164178,0.8
expanding,60,1897356,1,1.0,220,50,45,14836,0.22727272727272727,0.9
rolling_7d,60,1897356,0,0.0,13927,739,412,15517,0.05306239678322683,0.557510148849797
rolling_7d,60,1897356,0,1.0,3207,1745,1281,13287,0.5441222326161521,0.7340974212034383
rolling_7d,60,1897356,1,0.0,82,6,5,99,0.07317073170731707,0.8333333333333334
rolling_7d,60,1897356,1,1.0,205,49,44,14816,0.23902439024390243,0.8979591836734694
expanding,61,1897363,0,0.0,6528,375,190,7245,0.05744485294117647,0.5066666666666667
expanding,61,1897363,0,1.0,1090,523,353,2273,0.4798165137614679,0.6749521988527725
expanding,61,1897363,1,0.0,13,1,0,16,0.07692307692307693,0.0
expanding,61,1897363,1,1.0,44,8,8,265,0.18181818181818182,1.0
rolling_7d,61,1897363,0,0.0,6616,385,197,7345,0.05819226118500605,0.5116883116883116
rolling_7d,61,1897363,0,1.0,1002,513,346,2173,0.5119760479041916,0.6744639376218323
rolling_7d,61,1897363,1,0.0,16,1,0,19,0.0625,0.0
rolling_7d,61,1897363,1,1.0,41,8,8,262,0.1951219512195122,1.0
expanding,61,1897365,0,0.0,4547,163,89,4839,0.03584781174400704,0.5460122699386503
expanding,61,1897365,0,1.0,734,373,270,1493,0.5081743869209809,0.7238605898123325
expanding,61,1897365,1,0.0,7,0,0,8,0.0,
expanding,61,1897365,1,1.0,46,8,5,166,0.17391304347826086,0.625
rolling_7d,61,1897365,0,0.0,4597,165,89,4918,0.03589297367848597,0.5393939393939394
rolling_7d,61,1897365,0,1.0,684,371,270,1414,0.5423976608187134,0.7277628032345014
rolling_7d,61,1897365,1,0.0,12,0,0,13,0.0,
rolling_7d,61,1897365,1,1.0,41,8,5,161,0.1951219512195122,0.625
expanding,61,1897366,0,0.0,12281,960,365,13337,0.07816953016855305,0.3802083333333333
expanding,61,1897366,0,1.0,1638,719,474,6603,0.43894993894993894,0.6592489568845619
expanding,61,1897366,1,0.0,46,3,3,51,0.06521739130434782,1.0
expanding,61,1897366,1,1.0,90,28,27,233,0.3111111111111111,0.9642857142857143
rolling_7d,61,1897366,0,0.0,12450,991,388,13616,0.07959839357429718,0.39152371342078707
rolling_7d,61,1897366,0,1.0,1469,688,451,6324,0.46834581347855686,0.6555232558139535
rolling_7d,61,1897366,1,0.0,53,3,3,58,0.05660377358490566,1.0
rolling_7d,61,1897366,1,1.0,83,28,27,226,0.3373493975903614,0.9642857142857143
expanding,62,1897372,0,0.0,3848,254,100,4055,0.06600831600831601,0.3937007874015748
expanding,62,1897372,0,1.0,638,233,197,1002,0.3652037617554859,0.8454935622317596
expanding,62,1897372,1,0.0,11,0,0,13,0.0,
expanding,62,1897372,1,1.0,27,4,4,55,0.14814814814814814,1.0
rolling_7d,62,1897372,0,0.0,3896,261,103,4103,0.0669917864476386,0.3946360153256705
rolling_7d,62,1897372,0,1.0,590,226,194,954,0.38305084745762713,0.8584070796460177
rolling_7d,62,1897372,1,0.0,13,0,0,15,0.0,
rolling_7d,62,1897372,1,1.0,25,4,4,53,0.16,1.0
expanding,62,1897373,0,0.0,1587,60,23,1624,0.03780718336483932,0.38333333333333336
expanding,62,1897373,0,1.0,231,44,41,339,0.19047619047619047,0.9318181818181818
expanding,62,1897373,1,0.0,1,0,0,1,0.0,
expanding,62,1897373,1,1.0,12,0,0,24,0.0,
rolling_7d,62,1897373,0,0.0,1599,60,23,1636,0.0375234521575985,0.38333333333333336
rolling_7d,62,1897373,0,1.0,219,44,41,327,0.2009132420091324,0.9318181818181818
rolling_7d,62,1897373,1,0.0,1,0,0,1,0.0,
rolling_7d,62,1897373,1,1.0,12,0,0,24,0.0,
expanding,62,1897374,0,0.0,1943,169,118,2237,0.08697889861039629,0.6982248520710059
expanding,62,1897374,0,1.0,274,54,46,386,0.19708029197080293,0.8518518518518519
expanding,62,1897374,1,1.0,19,1,1,29,0.05263157894736842,1.0
rolling_7d,62,1897374,0,0.0,1964,169,118,2261,0.08604887983706722,0.6982248520710059
rolling_7d,62,1897374,0,1.0,253,54,46,362,0.2134387351778656,0.8518518518518519
rolling_7d,62,1897374,1,0.0,3,0,0,7,0.0,
rolling_7d,62,1897374,1,1.0,16,1,1,22,0.0625,1.0
expanding,63,1897379,0,0.0,7427,542,293,8167,0.07297697589874781,0.540590405904059
expanding,63,1897379,0,1.0,1288,553,405,5552,0.42934782608695654,0.7323688969258589
expanding,63,1897379,1,0.0,39,2,1,42,0.05128205128205128,0.5
expanding,63,1897379,1,1.0,59,9,7,1466,0.15254237288135594,0.7777777777777778
rolling_7d,63,1897379,0,0.0,7556,571,313,8420,0.07556908417151932,0.5481611208406305
rolling_7d,63,1897379,0,1.0,1159,524,385,5299,0.45211389128559104,0.7347328244274809
rolling_7d,63,1897379,1,0.0,49,5,4,65,0.10204081632653061,0.8
rolling_7d,63,1897379,1,1.0,49,6,4,1443,0.12244897959183673,0.6666666666666666
expanding,63,1897381,0,0.0,2529,113,93,2661,0.04468169236852511,0.8230088495575221
expanding,63,1897381,0,1.0,477,190,158,876,0.39832285115303984,0.8315789473684211
expanding,63,1897381,1,0.0,2,0,0,3,0.0,
expanding,63,1897381,1,1.0,8,0,0,10,0.0,
rolling_7d,63,1897381,0,0.0,2571,128,107,2807,0.049786075457020615,0.8359375
rolling_7d,63,1897381,0,1.0,435,175,144,730,0.40229885057471265,0.8228571428571428
rolling_7d,63,1897381,1,0.0,2,0,0,3,0.0,
rolling_7d,63,1897381,1,1.0,8,0,0,10,0.0,
expanding,63,1897383,0,0.0,2974,265,157,3298,0.08910558170813719,0.5924528301886792
expanding,63,1897383,0,1.0,498,157,94,1433,0.3152610441767068,0.5987261146496815
expanding,63,1897383,1,0.0,10,2,1,10,0.2,0.5
expanding,63,1897383,1,1.0,24,1,1,76,0.041666666666666664,1.0
rolling_7d,63,1897383,0,0.0,3031,280,166,3476,0.09237875288683603,0.5928571428571429
rolling_7d,63,1897383,0,1.0,441,142,85,1255,0.3219954648526077,0.5985915492957746
rolling_7d,63,1897383,1,0.0,11,2,1,11,0.18181818181818182,0.5
rolling_7d,63,1897383,1,1.0,23,1,1,75,0.043478260869565216,1.0
expanding,64,1897389,0,0.0,3111,234,127,3377,0.07521697203471553,0.5427350427350427
expanding,64,1897389,0,1.0,515,202,155,1592,0.39223300970873787,0.7673267326732673
expanding,64,1897389,1,0.0,8,0,0,9,0.0,
expanding,64,1897389,1,1.0,27,5,4,103,0.18518518518518517,0.8
rolling_7d,64,1897389,0,0.0,3177,257,149,3554,0.08089392508655965,0.5797665369649806
rolling_7d,64,1897389,0,1.0,449,179,133,1415,0.3986636971046771,0.7430167597765364
rolling_7d,64,1897389,1,0.0,8,0,0,9,0.0,
rolling_7d,64,1897389,1,1.0,27,5,4,103,0.18518518518518517,0.8
expanding,64,1897390,0,0.0,2274,103,58,2409,0.04529463500439754,0.5631067961165048
expanding,64,1897390,0,1.0,539,236,191,1044,0.437847866419295,0.809322033898305
expanding,64,1897390,1,1.0,38,9,9,70,0.23684210526315788,1.0
rolling_7d,64,1897390,0,0.0,2343,126,79,2597,0.05377720870678617,0.626984126984127
rolling_7d,64,1897390,0,1.0,470,213,170,856,0.4531914893617021,0.7981220657276995
rolling_7d,64,1897390,1,0.0,4,0,0,6,0.0,
rolling_7d,64,1897390,1,1.0,34,9,9,64,0.2647058823529412,1.0
expanding,64,1897392,0,0.0,11435,461,246,12300,0.040314822912111935,0.5336225596529284
expanding,64,1897392,0,1.0,1431,650,430,4654,0.45422781271837875,0.6615384615384615
expanding,64,1897392,1,0.0,36,3,3,36,0.08333333333333333,1.0
expanding,64,1897392,1,1.0,94,8,6,4005,0.0851063829787234,0.75
rolling_7d,64,1897392,0,0.0,11614,494,262,12551,0.04253487170656105,0.5303643724696356
rolling_7d,64,1897392,0,1.0,1252,617,414,4403,0.4928115015974441,0.6709886547811994
rolling_7d,64,1897392,1,0.0,44,4,4,46,0.09090909090909091,1.0
rolling_7d,64,1897392,1,1.0,86,7,5,3995,0.08139534883720931,0.7142857142857143
expanding,65,1897397,0,0.0,7139,368,176,7510,0.05154783583134893,0.4782608695652174
expanding,65,1897397,0,1.0,784,270,208,2597,0.34438775510204084,0.7703703703703704
expanding,65,1897397,1,0.0,17,0,0,23,0.0,
expanding,65,1897397,1,1.0,60,3,2,1104,0.05,0.6666666666666666
rolling_7d,65,1897397,0,0.0,7232,374,182,7618,0.0517146017699115,0.48663101604278075
rolling_7d,65,1897397,0,1.0,691,264,202,2489,0.38205499276411,0.7651515151515151
rolling_7d,65,1897397,1,0.0,20,0,0,27,0.0,
rolling_7d,65,1897397,1,1.0,57,3,2,1100,0.05263157894736842,0.6666666666666666
expanding,65,1897398,0,0.0,2104,67,38,2265,0.03184410646387833,0.5671641791044776
expanding,65,1897398,0,1.0,367,124,97,695,0.33787465940054495,0.782258064516129
expanding,65,1897398,1,0.0,4,0,0,7,0.0,
expanding,65,1897398,1,1.0,15,3,2,57,0.2,0.6666666666666666
rolling_7d,65,1897398,0,0.0,2137,70,41,2302,0.03275620028076743,0.5857142857142857
rolling_7d,65,1897398,0,1.0,334,121,94,658,0.36227544910179643,0.7768595041322314
rolling_7d,65,1897398,1,0.0,5,0,0,10,0.0,
rolling_7d,65,1897398,1,1.0,14,3,2,54,0.21428571428571427,0.6666666666666666
expanding,65,1897399,0,0.0,2383,139,87,2573,0.058329836340746954,0.6258992805755396
expanding,65,1897399,0,1.0,385,136,87,621,0.35324675324675325,0.6397058823529411
expanding,65,1897399,1,0.0,1,0,0,1,0.0,
expanding,65,1897399,1,1.0,24,6,4,159,0.25,0.6666666666666666
rolling_7d,65,1897399,0,0.0,2428,146,94,2631,0.06013179571663921,0.6438356164383562
rolling_7d,65,1897399,0,1.0,340,129,80,563,0.37941176470588234,0.6201550387596899
rolling_7d,65,1897399,1,0.0,3,0,0,4,0.0,
rolling_7d,65,1897399,1,1.0,22,6,4,156,0.2727272727272727,0.6666666666666666
expanding,66,1897406,0,0.0,2279,243,132,2756,0.1066257130320316,0.5432098765432098
expanding,66,1897406,0,1.0,366,91,64,922,0.24863387978142076,0.7032967032967034
expanding,66,1897406,1,0.0,4,0,0,4,0.0,
expanding,66,1897406,1,1.0,14,2,2,48,0.14285714285714285,1.0
rolling_7d,66,1897406,0,0.0,2297,244,132,2774,0.10622551153678711,0.5409836065573771
rolling_7d,66,1897406,0,1.0,348,90,64,904,0.25862068965517243,0.7111111111111111
rolling_7d,66,1897406,1,0.0,5,0,0,5,0.0,
rolling_7d,66,1897406,1,1.0,13,2,2,47,0.15384615384615385,1.0
expanding,66,1897408,0,0.0,1824,94,51,2190,0.051535087719298246,0.5425531914893617
expanding,66,1897408,0,1.0,333,96,80,669,0.2882882882882883,0.8333333333333334
expanding,66,1897408,1,0.0,7,2,2,8,0.2857142857142857,1.0
expanding,66,1897408,1,1.0,9,1,1,27,0.1111111111111111,1.0
rolling_7d,66,1897408,0,0.0,1847,98,54,2214,0.05305901461829995,0.5510204081632653
rolling_7d,66,1897408,0,1.0,310,92,77,645,0.2967741935483871,0.8369565217391305
rolling_7d,66,1897408,1,0.0,8,2,2,9,0.25,1.0
rolling_7d,66,1897408,1,1.0,8,1,1,26,0.125,1.0
expanding,66,1897409,0,0.0,3473,189,140,4112,0.054419809962568386,0.7407407407407407
expanding,66,1897409,0,1.0,435,120,91,679,0.27586206896551724,0.7583333333333333
expanding,66,1897409,1,0.0,3,0,0,5,0.0,
expanding,66,1897409,1,1.0,25,3,3,30,0.12,1.0
rolling_7d,66,1897409,0,0.0,3523,194,145,4163,0.05506670451319898,0.7474226804123711
rolling_7d,66,1897409,0,1.0,385,115,86,628,0.2987012987012987,0.7478260869565218
rolling_7d,66,1897409,1,0.0,3,0,0,5,0.0,
rolling_7d,66,1897409,1,1.0,25,3,3,30,0.12,1.0
expanding,68,1897415,0,0.0,2068,324,119,2355,0.15667311411992263,0.36728395061728397
expanding,68,1897415,0,1.0,423,134,101,886,0.31678486997635935,0.753731343283582
expanding,68,1897415,1,0.0,5,1,1,5,0.2,1.0
expanding,68,1897415,1,1.0,25,3,3,48,0.12,1.0
rolling_7d,68,1897415,0,0.0,2098,327,121,2385,0.15586272640610105,0.37003058103975534
rolling_7d,68,1897415,0,1.0,393,131,99,856,0.3333333333333333,0.7557251908396947
rolling_7d,68,1897415,1,0.0,5,1,1,5,0.2,1.0
rolling_7d,68,1897415,1,1.0,25,3,3,48,0.12,1.0
expanding,68,1897416,0,0.0,1595,55,24,1664,0.034482758620689655,0.43636363636363634
expanding,68,1897416,0,1.0,376,142,122,738,0.3776595744680851,0.8591549295774648
expanding,68,1897416,1,0.0,2,0,0,2,0.0,
expanding,68,1897416,1,1.0,12,1,1,14,0.08333333333333333,1.0
rolling_7d,68,1897416,0,0.0,1610,55,24,1679,0.034161490683229816,0.43636363636363634
rolling_7d,68,1897416,0,1.0,361,142,122,723,0.39335180055401664,0.8591549295774648
rolling_7d,68,1897416,1,0.0,2,0,0,2,0.0,
rolling_7d,68,1897416,1,1.0,12,1,1,14,0.08333333333333333,1.0
expanding,68,1897417,0,0.0,6061,465,87,6440,0.07672001319914205,0.1870967741935484
expanding,68,1897417,0,1.0,924,356,287,1428,0.3852813852813853,0.8061797752808989
expanding,68,1897417,1,0.0,13,1,1,18,0.07692307692307693,1.0
expanding,68,1897417,1,1.0,49,4,4,78,0.08163265306122448,1.0
rolling_7d,68,1897417,0,0.0,6190,484,97,6573,0.07819063004846527,0.20041322314049587
rolling_7d,68,1897417,0,1.0,795,337,277,1295,0.4238993710691824,0.8219584569732937
rolling_7d,68,1897417,1,0.0,16,1,1,21,0.0625,1.0
rolling_7d,68,1897417,1,1.0,46,4,4,75,0.08695652173913043,1.0
expanding,67,1897423,0,0.0,7614,405,198,8459,0.05319148936170213,0.4888888888888889
expanding,67,1897423,0,1.0,1285,590,438,3259,0.4591439688715953,0.7423728813559322
expanding,67,1897423,1,0.0,22,3,2,35,0.13636363636363635,0.6666666666666666
expanding,67,1897423,1,1.0,61,16,14,112,0.26229508196721313,0.875
rolling_7d,67,1897423,0,0.0,7802,440,228,8661,0.05639579594975647,0.5181818181818182
rolling_7d,67,1897423,0,1.0,1097,555,408,3057,0.5059252506836828,0.7351351351351352
rolling_7d,67,1897423,1,0.0,28,3,2,45,0.10714285714285714,0.6666666666666666
rolling_7d,67,1897423,1,1.0,55,16,14,102,0.2909090909090909,0.875
expanding,67,1897425,0,0.0,2744,60,30,2839,0.021865889212827987,0.5
expanding,67,1897425,0,1.0,559,261,209,1015,0.4669051878354204,0.8007662835249042
expanding,67,1897425,1,0.0,8,0,0,9,0.0,
expanding,67,1897425,1,1.0,26,4,3,41,0.15384615384615385,0.75
rolling_7d,67,1897425,0,0.0,2792,62,30,2891,0.022206303724928367,0.4838709677419355
rolling_7d,67,1897425,0,1.0,511,259,209,963,0.5068493150684932,0.806949806949807
rolling_7d,67,1897425,1,0.0,13,0,0,17,0.0,
rolling_7d,67,1897425,1,1.0,21,4,3,33,0.19047619047619047,0.75
expanding,67,1897427,0,0.0,3491,114,74,3686,0.03265539959896878,0.6491228070175439
expanding,67,1897427,0,1.0,640,241,187,1389,0.3765625,0.7759336099585062
expanding,67,1897427,1,0.0,6,0,0,6,0.0,
expanding,67,1897427,1,1.0,26,2,1,52,0.07692307692307693,0.5
rolling_7d,67,1897427,0,0.0,3551,119,74,3762,0.033511686848774994,0.6218487394957983
rolling_7d,67,1897427,0,1.0,580,236,187,1313,0.4068965517241379,0.7923728813559322
rolling_7d,67,1897427,1,0.0,8,0,0,11,0.0,
rolling_7d,67,1897427,1,1.0,24,2,1,47,0.08333333333333333,0.5
expanding,69,1897432,0,0.0,3740,241,144,4134,0.06443850267379679,0.5975103734439834
expanding,69,1897432,0,1.0,674,265,182,3346,0.39317507418397624,0.6867924528301886
expanding,69,1897432,1,0.0,15,0,0,17,0.0,
expanding,69,1897432,1,1.0,40,4,3,430,0.1,0.75
rolling_7d,69,1897432,0,0.0,3797,259,148,4217,0.06821174611535423,0.5714285714285714
rolling_7d,69,1897432,0,1.0,617,247,178,3263,0.40032414910858993,0.7206477732793523
rolling_7d,69,1897432,1,0.0,16,0,0,19,0.0,
rolling_7d,69,1897432,1,1.0,39,4,3,428,0.10256410256410256,0.75
expanding,69,1897433,0,0.0,2814,96,54,3030,0.03411513859275053,0.5625
expanding,69,1897433,0,1.0,553,240,188,973,0.43399638336347196,0.7833333333333333
expanding,69,1897433,1,0.0,2,0,0,2,0.0,
expanding,69,1897433,1,1.0,13,1,0,19,0.07692307692307693,0.0
rolling_7d,69,1897433,0,0.0,2853,100,56,3070,0.03505082369435682,0.56
rolling_7d,69,1897433,0,1.0,514,236,186,933,0.4591439688715953,0.788135593220339
rolling_7d,69,1897433,1,0.0,2,0,0,2,0.0,
rolling_7d,69,1897433,1,1.0,13,1,0,19,0.07692307692307693,0.0
expanding,69,1897435,0,0.0,11481,574,280,12871,0.049995644978660395,0.4878048780487805
expanding,69,1897435,0,1.0,1825,874,621,6718,0.4789041095890411,0.7105263157894737
expanding,69,1897435,1,0.0,50,1,0,61,0.02,0.0
expanding,69,1897435,1,1.0,103,18,13,2733,0.17475728155339806,0.7222222222222222
rolling_7d,69,1897435,0,0.0,11702,599,296,13125,0.051187831139976075,0.4941569282136895
rolling_7d,69,1897435,0,1.0,1604,849,605,6464,0.5293017456359103,0.7126030624263839
rolling_7d,69,1897435,1,0.0,70,1,0,91,0.014285714285714285,0.0
rolling_7d,69,1897435,1,1.0,83,18,13,2703,0.21686746987951808,0.7222222222222222
expanding,70,1897437,0,0.0,6231,370,172,6853,0.05938051677098379,0.4648648648648649
expanding,70,1897437,0,1.0,1125,586,498,2644,0.5208888888888888,0.8498293515358362
expanding,70,1897437,1,0.0,10,1,1,11,0.1,1.0
expanding,70,1897437,1,1.0,45,8,7,330,0.17777777777777778,0.875
rolling_7d,70,1897437,0,0.0,6344,381,179,6988,0.06005674653215637,0.46981627296587924
rolling_7d,70,1897437,0,1.0,1012,575,491,2509,0.5681818181818182,0.8539130434782609
rolling_7d,70,1897437,1,0.0,14,1,1,18,0.07142857142857142,1.0
rolling_7d,70,1897437,1,1.0,41,8,7,323,0.1951219512195122,0.875
expanding,70,1897438,0,0.0,1374,31,14,1435,0.022561863173216887,0.45161290322580644
expanding,70,1897438,0,1.0,216,51,40,374,0.2361111111111111,0.7843137254901961
expanding,70,1897438,1,0.0,2,0,0,2,0.0,
expanding,70,1897438,1,1.0,3,0,0,10,0.0,
rolling_7d,70,1897438,0,0.0,1395,32,14,1464,0.022939068100358423,0.4375
rolling_7d,70,1897438,0,1.0,195,50,40,345,0.2564102564102564,0.8
rolling_7d,70,1897438,1,0.0,2,0,0,2,0.0,
rolling_7d,70,1897438,1,1.0,3,0,0,10,0.0,
expanding,70,1897439,0,0.0,1255,42,26,1383,0.03346613545816733,0.6190476190476191
expanding,70,1897439,0,1.0,243,42,29,382,0.1728395061728395,0.6904761904761905
expanding,70,1897439,1,0.0,3,0,0,3,0.0,
expanding,70,1897439,1,1.0,9,0,0,11,0.0,
rolling_7d,70,1897439,0,0.0,1273,44,27,1409,0.03456402199528672,0.6136363636363636
rolling_7d,70,1897439,0,1.0,225,40,28,356,0.17777777777777778,0.7
rolling_7d,70,1897439,1,0.0,4,0,0,5,0.0,
rolling_7d,70,1897439,1,1.0,8,0,0,9,0.0,
expanding,72,1897440,0,0.0,1512,178,83,1687,0.11772486772486772,0.46629213483146065
expanding,72,1897440,0,1.0,511,136,104,683,0.26614481409001955,0.7647058823529411
expanding,72,1897440,1,0.0,1,0,0,1,0.0,
expanding,72,1897440,1,1.0,23,2,1,33,0.08695652173913043,0.5
rolling_7d,72,1897440,0,0.0,1550,178,83,1727,0.11483870967741935,0.46629213483146065
rolling_7d,72,1897440,0,1.0,473,136,104,643,0.28752642706131076,0.7647058823529411
rolling_7d,72,1897440,1,0.0,1,0,0,1,0.0,
rolling_7d,72,1897440,1,1.0,23,2,1,33,0.08695652173913043,0.5
expanding,72,1897441,0,0.0,1190,43,23,1232,0.03613445378151261,0.5348837209302325
expanding,72,1897441,0,1.0,280,87,73,422,0.3107142857142857,0.8390804597701149
expanding,72,1897441,1,0.0,2,0,0,3,0.0,
expanding,72,1897441,1,1.0,10,0,0,12,0.0,
rolling_7d,72,1897441,0,0.0,1205,44,23,1247,0.036514522821576766,0.5227272727272727
rolling_7d,72,1897441,0,1.0,265,86,73,407,0.32452830188679244,0.8488372093023255
rolling_7d,72,1897441,1,0.0,2,0,0,3,0.0,
rolling_7d,72,1897441,1,1.0,10,0,0,12,0.0,
expanding,72,1897442,0,0.0,8380,1364,134,8722,0.16276849642004773,0.09824046920821114
expanding,72,1897442,0,1.0,1100,389,311,3216,0.35363636363636364,0.7994858611825193
expanding,72,1897442,1,0.0,17,1,1,19,0.058823529411764705,1.0
expanding,72,1897442,1,1.0,54,7,5,635,0.12962962962962962,0.7142857142857143
rolling_7d,72,1897442,0,0.0,8510,1387,143,8905,0.16298472385428908,0.10310021629416005
rolling_7d,72,1897442,0,1.0,970,366,302,3033,0.37731958762886597,0.825136612021858
rolling_7d,72,1897442,1,0.0,18,1,1,20,0.05555555555555555,1.0
rolling_7d,72,1897442,1,1.0,53,7,5,634,0.1320754716981132,0.7142857142857143
expanding,71,1897443,0,0.0,2322,135,61,2692,0.05813953488372093,0.45185185185185184
expanding,71,1897443,0,1.0,418,83,50,1015,0.19856459330143542,0.6024096385542169
expanding,71,1897443,1,0.0,8,0,0,15,0.0,
expanding,71,1897443,1,1.0,14,2,2,31,0.14285714285714285,1.0
rolling_7d,71,1897443,0,0.0,2368,137,62,2744,0.05785472972972973,0.45255474452554745
rolling_7d,71,1897443,0,1.0,372,81,49,963,0.21774193548387097,0.6049382716049383
rolling_7d,71,1897443,1,0.0,10,0,0,18,0.0,
rolling_7d,71,1897443,1,1.0,12,2,2,28,0.16666666666666666,1.0
expanding,71,1897444,0,0.0,3511,161,87,4105,0.045855881515237826,0.5403726708074534
expanding,71,1897444,0,1.0,582,199,139,2101,0.34192439862542956,0.6984924623115578
expanding,71,1897444,1,0.0,4,0,0,4,0.0,
expanding,71,1897444,1,1.0,25,5,5,49,0.2,1.0
rolling_7d,71,1897444,0,0.0,3590,170,90,4192,0.04735376044568245,0.5294117647058824
rolling_7d,71,1897444,0,1.0,503,190,136,2014,0.37773359840954274,0.7157894736842105
rolling_7d,71,1897444,1,0.0,5,0,0,6,0.0,
rolling_7d,71,1897444,1,1.0,24,5,5,47,0.20833333333333334,1.0
expanding,71,1897445,0,0.0,4472,177,119,5306,0.03957960644007156,0.672316384180791
expanding,71,1897445,0,1.0,623,205,158,2778,0.3290529695024077,0.7707317073170732
expanding,71,1897445,1,0.0,5,0,0,7,0.0,
expanding,71,1897445,1,1.0,25,5,4,485,0.2,0.8
rolling_7d,71,1897445,0,0.0,4543,184,126,5410,0.04050187101034559,0.6847826086956522
rolling_7d,71,1897445,0,1.0,552,198,151,2674,0.358695652173913,0.7626262626262627
rolling_7d,71,1897445,1,0.0,8,0,0,10,0.0,
rolling_7d,71,1897445,1,1.0,22,5,4,482,0.22727272727272727,0.8
expanding,73,2680253,0,0.0,4103,191,84,4357,0.04655130392395808,0.4397905759162304
expanding,73,2680253,0,1.0,605,353,255,1331,0.5834710743801653,0.7223796033994334
expanding,73,2680253,1,0.0,4,1,1,4,0.25,1.0
expanding,73,2680253,1,1.0,20,0,0,25,0.0,
rolling_7d,73,2680253,0,0.0,4181,202,86,4437,0.04831380052618991,0.42574257425742573
rolling_7d,73,2680253,0,1.0,527,342,253,1251,0.6489563567362429,0.7397660818713451
rolling_7d,73,2680253,1,0.0,6,1,1,6,0.16666666666666666,1.0
rolling_7d,73,2680253,1,1.0,18,0,0,23,0.0,
expanding,73,2680256,0,0.0,2432,132,85,2887,0.054276315789473686,0.6439393939393939
expanding,73,2680256,0,1.0,524,304,225,942,0.5801526717557252,0.7401315789473685
expanding,73,2680256,1,0.0,5,0,0,7,0.0,
expanding,73,2680256,1,1.0,22,2,2,65,0.09090909090909091,1.0
rolling_7d,73,2680256,0,0.0,2490,137,87,2950,0.05502008032128514,0.635036496350365
rolling_7d,73,2680256,0,1.0,466,299,223,879,0.6416309012875536,0.745819397993311
rolling_7d,73,2680256,1,0.0,7,0,0,9,0.0,
rolling_7d,73,2680256,1,1.0,20,2,2,63,0.1,1.0
expanding,73,2680257,0,0.0,10218,515,294,12003,0.05040125269132903,0.570873786407767
expanding,73,2680257,0,1.0,1412,725,473,3655,0.5134560906515581,0.6524137931034483
expanding,73,2680257,1,0.0,14,1,1,18,0.07142857142857142,1.0
expanding,73,2680257,1,1.0,83,11,9,250,0.13253012048192772,0.8181818181818182
rolling_7d,73,2680257,0,0.0,10495,561,333,12349,0.053454025726536444,0.5935828877005348
rolling_7d,73,2680257,0,1.0,1135,679,434,3309,0.5982378854625551,0.6391752577319587
rolling_7d,73,2680257,1,0.0,22,2,2,31,0.09090909090909091,1.0
rolling_7d,73,2680257,1,1.0,75,10,8,237,0.13333333333333333,0.8
expanding,74,2690979,0,0.0,17205,1104,342,17866,0.06416739319965127,0.30978260869565216
expanding,74,2690979,0,1.0,2471,1412,930,5730,0.5714285714285714,0.6586402266288952
expanding,74,2690979,1,0.0,57,5,4,60,0.08771929824561403,0.8
expanding,74,2690979,1,1.0,118,14,10,407,0.11864406779661017,0.7142857142857143
rolling_7d,74,2690979,0,0.0,17742,1234,442,18457,0.06955247435463871,0.3581847649918963
rolling_7d,74,2690979,0,1.0,1934,1282,830,5139,0.6628748707342296,0.6474258970358814
rolling_7d,74,2690979,1,0.0,72,7,6,76,0.09722222222222222,0.8571428571428571
rolling_7d,74,2690979,1,1.0,103,12,8,391,0.11650485436893204,0.6666666666666666
expanding,74,2690981,0,0.0,3544,115,58,3641,0.03244920993227991,0.5043478260869565
expanding,74,2690981,0,1.0,754,417,302,1205,0.553050397877984,0.7242206235011991
expanding,74,2690981,1,0.0,1,0,0,1,0.0,
expanding,74,2690981,1,1.0,30,2,2,37,0.06666666666666667,1.0
rolling_7d,74,2690981,0,0.0,3631,123,64,3735,0.033874965574221975,0.5203252032520326
rolling_7d,74,2690981,0,1.0,667,409,296,1111,0.6131934032983508,0.7237163814180929
rolling_7d,74,2690981,1,0.0,3,0,0,4,0.0,
rolling_7d,74,2690981,1,1.0,28,2,2,34,0.07142857142857142,1.0
expanding,74,2690983,0,0.0,8078,270,152,8426,0.03342411487992077,0.562962962962963
expanding,74,2690983,0,1.0,1313,716,484,2223,0.5453160700685453,0.6759776536312849
expanding,74,2690983,1,0.0,24,2,1,31,0.08333333333333333,0.5
expanding,74,2690983,1,1.0,29,2,1,49,0.06896551724137931,0.5
rolling_7d,74,2690983,0,0.0,8242,289,160,8614,0.03506430478039311,0.5536332179930796
rolling_7d,74,2690983,0,1.0,1149,697,476,2035,0.6066144473455178,0.6829268292682927
rolling_7d,74,2690983,1,0.0,26,2,1,33,0.07692307692307693,0.5
rolling_7d,74,2690983,1,1.0,27,2,1,47,0.07407407407407407,0.5
expanding,76,2690992,0,0.0,10101,441,261,10519,0.04365904365904366,0.5918367346938775
expanding,76,2690992,0,1.0,1472,739,477,2474,0.5020380434782609,0.645466847090663
expanding,76,2690992,1,0.0,28,4,1,28,0.14285714285714285,0.25
expanding,76,2690992,1,1.0,67,7,4,156,0.1044776119402985,0.5714285714285714
rolling_7d,76,2690992,0,0.0,10389,495,298,10835,0.04764654923476754,0.602020202020202
rolling_7d,76,2690992,0,1.0,1184,685,440,2158,0.5785472972972973,0.6423357664233577
rolling_7d,76,2690992,1,0.0,37,4,1,38,0.10810810810810811,0.25
rolling_7d,76,2690992,1,1.0,58,7,4,146,0.1206896551724138,0.5714285714285714
expanding,76,2690994,0,0.0,3073,137,85,3182,0.04458184184835665,0.6204379562043796
expanding,76,2690994,0,1.0,551,262,180,796,0.47549909255898365,0.6870229007633588
expanding,76,2690994,1,0.0,6,1,0,6,0.16666666666666666,0.0
expanding,76,2690994,1,1.0,13,0,0,18,0.0,
rolling_7d,76,2690994,0,0.0,3149,144,89,3264,0.04572880279453795,0.6180555555555556
rolling_7d,76,2690994,0,1.0,475,255,176,714,0.5368421052631579,0.6901960784313725
rolling_7d,76,2690994,1,0.0,7,1,0,9,0.14285714285714285,0.0
rolling_7d,76,2690994,1,1.0,12,0,0,15,0.0,
expanding,76,2690996,0,0.0,4566,218,130,4767,0.04774419623302672,0.5963302752293578
expanding,76,2690996,0,1.0,645,280,164,905,0.43410852713178294,0.5857142857142857
expanding,76,2690996,1,0.0,7,0,0,7,0.0,
expanding,76,2690996,1,1.0,20,4,2,42,0.2,0.5
rolling_7d,76,2690996,0,0.0,4656,223,130,4858,0.04789518900343643,0.5829596412556054
rolling_7d,76,2690996,0,1.0,555,275,164,814,0.4954954954954955,0.5963636363636363
rolling_7d,76,2690996,1,0.0,9,0,0,10,0.0,
rolling_7d,76,2690996,1,1.0,18,4,2,39,0.2222222222222222,0.5
expanding,82,2690999,0,0.0,9347,392,173,9771,0.041938589921900075,0.4413265306122449
expanding,82,2690999,0,1.0,1447,730,530,2930,0.5044920525224602,0.726027397260274
expanding,82,2690999,1,0.0,18,1,1,19,0.05555555555555555,1.0
expanding,82,2690999,1,1.0,61,11,8,1127,0.18032786885245902,0.7272727272727273
rolling_7d,82,2690999,0,0.0,9636,432,197,10083,0.0448318804483188,0.45601851851851855
rolling_7d,82,2690999,0,1.0,1158,690,506,2618,0.5958549222797928,0.7333333333333333
rolling_7d,82,2690999,1,0.0,27,1,1,32,0.037037037037037035,1.0
rolling_7d,82,2690999,1,1.0,52,11,8,1114,0.21153846153846154,0.7272727272727273
expanding,82,2691003,0,0.0,2054,51,25,2114,0.024829600778967866,0.49019607843137253
expanding,82,2691003,0,1.0,312,117,89,407,0.375,0.7606837606837606
expanding,82,2691003,1,0.0,5,1,0,5,0.2,0.0
expanding,82,2691003,1,1.0,8,1,1,12,0.125,1.0
rolling_7d,82,2691003,0,0.0,2104,57,28,2171,0.02709125475285171,0.49122807017543857
rolling_7d,82,2691003,0,1.0,262,111,86,350,0.42366412213740456,0.7747747747747747
rolling_7d,82,2691003,1,0.0,6,1,0,6,0.16666666666666666,0.0
rolling_7d,82,2691003,1,1.0,7,1,1,11,0.14285714285714285,1.0
expanding,82,2691004,0,0.0,3519,114,61,3752,0.03239556692242114,0.5350877192982456
expanding,82,2691004,0,1.0,458,159,124,771,0.3471615720524017,0.779874213836478
expanding,82,2691004,1,0.0,5,0,0,5,0.0,
expanding,82,2691004,1,1.0,25,2,2,46,0.08,1.0
rolling_7d,82,2691004,0,0.0,3582,120,65,3826,0.03350083752093802,0.5416666666666666
rolling_7d,82,2691004,0,1.0,395,153,120,697,0.38734177215189874,0.7843137254901961
rolling_7d,82,2691004,1,0.0,9,0,0,9,0.0,
rolling_7d,82,2691004,1,1.0,21,2,2,42,0.09523809523809523,1.0
expanding,75,2707623,0,0.0,11863,461,279,13028,0.03886032200960971,0.6052060737527115
expanding,75,2707623,0,1.0,1642,896,671,3570,0.5456760048721072,0.7488839285714286
expanding,75,2707623,1,0.0,40,3,3,40,0.075,1.0
expanding,75,2707623,1,1.0,92,14,12,163,0.15217391304347827,0.8571428571428571
rolling_7d,75,2707623,0,0.0,12248,553,347,13467,0.04515022860875245,0.6274864376130199
rolling_7d,75,2707623,0,1.0,1257,804,603,3131,0.639618138424821,0.75
rolling_7d,75,2707623,1,0.0,55,4,4,55,0.07272727272727272,1.0
rolling_7d,75,2707623,1,1.0,77,13,11,148,0.16883116883116883,0.8461538461538461
expanding,75,2707625,0,0.0,1694,56,28,1844,0.03305785123966942,0.5
expanding,75,2707625,0,1.0,299,121,81,551,0.40468227424749165,0.6694214876033058
expanding,75,2707625,1,0.0,1,1,1,1,1.0,1.0
expanding,75,2707625,1,1.0,4,0,0,5,0.0,
rolling_7d,75,2707625,0,0.0,1733,60,32,1892,0.03462204270051933,0.5333333333333333
rolling_7d,75,2707625,0,1.0,260,117,77,503,0.45,0.6581196581196581
rolling_7d,75,2707625,1,0.0,1,1,1,1,1.0,1.0
rolling_7d,75,2707625,1,1.0,4,0,0,5,0.0,
expanding,75,2707627,0,0.0,2717,279,131,3232,0.10268678689731321,0.46953405017921146
expanding,75,2707627,0,1.0,390,129,82,633,0.33076923076923076,0.6356589147286822
expanding,75,2707627,1,0.0,5,0,0,5,0.0,
expanding,75,2707627,1,1.0,26,3,1,28,0.11538461538461539,0.3333333333333333
rolling_7d,75,2707627,0,0.0,2774,286,137,3298,0.10310021629416005,0.479020979020979
rolling_7d,75,2707627,0,1.0,333,122,76,567,0.3663663663663664,0.6229508196721312
rolling_7d,75,2707627,1,0.0,10,0,0,10,0.0,
rolling_7d,75,2707627,1,1.0,21,3,1,23,0.14285714285714285,0.3333333333333333
expanding,77,2707636,0,0.0,3595,187,63,3707,0.05201668984700974,0.33689839572192515
expanding,77,2707636,0,1.0,487,246,148,673,0.5051334702258727,0.6016260162601627
expanding,77,2707636,1,0.0,8,0,0,8,0.0,
expanding,77,2707636,1,1.0,26,2,2,38,0.07692307692307693,1.0
rolling_7d,77,2707636,0,0.0,3669,198,63,3792,0.05396565821749796,0.3181818181818182
rolling_7d,77,2707636,0,1.0,413,235,148,588,0.5690072639225182,0.6297872340425532
rolling_7d,77,2707636,1,0.0,13,1,1,15,0.07692307692307693,1.0
rolling_7d,77,2707636,1,1.0,21,1,1,31,0.047619047619047616,1.0
expanding,77,2707637,0,0.0,2637,82,45,2737,0.031095942358740993,0.5487804878048781
expanding,77,2707637,0,1.0,478,235,185,736,0.4916317991631799,0.7872340425531915
expanding,77,2707637,1,0.0,6,1,1,6,0.16666666666666666,1.0
expanding,77,2707637,1,1.0,20,6,5,34,0.3,0.8333333333333334
rolling_7d,77,2707637,0,0.0,2732,90,46,2843,0.03294289897510981,0.5111111111111111
rolling_7d,77,2707637,0,1.0,383,227,184,630,0.5926892950391645,0.8105726872246696
rolling_7d,77,2707637,1,0.0,7,1,1,7,0.14285714285714285,1.0
rolling_7d,77,2707637,1,1.0,19,6,5,33,0.3157894736842105,0.8333333333333334
expanding,77,2707639,0,0.0,12705,767,371,13910,0.06036993309720583,0.48370273794002605
expanding,77,2707639,0,1.0,1935,997,680,5227,0.5152454780361757,0.6820461384152458
expanding,77,2707639,1,0.0,28,2,2,35,0.07142857142857142,1.0
expanding,77,2707639,1,1.0,96,14,11,1503,0.14583333333333334,0.7857142857142857
rolling_7d,77,2707639,0,0.0,13093,849,421,14392,0.06484380966928893,0.4958775029446408
rolling_7d,77,2707639,0,1.0,1547,915,630,4745,0.5914673561732385,0.6885245901639344
rolling_7d,77,2707639,1,0.0,41,2,2,51,0.04878048780487805,1.0
rolling_7d,77,2707639,1,1.0,83,14,11,1487,0.1686746987951807,0.7857142857142857
expanding,78,2707644,0,0.0,13654,599,297,14262,0.04386992822616083,0.4958263772954925
expanding,78,2707644,0,1.0,2147,1039,836,3832,0.48393106660456453,0.8046198267564967
expanding,78,2707644,1,0.0,31,1,1,36,0.03225806451612903,1.0
expanding,78,2707644,1,1.0,82,16,10,208,0.1951219512195122,0.625
rolling_7d,78,2707644,0,0.0,14087,693,365,14782,0.049194292610207996,0.5266955266955267
rolling_7d,78,2707644,0,1.0,1714,945,768,3312,0.5513418903150525,0.8126984126984127
rolling_7d,78,2707644,1,0.0,47,4,4,56,0.0851063829787234,1.0
rolling_7d,78,2707644,1,1.0,66,13,7,188,0.19696969696969696,0.5384615384615384
expanding,78,2707646,0,0.0,1990,88,33,2056,0.044221105527638194,0.375
expanding,78,2707646,0,1.0,316,136,117,421,0.43037974683544306,0.8602941176470589
expanding,78,2707646,1,0.0,4,0,0,4,0.0,
expanding,78,2707646,1,1.0,9,0,0,14,0.0,
rolling_7d,78,2707646,0,0.0,2032,90,34,2115,0.04429133858267716,0.37777777777777777
rolling_7d,78,2707646,0,1.0,274,134,116,362,0.48905109489051096,0.8656716417910447
rolling_7d,78,2707646,1,0.0,4,0,0,4,0.0,
rolling_7d,78,2707646,1,1.0,9,0,0,14,0.0,
expanding,78,2707648,0,0.0,2922,309,133,3188,0.10574948665297741,0.43042071197411
expanding,78,2707648,0,1.0,414,174,125,501,0.42028985507246375,0.7183908045977011
expanding,78,2707648,1,0.0,7,0,0,7,0.0,
expanding,78,2707648,1,1.0,25,2,2,31,0.08,1.0
rolling_7d,78,2707648,0,0.0,2969,312,134,3241,0.10508588750421018,0.42948717948717946
rolling_7d,78,2707648,0,1.0,367,171,124,448,0.4659400544959128,0.7251461988304093
rolling_7d,78,2707648,1,0.0,15,0,0,18,0.0,
rolling_7d,78,2707648,1,1.0,17,2,2,20,0.11764705882352941,1.0
expanding,86,2707653,0,0.0,4353,247,97,4582,0.056742476453020906,0.39271255060728744
expanding,86,2707653,0,1.0,817,408,259,1594,0.49938800489596086,0.6348039215686274
expanding,86,2707653,1,0.0,12,0,0,13,0.0,
expanding,86,2707653,1,1.0,27,4,3,43,0.14814814814814814,0.75
rolling_7d,86,2707653,0,0.0,4447,256,104,4697,0.05756689903305599,0.40625
rolling_7d,86,2707653,0,1.0,723,399,252,1479,0.5518672199170125,0.631578947368421
rolling_7d,86,2707653,1,0.0,14,0,0,15,0.0,
rolling_7d,86,2707653,1,1.0,25,4,3,41,0.16,0.75
expanding,86,2707655,0,0.0,2942,142,63,3043,0.04826648538409246,0.44366197183098594
expanding,86,2707655,0,1.0,556,274,203,765,0.49280575539568344,0.7408759124087592
expanding,86,2707655,1,0.0,4,0,0,8,0.0,
expanding,86,2707655,1,1.0,12,1,1,22,0.08333333333333333,1.0
rolling_7d,86,2707655,0,0.0,3020,149,64,3126,0.04933774834437086,0.42953020134228187
rolling_7d,86,2707655,0,1.0,478,267,202,682,0.5585774058577406,0.7565543071161048
rolling_7d,86,2707655,1,0.0,6,0,0,11,0.0,
rolling_7d,86,2707655,1,1.0,10,1,1,19,0.1,1.0
expanding,86,2707656,0,0.0,8702,484,216,9280,0.05561939783957711,0.4462809917355372
expanding,86,2707656,0,1.0,1201,573,409,3279,0.47710241465445463,0.7137870855148342
expanding,86,2707656,1,0.0,24,2,1,25,0.08333333333333333,0.5
expanding,86,2707656,1,1.0,54,7,5,351,0.12962962962962962,0.7142857142857143
rolling_7d,86,2707656,0,0.0,8893,521,238,9483,0.05858540425053413,0.45681381957773515
rolling_7d,86,2707656,0,1.0,1010,536,387,3076,0.5306930693069307,0.7220149253731343
rolling_7d,86,2707656,1,0.0,32,2,1,33,0.0625,0.5
rolling_7d,86,2707656,1,1.0,46,7,5,343,0.15217391304347827,0.7142857142857143
expanding,87,2707658,0,0.0,19325,5162,288,20460,0.2671151358344114,0.05579232855482371
expanding,87,2707658,0,1.0,2013,861,626,2930,0.4277198211624441,0.727061556329849
expanding,87,2707658,1,0.0,75,6,6,86,0.08,1.0
expanding,87,2707658,1,1.0,86,17,13,342,0.19767441860465115,0.7647058823529411
rolling_7d,87,2707658,0,0.0,19660,5240,317,20846,0.26653102746693796,0.06049618320610687
rolling_7d,87,2707658,0,1.0,1678,783,597,2544,0.466626936829559,0.7624521072796935
rolling_7d,87,2707658,1,0.0,93,10,8,107,0.10752688172043011,0.8
rolling_7d,87,2707658,1,1.0,68,13,11,321,0.19117647058823528,0.8461538461538461
expanding,87,2707659,0,0.0,4245,172,94,4405,0.04051825677267373,0.5465116279069767
expanding,87,2707659,0,1.0,1066,517,394,1628,0.4849906191369606,0.7620889748549323
expanding,87,2707659,1,0.0,5,0,0,6,0.0,
expanding,87,2707659,1,1.0,6,0,0,12,0.0,
rolling_7d,87,2707659,0,0.0,4318,178,97,4481,0.041222788327929596,0.5449438202247191
rolling_7d,87,2707659,0,1.0,993,511,391,1552,0.5146022155085599,0.7651663405088063
rolling_7d,87,2707659,1,0.0,5,0,0,6,0.0,
rolling_7d,87,2707659,1,1.0,6,0,0,12,0.0,
expanding,87,2707660,0,0.0,7645,763,153,8027,0.09980379332897318,0.20052424639580602
expanding,87,2707660,0,1.0,1981,876,638,2904,0.44220090863200406,0.728310502283105
expanding,87,2707660,1,0.0,5,0,0,5,0.0,
expanding,87,2707660,1,1.0,50,4,4,81,0.08,1.0
rolling_7d,87,2707660,0,0.0,7842,793,172,8332,0.10112216271359348,0.21689785624211855
rolling_7d,87,2707660,0,1.0,1784,846,619,2599,0.4742152466367713,0.7316784869976359
rolling_7d,87,2707660,1,0.0,11,1,1,14,0.09090909090909091,1.0
rolling_7d,87,2707660,1,1.0,44,3,3,72,0.06818181818181818,1.0
expanding,79,2718892,0,0.0,9470,389,236,9913,0.04107708553326293,0.6066838046272494
expanding,79,2718892,0,1.0,1276,614,431,3482,0.48119122257053293,0.7019543973941368
expanding,79,2718892,1,0.0,20,0,0,26,0.0,
expanding,79,2718892,1,1.0,66,9,4,2440,0.13636363636363635,0.4444444444444444
rolling_7d,79,2718892,0,0.0,9750,428,259,10231,0.043897435897435895,0.6051401869158879
rolling_7d,79,2718892,0,1.0,996,575,408,3164,0.5773092369477911,0.7095652173913043
rolling_7d,79,2718892,1,0.0,29,1,0,36,0.034482758620689655,0.0
rolling_7d,79,2718892,1,1.0,57,8,4,2430,0.14035087719298245,0.5
expanding,79,2718893,0,0.0,2942,88,55,3019,0.02991162474507138,0.625
expanding,79,2718893,0,1.0,544,263,183,987,0.4834558823529412,0.6958174904942965
expanding,79,2718893,1,0.0,12,9,9,31,0.75,1.0
expanding,79,2718893,1,1.0,16,0,0,19,0.0,
rolling_7d,79,2718893,0,0.0,3036,96,60,3120,0.03162055335968379,0.625
rolling_7d,79,2718893,0,1.0,450,255,178,886,0.5666666666666667,0.6980392156862745
rolling_7d,79,2718893,1,0.0,12,9,9,31,0.75,1.0
rolling_7d,79,2718893,1,1.0,16,0,0,19,0.0,
expanding,79,2718894,0,0.0,3481,116,62,3686,0.03332375754093651,0.5344827586206896
expanding,79,2718894,0,1.0,610,279,192,908,0.45737704918032784,0.6881720430107527
expanding,79,2718894,1,0.0,5,0,0,6,0.0,
expanding,79,2718894,1,1.0,18,0,0,29,0.0,
rolling_7d,79,2718894,0,0.0,3574,131,67,3801,0.036653609401231114,0.5114503816793893
rolling_7d,79,2718894,0,1.0,517,264,187,793,0.5106382978723404,0.7083333333333334
rolling_7d,79,2718894,1,0.0,6,0,0,7,0.0,
rolling_7d,79,2718894,1,1.0,17,0,0,28,0.0,
expanding,80,2718900,0,0.0,9815,693,220,10192,0.0706062149770759,0.31746031746031744
expanding,80,2718900,0,1.0,1332,637,441,2877,0.47822822822822825,0.6923076923076923
expanding,80,2718900,1,0.0,25,3,3,25,0.12,1.0
expanding,80,2718900,1,1.0,36,5,4,154,0.1388888888888889,0.8
rolling_7d,80,2718900,0,0.0,10169,776,287,10595,0.07631035500049169,0.3698453608247423
rolling_7d,80,2718900,0,1.0,978,554,374,2474,0.5664621676891616,0.6750902527075813
rolling_7d,80,2718900,1,0.0,31,3,3,31,0.0967741935483871,1.0
rolling_7d,80,2718900,1,1.0,30,5,4,148,0.16666666666666666,0.8
expanding,80,2718902,0,0.0,2573,166,28,2619,0.06451612903225806,0.1686746987951807
expanding,80,2718902,0,1.0,383,214,165,632,0.5587467362924282,0.7710280373831776
expanding,80,2718902,1,0.0,7,1,0,7,0.14285714285714285,0.0
expanding,80,2718902,1,1.0,12,0,0,15,0.0,
rolling_7d,80,2718902,0,0.0,2627,166,28,2673,0.06318995051389417,0.1686746987951807
rolling_7d,80,2718902,0,1.0,329,214,165,578,0.6504559270516718,0.7710280373831776
rolling_7d,80,2718902,1,0.0,11,1,0,11,0.09090909090909091,0.0
rolling_7d,80,2718902,1,1.0,8,0,0,11,0.0,
expanding,80,2718903,0,0.0,3073,198,82,3277,0.06443215099251545,0.41414141414141414
expanding,80,2718903,0,1.0,521,287,180,849,0.5508637236084453,0.627177700348432
expanding,80,2718903,1,0.0,2,0,0,2,0.0,
expanding,80,2718903,1,1.0,23,4,4,36,0.17391304347826086,1.0
rolling_7d,80,2718903,0,0.0,3117,200,84,3324,0.06416426050689766,0.42
rolling_7d,80,2718903,0,1.0,477,285,178,802,0.5974842767295597,0.624561403508772
rolling_7d,80,2718903,1,0.0,8,1,1,10,0.125,1.0
rolling_7d,80,2718903,1,1.0,17,3,3,28,0.17647058823529413,1.0
expanding,81,2718907,0,0.0,8381,470,321,9005,0.05607922682257487,0.6829787234042554
expanding,81,2718907,0,1.0,1407,768,470,2790,0.5458422174840085,0.6119791666666666
expanding,81,2718907,1,0.0,34,11,11,68,0.3235294117647059,1.0
expanding,81,2718907,1,1.0,49,8,7,175,0.16326530612244897,0.875
rolling_7d,81,2718907,0,0.0,8648,507,353,9319,0.05862627197039778,0.6962524654832347
rolling_7d,81,2718907,0,1.0,1140,731,438,2476,0.6412280701754386,0.5991792065663475
rolling_7d,81,2718907,1,0.0,38,11,11,76,0.2894736842105263,1.0
rolling_7d,81,2718907,1,1.0,45,8,7,167,0.17777777777777778,0.875
expanding,81,2718908,0,0.0,3261,166,132,3446,0.05090463048144741,0.7951807228915663
expanding,81,2718908,0,1.0,531,296,230,949,0.5574387947269304,0.777027027027027
expanding,81,2718908,1,0.0,7,1,0,7,0.14285714285714285,0.0
expanding,81,2718908,1,1.0,11,0,0,16,0.0,
rolling_7d,81,2718908,0,0.0,3352,174,139,3547,0.05190930787589499,0.7988505747126436
rolling_7d,81,2718908,0,1.0,440,288,223,848,0.6545454545454545,0.7743055555555556
rolling_7d,81,2718908,1,0.0,10,1,0,10,0.1,0.0
rolling_7d,81,2718908,1,1.0,8,0,0,13,0.0,
expanding,81,2718910,0,0.0,5853,312,196,6269,0.05330599692465402,0.6282051282051282
expanding,81,2718910,0,1.0,784,446,325,2010,0.5688775510204082,0.7286995515695067
expanding,81,2718910,1,0.0,8,1,0,9,0.125,0.0
expanding,81,2718910,1,1.0,18,4,3,89,0.2222222222222222,0.75
rolling_7d,81,2718910,0,0.0,5975,323,202,6405,0.05405857740585774,0.6253869969040248
rolling_7d,81,2718910,0,1.0,662,435,319,1874,0.6570996978851964,0.7333333333333333
rolling_7d,81,2718910,1,0.0,9,2,1,10,0.2222222222222222,0.5
rolling_7d,81,2718910,1,1.0,17,3,2,88,0.17647058823529413,0.6666666666666666
expanding,83,2718913,0,0.0,10938,534,170,11415,0.04882062534284147,0.31835205992509363
expanding,83,2718913,0,1.0,1664,849,642,4050,0.5102163461538461,0.7561837455830389
expanding,83,2718913,1,0.0,22,0,0,23,0.0,
expanding,83,2718913,1,1.0,73,10,8,321,0.136986301369863,0.8
rolling_7d,83,2718913,0,0.0,11318,615,236,11914,0.05433822230075985,0.383739837398374
rolling_7d,83,2718913,0,1.0,1284,768,576,3551,0.5981308411214953,0.75
rolling_7d,83,2718913,1,0.0,34,1,1,37,0.029411764705882353,1.0
rolling_7d,83,2718913,1,1.0,61,9,7,307,0.14754098360655737,0.7777777777777778
expanding,83,2718914,0,0.0,2107,130,29,2199,0.061699098243948744,0.2230769230769231
expanding,83,2718914,0,1.0,467,218,174,732,0.4668094218415418,0.7981651376146789
expanding,83,2718914,1,0.0,2,0,0,2,0.0,
expanding,83,2718914,1,1.0,16,2,2,54,0.125,1.0
rolling_7d,83,2718914,0,0.0,2193,144,39,2360,0.06566347469220246,0.2708333333333333
rolling_7d,83,2718914,0,1.0,381,204,164,571,0.5354330708661418,0.803921568627451
rolling_7d,83,2718914,1,0.0,3,0,0,3,0.0,
rolling_7d,83,2718914,1,1.0,15,2,2,53,0.13333333333333333,1.0
expanding,83,2718915,0,0.0,3116,150,53,3235,0.04813863928112965,0.35333333333333333
expanding,83,2718915,0,1.0,514,243,203,827,0.4727626459143969,0.8353909465020576
expanding,83,2718915,1,0.0,7,0,0,7,0.0,
expanding,83,2718915,1,1.0,24,3,3,28,0.125,1.0
rolling_7d,83,2718915,0,0.0,3196,164,65,3375,0.05131414267834793,0.39634146341463417
rolling_7d,83,2718915,0,1.0,434,229,191,687,0.5276497695852534,0.834061135371179
rolling_7d,83,2718915,1,0.0,11,0,0,11,0.0,
rolling_7d,83,2718915,1,1.0,20,3,3,24,0.15,1.0
expanding,84,2718919,0,0.0,12294,1521,162,12528,0.12371888726207907,0.10650887573964497
expanding,84,2718919,0,1.0,1520,722,481,3128,0.475,0.6662049861495845
expanding,84,2718919,1,0.0,27,2,2,29,0.07407407407407407,1.0
expanding,84,2718919,1,1.0,70,12,8,724,0.17142857142857143,0.6666666666666666
rolling_7d,84,2718919,0,0.0,12603,1571,204,12867,0.12465286043005634,0.12985359643539146
rolling_7d,84,2718919,0,1.0,1211,672,439,2789,0.5549132947976878,0.6532738095238095
rolling_7d,84,2718919,1,0.0,39,2,2,43,0.05128205128205128,1.0
rolling_7d,84,2718919,1,1.0,58,12,8,710,0.20689655172413793,0.6666666666666666
expanding,84,2718920,0,0.0,3873,159,67,4147,0.041053446940356314,0.42138364779874216
expanding,84,2718920,0,1.0,727,352,274,1498,0.48418156808803303,0.7784090909090909
expanding,84,2718920,1,0.0,15,3,2,16,0.2,0.6666666666666666
expanding,84,2718920,1,1.0,29,3,3,155,0.10344827586206896,1.0
rolling_7d,84,2718920,0,0.0,3990,167,72,4283,0.0418546365914787,0.4311377245508982
rolling_7d,84,2718920,0,1.0,610,344,269,1362,0.5639344262295082,0.7819767441860465
rolling_7d,84,2718920,1,0.0,18,4,3,19,0.2222222222222222,0.75
rolling_7d,84,2718920,1,1.0,26,2,2,152,0.07692307692307693,1.0
expanding,84,2718922,0,0.0,5234,231,102,5388,0.04413450515857852,0.44155844155844154
expanding,84,2718922,0,1.0,868,410,308,1204,0.47235023041474655,0.751219512195122
expanding,84,2718922,1,0.0,12,3,3,13,0.25,1.0
expanding,84,2718922,1,1.0,28,5,4,50,0.17857142857142858,0.8
rolling_7d,84,2718922,0,0.0,5345,243,107,5524,0.04546304957904584,0.4403292181069959
rolling_7d,84,2718922,0,1.0,757,398,303,1068,0.5257595772787318,0.7613065326633166
rolling_7d,84,2718922,1,0.0,18,5,4,19,0.2777777777777778,0.8
rolling_7d,84,2718922,1,1.0,22,3,3,44,0.13636363636363635,1.0
expanding,85,2718925,0,0.0,8556,310,185,8820,0.036231884057971016,0.5967741935483871
expanding,85,2718925,0,1.0,1375,747,538,3178,0.5432727272727272,0.7202141900937081
expanding,85,2718925,1,0.0,21,1,1,21,0.047619047619047616,1.0
expanding,85,2718925,1,1.0,75,6,5,217,0.08,0.8333333333333334
rolling_7d,85,2718925,0,0.0,8774,350,214,9065,0.039890585821746066,0.6114285714285714
rolling_7d,85,2718925,0,1.0,1157,707,509,2933,0.6110630942091616,0.7199434229137199
rolling_7d,85,2718925,1,0.0,36,1,1,37,0.027777777777777776,1.0
rolling_7d,85,2718925,1,1.0,60,6,5,201,0.1,0.8333333333333334
expanding,85,2718926,0,0.0,2255,62,34,2345,0.027494456762749447,0.5483870967741935
expanding,85,2718926,0,1.0,430,180,139,787,0.4186046511627907,0.7722222222222223
expanding,85,2718926,1,0.0,3,0,0,3,0.0,
expanding,85,2718926,1,1.0,10,0,0,35,0.0,
rolling_7d,85,2718926,0,0.0,2311,62,34,2408,0.026828212894850715,0.5483870967741935
rolling_7d,85,2718926,0,1.0,374,180,139,724,0.48128342245989303,0.7722222222222223
rolling_7d,85,2718926,1,0.0,7,0,0,7,0.0,
rolling_7d,85,2718926,1,1.0,6,0,0,31,0.0,
expanding,85,2718928,0,0.0,2639,98,53,2707,0.03713527851458886,0.5408163265306123
expanding,85,2718928,0,1.0,441,155,117,733,0.35147392290249435,0.7548387096774194
expanding,85,2718928,1,0.0,6,2,0,6,0.3333333333333333,0.0
expanding,85,2718928,1,1.0,15,3,3,18,0.2,1.0
rolling_7d,85,2718928,0,0.0,2686,101,56,2758,0.037602382725241995,0.5544554455445545
rolling_7d,85,2718928,0,1.0,394,152,114,682,0.38578680203045684,0.75
rolling_7d,85,2718928,1,0.0,7,2,0,7,0.2857142857142857,0.0
rolling_7d,85,2718928,1,1.0,14,3,3,17,0.21428571428571427,1.0
expanding,88,2718931,0,0.0,8169,258,117,8412,0.03158281307381564,0.45348837209302323
expanding,88,2718931,0,1.0,1146,527,360,1847,0.4598603839441536,0.683111954459203
expanding,88,2718931,1,0.0,21,0,0,24,0.0,
expanding,88,2718931,1,1.0,45,11,5,132,0.24444444444444444,0.45454545454545453
rolling_7d,88,2718931,0,0.0,8354,294,134,8619,0.03519272204931769,0.4557823129251701
rolling_7d,88,2718931,0,1.0,961,491,343,1640,0.5109261186264308,0.6985743380855397
rolling_7d,88,2718931,1,0.0,27,0,0,30,0.0,
rolling_7d,88,2718931,1,1.0,39,11,5,126,0.28205128205128205,0.45454545454545453
expanding,88,2718932,0,0.0,2324,68,34,2424,0.029259896729776247,0.5
expanding,88,2718932,0,1.0,409,150,114,620,0.36674816625916873,0.76
expanding,88,2718932,1,0.0,3,0,0,4,0.0,
expanding,88,2718932,1,1.0,12,0,0,20,0.0,
rolling_7d,88,2718932,0,0.0,2375,72,34,2480,0.03031578947368421,0.4722222222222222
rolling_7d,88,2718932,0,1.0,358,146,114,564,0.40782122905027934,0.7808219178082192
rolling_7d,88,2718932,1,0.0,5,0,0,7,0.0,
rolling_7d,88,2718932,1,1.0,10,0,0,17,0.0,
expanding,88,2718933,0,0.0,3085,90,42,3218,0.029173419773095625,0.4666666666666667
expanding,88,2718933,0,1.0,564,207,163,842,0.3670212765957447,0.7874396135265701
expanding,88,2718933,1,0.0,7,0,0,7,0.0,
expanding,88,2718933,1,1.0,13,2,2,25,0.15384615384615385,1.0
rolling_7d,88,2718933,0,0.0,3146,96,45,3280,0.030514939605848695,0.46875
rolling_7d,88,2718933,0,1.0,503,201,160,780,0.3996023856858847,0.7960199004975125
rolling_7d,88,2718933,1,0.0,8,0,0,10,0.0,
rolling_7d,88,2718933,1,1.0,12,2,2,22,0.16666666666666666,1.0
expanding,89,2740917,0,0.0,4065,243,97,4737,0.05977859778597786,0.3991769547325103
expanding,89,2740917,0,1.0,684,277,165,991,0.40497076023391815,0.5956678700361011
expanding,89,2740917,1,0.0,9,0,0,14,0.0,
expanding,89,2740917,1,1.0,33,5,4,96,0.15151515151515152,0.8
rolling_7d,89,2740917,0,0.0,4167,261,105,4878,0.06263498920086392,0.40229885057471265
rolling_7d,89,2740917,0,1.0,582,259,157,850,0.44501718213058417,0.6061776061776062
rolling_7d,89,2740917,1,0.0,13,0,0,18,0.0,
rolling_7d,89,2740917,1,1.0,29,5,4,92,0.1724137931034483,0.8
expanding,89,2740919,0,0.0,2605,81,45,2730,0.03109404990403071,0.5555555555555556
expanding,89,2740919,0,1.0,535,222,171,741,0.41495327102803736,0.7702702702702703
expanding,89,2740919,1,0.0,7,2,2,7,0.2857142857142857,1.0
expanding,89,2740919,1,1.0,17,1,1,30,0.058823529411764705,1.0
rolling_7d,89,2740919,0,0.0,2661,87,45,2791,0.03269447576099211,0.5172413793103449
rolling_7d,89,2740919,0,1.0,479,216,171,680,0.4509394572025052,0.7916666666666666
rolling_7d,89,2740919,1,0.0,10,2,2,12,0.2,1.0
rolling_7d,89,2740919,1,1.0,14,1,1,25,0.07142857142857142,1.0
expanding,89,2740921,0,0.0,13810,676,391,14800,0.048950036205648084,0.5784023668639053
expanding,89,2740921,0,1.0,1931,807,577,5619,0.41791817711030554,0.7149938042131351
expanding,89,2740921,1,0.0,34,1,0,44,0.029411764705882353,0.0
expanding,89,2740921,1,1.0,117,12,12,1264,0.10256410256410256,1.0
rolling_7d,89,2740921,0,0.0,14043,715,412,15117,0.05091504664245532,0.5762237762237762
rolling_7d,89,2740921,0,1.0,1698,768,556,5302,0.45229681978798586,0.7239583333333334
rolling_7d,89,2740921,1,0.0,50,2,1,62,0.04,0.5
rolling_7d,89,2740921,1,1.0,101,11,11,1246,0.10891089108910891,1.0
expanding,90,2754625,0,0.0,3712,302,67,3891,0.08135775862068965,0.22185430463576158
expanding,90,2754625,0,1.0,509,181,129,835,0.3555992141453831,0.712707182320442
expanding,90,2754625,1,0.0,9,0,0,9,0.0,
expanding,90,2754625,1,1.0,21,5,4,62,0.23809523809523808,0.8
rolling_7d,90,2754625,0,0.0,3786,313,72,4086,0.0826730058108822,0.23003194888178913
rolling_7d,90,2754625,0,1.0,435,170,124,640,0.39080459770114945,0.7294117647058823
rolling_7d,90,2754625,1,0.0,12,0,0,13,0.0,
rolling_7d,90,2754625,1,1.0,18,5,4,58,0.2777777777777778,0.8
expanding,90,2754627,0,0.0,2474,110,49,2604,0.0444624090541633,0.44545454545454544
expanding,90,2754627,0,1.0,462,233,206,655,0.5043290043290043,0.8841201716738197
expanding,90,2754627,1,0.0,1,0,0,1,0.0,
expanding,90,2754627,1,1.0,7,0,0,12,0.0,
rolling_7d,90,2754627,0,0.0,2515,115,50,2649,0.04572564612326044,0.43478260869565216
rolling_7d,90,2754627,0,1.0,421,228,205,610,0.5415676959619953,0.8991228070175439
rolling_7d,90,2754627,1,0.0,3,0,0,3,0.0,
rolling_7d,90,2754627,1,1.0,5,0,0,10,0.0,
expanding,90,2754628,0,0.0,10294,1642,179,14220,0.15951039440450748,0.10901339829476249
expanding,90,2754628,0,1.0,1481,641,494,2290,0.4328156650911546,0.7706708268330733
expanding,90,2754628,1,0.0,34,1,1,38,0.029411764705882353,1.0
expanding,90,2754628,1,1.0,60,5,4,207,0.08333333333333333,0.8
rolling_7d,90,2754628,0,0.0,10500,1687,196,14449,0.16066666666666668,0.11618257261410789
rolling_7d,90,2754628,0,1.0,1275,596,477,2061,0.4674509803921569,0.8003355704697986
rolling_7d,90,2754628,1,0.0,38,1,1,42,0.02631578947368421,1.0
rolling_7d,90,2754628,1,1.0,56,5,4,203,0.08928571428571429,0.8
expanding,91,2754647,0,0.0,14745,1883,260,17214,0.1277043065445914,0.13807753584705257
expanding,91,2754647,0,1.0,2132,1132,817,5841,0.5309568480300187,0.7217314487632509
expanding,91,2754647,1,0.0,50,3,2,55,0.06,0.6666666666666666
expanding,91,2754647,1,1.0,83,17,13,188,0.20481927710843373,0.7647058823529411
rolling_7d,91,2754647,0,0.0,14947,1929,273,17448,0.12905599785910216,0.14152410575427682
rolling_7d,91,2754647,0,1.0,1930,1086,804,5607,0.5626943005181347,0.7403314917127072
rolling_7d,91,2754647,1,0.0,64,5,4,70,0.078125,0.8
rolling_7d,91,2754647,1,1.0,69,15,11,173,0.21739130434782608,0.7333333333333333
expanding,91,2754649,0,0.0,3575,90,44,3689,0.025174825174825177,0.4888888888888889
expanding,91,2754649,0,1.0,777,345,269,997,0.444015444015444,0.7797101449275362
expanding,91,2754649,1,0.0,5,0,0,9,0.0,
expanding,91,2754649,1,1.0,15,2,2,26,0.13333333333333333,1.0
rolling_7d,91,2754649,0,0.0,3659,112,46,3780,0.030609456135556164,0.4107142857142857
rolling_7d,91,2754649,0,1.0,693,323,267,906,0.4660894660894661,0.826625386996904
rolling_7d,91,2754649,1,0.0,7,0,0,11,0.0,
rolling_7d,91,2754649,1,1.0,13,2,2,24,0.15384615384615385,1.0
expanding,91,2754651,0,0.0,8000,334,171,8876,0.04175,0.5119760479041916
expanding,91,2754651,0,1.0,1229,583,421,3649,0.4743694060211554,0.7221269296740995
expanding,91,2754651,1,0.0,8,1,1,9,0.125,1.0
expanding,91,2754651,1,1.0,25,2,2,66,0.08,1.0
rolling_7d,91,2754651,0,0.0,8106,353,178,9016,0.043547989143844064,0.5042492917847026
rolling_7d,91,2754651,0,1.0,1123,564,414,3509,0.5022261798753339,0.7340425531914894
rolling_7d,91,2754651,1,0.0,13,2,2,17,0.15384615384615385,1.0
rolling_7d,91,2754651,1,1.0,20,1,1,58,0.05,1.0
expanding,92,2766759,0,0.0,10792,487,250,11811,0.045126019273535954,0.5133470225872689
expanding,92,2766759,0,1.0,1994,1158,974,5609,0.5807422266800402,0.8411053540587219
expanding,92,2766759,1,0.0,40,3,2,46,0.075,0.6666666666666666
expanding,92,2766759,1,1.0,95,23,20,1989,0.24210526315789474,0.8695652173913043
rolling_7d,92,2766759,0,0.0,10908,503,255,11949,0.04611294462779611,0.5069582504970179
rolling_7d,92,2766759,0,1.0,1878,1142,969,5471,0.6080937167199149,0.8485113835376532
rolling_7d,92,2766759,1,0.0,50,4,2,59,0.08,0.5
rolling_7d,92,2766759,1,1.0,85,22,20,1976,0.25882352941176473,0.9090909090909091
expanding,92,2766760,0,0.0,4151,217,138,4678,0.05227655986509275,0.6359447004608295
expanding,92,2766760,0,1.0,819,384,303,1332,0.46886446886446886,0.7890625
expanding,92,2766760,1,0.0,7,0,0,8,0.0,
expanding,92,2766760,1,1.0,23,8,4,80,0.34782608695652173,0.5
rolling_7d,92,2766760,0,0.0,4235,239,141,4805,0.0564344746162928,0.5899581589958159
rolling_7d,92,2766760,0,1.0,735,362,300,1205,0.4925170068027211,0.8287292817679558
rolling_7d,92,2766760,1,0.0,6,0,0,7,0.0,
rolling_7d,92,2766760,1,1.0,24,8,4,81,0.3333333333333333,0.5
expanding,92,2766762,0,0.0,9272,485,301,10503,0.05230802415875755,0.6206185567010309
expanding,92,2766762,0,1.0,1445,720,484,2331,0.4982698961937716,0.6722222222222223
expanding,92,2766762,1,0.0,19,2,2,21,0.10526315789473684,1.0
expanding,92,2766762,1,1.0,53,9,4,199,0.16981132075471697,0.4444444444444444
rolling_7d,92,2766762,0,0.0,9430,514,310,10686,0.05450689289501591,0.603112840466926
rolling_7d,92,2766762,0,1.0,1287,691,475,2148,0.5369075369075369,0.6874095513748191
rolling_7d,92,2766762,1,0.0,30,2,2,33,0.06666666666666667,1.0
rolling_7d,92,2766762,1,1.0,42,9,4,187,0.21428571428571427,0.4444444444444444
expanding,94,2766773,0,0.0,10386,729,274,13287,0.07019064124783363,0.37585733882030176
expanding,94,2766773,0,1.0,1579,757,534,3628,0.47941735275490815,0.7054161162483488
expanding,94,2766773,1,0.0,35,3,2,37,0.08571428571428572,0.6666666666666666
expanding,94,2766773,1,1.0,96,13,7,1617,0.13541666666666666,0.5384615384615384
rolling_7d,94,2766773,0,0.0,10604,772,291,13546,0.07280271595624292,0.37694300518134716
rolling_7d,94,2766773,0,1.0,1361,714,517,3369,0.5246142542248347,0.7240896358543417
rolling_7d,94,2766773,1,0.0,47,4,3,52,0.0851063829787234,0.75
rolling_7d,94,2766773,1,1.0,84,12,6,1602,0.14285714285714285,0.5
expanding,94,2766774,0,0.0,3494,185,105,3724,0.052947910704064106,0.5675675675675675
expanding,94,2766774,0,1.0,734,281,242,1322,0.38283378746594005,0.8612099644128114
expanding,94,2766774,1,0.0,7,1,1,7,0.14285714285714285,1.0
expanding,94,2766774,1,1.0,32,1,1,89,0.03125,1.0
rolling_7d,94,2766774,0,0.0,3577,191,109,3831,0.05339670114621191,0.5706806282722513
rolling_7d,94,2766774,0,1.0,651,275,238,1215,0.42242703533026116,0.8654545454545455
rolling_7d,94,2766774,1,0.0,9,1,1,9,0.1111111111111111,1.0
rolling_7d,94,2766774,1,1.0,30,1,1,87,0.03333333333333333,1.0
expanding,94,2766776,0,0.0,6992,360,255,8034,0.05148741418764302,0.7083333333333334
expanding,94,2766776,0,1.0,1178,494,342,1954,0.41935483870967744,0.6923076923076923
expanding,94,2766776,1,0.0,8,0,0,9,0.0,
expanding,94,2766776,1,1.0,43,6,5,145,0.13953488372093023,0.8333333333333334
rolling_7d,94,2766776,0,0.0,7144,382,263,8241,0.05347144456886898,0.6884816753926701
rolling_7d,94,2766776,0,1.0,1026,472,334,1747,0.4600389863547758,0.7076271186440678
rolling_7d,94,2766776,1,0.0,12,0,0,14,0.0,
rolling_7d,94,2766776,1,1.0,39,6,5,140,0.15384615384615385,0.8333333333333334
expanding,93,2781973,0,0.0,9995,466,163,10650,0.04662331165582791,0.3497854077253219
expanding,93,2781973,0,1.0,1369,788,580,2510,0.5756026296566837,0.7360406091370558
expanding,93,2781973,1,0.0,33,2,1,40,0.06060606060606061,0.5
expanding,93,2781973,1,1.0,38,6,5,83,0.15789473684210525,0.8333333333333334
rolling_7d,93,2781973,0,0.0,10080,487,167,10738,0.048313492063492065,0.34291581108829566
rolling_7d,93,2781973,0,1.0,1284,767,576,2422,0.5973520249221184,0.7509778357235984
rolling_7d,93,2781973,1,0.0,37,2,1,44,0.05405405405405406,0.5
rolling_7d,93,2781973,1,1.0,34,6,5,79,0.17647058823529413,0.8333333333333334
expanding,93,2781975,0,0.0,3856,87,39,3973,0.022562240663900415,0.4482758620689655
expanding,93,2781975,0,1.0,682,367,315,1095,0.5381231671554252,0.8583106267029973
expanding,93,2781975,1,0.0,11,2,2,11,0.18181818181818182,1.0
expanding,93,2781975,1,1.0,24,6,6,41,0.25,1.0
rolling_7d,93,2781975,0,0.0,3912,98,42,4034,0.025051124744376277,0.42857142857142855
rolling_7d,93,2781975,0,1.0,626,356,312,1034,0.5686900958466453,0.8764044943820225
rolling_7d,93,2781975,1,0.0,13,2,2,13,0.15384615384615385,1.0
rolling_7d,93,2781975,1,1.0,22,6,6,39,0.2727272727272727,1.0
expanding,93,2781976,0,0.0,10877,603,235,13059,0.05543808035303852,0.38971807628524047
expanding,93,2781976,0,1.0,1784,932,593,3256,0.5224215246636771,0.6362660944206009
expanding,93,2781976,1,0.0,32,0,0,33,0.0,
expanding,93,2781976,1,1.0,86,18,13,139,0.20930232558139536,0.7222222222222222
rolling_7d,93,2781976,0,0.0,11091,671,243,13327,0.06049950410242539,0.3621460506706408
rolling_7d,93,2781976,0,1.0,1570,864,585,2988,0.5503184713375796,0.6770833333333334
rolling_7d,93,2781976,1,0.0,45,1,1,47,0.022222222222222223,1.0
rolling_7d,93,2781976,1,1.0,73,17,12,125,0.2328767123287671,0.7058823529411765
expanding,95,2793738,0,0.0,13399,1317,275,16163,0.0982909172326293,0.2088078967350038
expanding,95,2793738,0,1.0,1832,870,662,3293,0.47489082969432317,0.7609195402298851
expanding,95,2793738,1,0.0,58,1,1,63,0.017241379310344827,1.0
expanding,95,2793738,1,1.0,70,11,8,211,0.15714285714285714,0.7272727272727273
rolling_7d,95,2793738,0,0.0,13559,1354,284,16331,0.0998598716719522,0.20974889217134415
rolling_7d,95,2793738,0,1.0,1672,833,653,3125,0.49820574162679426,0.7839135654261705
rolling_7d,95,2793738,1,0.0,68,1,1,74,0.014705882352941176,1.0
rolling_7d,95,2793738,1,1.0,60,11,8,200,0.18333333333333332,0.7272727272727273
expanding,95,2793739,0,0.0,2645,142,70,2867,0.053686200378071834,0.49295774647887325
expanding,95,2793739,0,1.0,637,208,171,853,0.32653061224489793,0.8221153846153846
expanding,95,2793739,1,0.0,15,2,2,16,0.13333333333333333,1.0
expanding,95,2793739,1,1.0,28,0,0,44,0.0,
rolling_7d,95,2793739,0,0.0,2727,152,73,2968,0.055738907224055737,0.48026315789473684
rolling_7d,95,2793739,0,1.0,555,198,168,752,0.3567567567567568,0.8484848484848485
rolling_7d,95,2793739,1,0.0,15,2,2,16,0.13333333333333333,1.0
rolling_7d,95,2793739,1,1.0,28,0,0,44,0.0,
expanding,95,2793741,0,0.0,5648,673,135,5935,0.119157223796034,0.20059435364041606
expanding,95,2793741,0,1.0,875,420,367,1414,0.48,0.8738095238095238
expanding,95,2793741,1,0.0,9,0,0,13,0.0,
expanding,95,2793741,1,1.0,25,4,4,82,0.16,1.0
rolling_7d,95,2793741,0,0.0,5708,680,139,5999,0.11913104414856342,0.20441176470588235
rolling_7d,95,2793741,0,1.0,815,413,363,1350,0.5067484662576687,0.8789346246973365
rolling_7d,95,2793741,1,0.0,13,0,0,17,0.0,
rolling_7d,95,2793741,1,1.0,21,4,4,78,0.19047619047619047,1.0
expanding,96,2793753,0,0.0,5211,282,135,5447,0.05411629245826137,0.4787234042553192
expanding,96,2793753,0,1.0,807,386,259,1531,0.47831474597273854,0.6709844559585493
expanding,96,2793753,1,0.0,17,2,1,24,0.11764705882352941,0.5
expanding,96,2793753,1,1.0,24,3,2,59,0.125,0.6666666666666666
rolling_7d,96,2793753,0,0.0,5276,294,136,5520,0.055724033358605006,0.46258503401360546
rolling_7d,96,2793753,0,1.0,742,374,258,1458,0.5040431266846361,0.6898395721925134
rolling_7d,96,2793753,1,0.0,19,2,1,26,0.10526315789473684,0.5
rolling_7d,96,2793753,1,1.0,22,3,2,57,0.13636363636363635,0.6666666666666666
expanding,96,2793754,0,0.0,2780,162,119,2987,0.05827338129496403,0.7345679012345679
expanding,96,2793754,0,1.0,546,254,212,1042,0.4652014652014652,0.8346456692913385
expanding,96,2793754,1,0.0,6,2,2,6,0.3333333333333333,1.0
expanding,96,2793754,1,1.0,14,4,4,68,0.2857142857142857,1.0
rolling_7d,96,2793754,0,0.0,2833,169,121,3051,0.05965407695022944,0.7159763313609467
rolling_7d,96,2793754,0,1.0,493,247,210,978,0.5010141987829615,0.8502024291497976
rolling_7d,96,2793754,1,0.0,7,2,2,7,0.2857142857142857,1.0
rolling_7d,96,2793754,1,1.0,13,4,4,67,0.3076923076923077,1.0
expanding,96,2793757,0,0.0,10376,585,313,14228,0.05638010794140324,0.535042735042735
expanding,96,2793757,0,1.0,1465,698,508,2741,0.4764505119453925,0.7277936962750716
expanding,96,2793757,1,0.0,62,3,3,70,0.04838709677419355,1.0
expanding,96,2793757,1,1.0,80,10,8,158,0.125,0.8
rolling_7d,96,2793757,0,0.0,10528,616,324,14387,0.05851063829787234,0.525974025974026
rolling_7d,96,2793757,0,1.0,1313,667,497,2582,0.507996953541508,0.7451274362818591
rolling_7d,96,2793757,1,0.0,74,4,4,82,0.05405405405405406,1.0
rolling_7d,96,2793757,1,1.0,68,9,7,146,0.1323529411764706,0.7777777777777778
expanding,97,2804853,0,0.0,20047,1102,354,21003,0.05497081857634559,0.32123411978221417
expanding,97,2804853,0,1.0,2969,1552,1167,5760,0.5227349275850455,0.7519329896907216
expanding,97,2804853,1,0.0,75,4,2,80,0.05333333333333334,0.5
expanding,97,2804853,1,1.0,109,17,14,1049,0.1559633027522936,0.8235294117647058
rolling_7d,97,2804853,0,0.0,20448,1240,453,21656,0.060641627543035995,0.36532258064516127
rolling_7d,97,2804853,0,1.0,2568,1414,1068,5107,0.5506230529595015,0.7553041018387553
rolling_7d,97,2804853,1,0.0,92,5,3,101,0.05434782608695652,0.6
rolling_7d,97,2804853,1,1.0,92,16,13,1028,0.17391304347826086,0.8125
expanding,97,2804855,0,0.0,3763,229,86,3955,0.060855700239170876,0.37554585152838427
expanding,97,2804855,0,1.0,839,352,278,1153,0.4195470798569726,0.7897727272727273
expanding,97,2804855,1,0.0,25,1,0,26,0.04,0.0
expanding,97,2804855,1,1.0,14,1,1,19,0.07142857142857142,1.0
rolling_7d,97,2804855,0,0.0,3832,238,92,4050,0.06210855949895616,0.3865546218487395
rolling_7d,97,2804855,0,1.0,770,343,272,1058,0.44545454545454544,0.793002915451895
rolling_7d,97,2804855,1,0.0,23,1,0,24,0.043478260869565216,0.0
rolling_7d,97,2804855,1,1.0,16,1,1,21,0.0625,1.0
expanding,97,2804857,0,0.0,8408,771,164,8812,0.09169838249286394,0.2127107652399481
expanding,97,2804857,0,1.0,1403,690,549,1974,0.4918032786885246,0.7956521739130434
expanding,97,2804857,1,0.0,26,3,3,31,0.11538461538461539,1.0
expanding,97,2804857,1,1.0,47,10,10,71,0.2127659574468085,1.0
rolling_7d,97,2804857,0,0.0,8536,779,167,8973,0.0912605435801312,0.21437740693196405
rolling_7d,97,2804857,0,1.0,1275,682,546,1813,0.5349019607843137,0.8005865102639296
rolling_7d,97,2804857,1,0.0,33,3,3,39,0.09090909090909091,1.0
rolling_7d,97,2804857,1,1.0,40,10,10,63,0.25,1.0
expanding,99,2815441,0,0.0,20312,1517,460,21638,0.07468491532099251,0.3032300593276203
expanding,99,2815441,0,1.0,3398,1675,1300,5190,0.4929370217775162,0.7761194029850746
expanding,99,2815441,1,0.0,49,3,3,80,0.061224489795918366,1.0
expanding,99,2815441,1,1.0,96,22,20,312,0.22916666666666666,0.9090909090909091
rolling_7d,99,2815441,0,0.0,20717,1663,580,22118,0.08027224018921658,0.34876728803367407
rolling_7d,99,2815441,0,1.0,2993,1529,1180,4710,0.5108586702305379,0.7717462393721386
rolling_7d,99,2815441,1,0.0,58,3,3,90,0.05172413793103448,1.0
rolling_7d,99,2815441,1,1.0,87,22,20,302,0.25287356321839083,0.9090909090909091
expanding,99,2815442,0,0.0,4417,355,90,4665,0.08037129273262396,0.2535211267605634
expanding,99,2815442,0,1.0,997,374,315,1304,0.37512537612838515,0.8422459893048129
expanding,99,2815442,1,0.0,8,1,1,8,0.125,1.0
expanding,99,2815442,1,1.0,34,3,3,71,0.08823529411764706,1.0
rolling_7d,99,2815442,0,0.0,4555,373,99,4864,0.08188803512623491,0.26541554959785524
rolling_7d,99,2815442,0,1.0,859,356,306,1105,0.41443538998835855,0.8595505617977528
rolling_7d,99,2815442,1,0.0,13,1,1,13,0.07692307692307693,1.0
rolling_7d,99,2815442,1,1.0,29,3,3,66,0.10344827586206896,1.0
expanding,99,2815444,0,0.0,13165,1706,288,14305,0.12958602354728446,0.16881594372801875
expanding,99,2815444,0,1.0,2221,985,727,3702,0.4434939216569113,0.7380710659898477
expanding,99,2815444,1,0.0,43,5,5,53,0.11627906976744186,1.0
expanding,99,2815444,1,1.0,95,17,11,229,0.17894736842105263,0.6470588235294118
rolling_7d,99,2815444,0,0.0,13490,1754,310,14704,0.13002223869532986,0.17673888255416192
rolling_7d,99,2815444,0,1.0,1896,937,705,3303,0.4941983122362869,0.7524012806830309
rolling_7d,99,2815444,1,0.0,66,7,6,79,0.10606060606060606,0.8571428571428571
rolling_7d,99,2815444,1,1.0,72,15,10,203,0.20833333333333334,0.6666666666666666
expanding,98,2829164,0,0.0,18131,1997,396,19884,0.11014284926369201,0.19829744616925388
expanding,98,2829164,0,1.0,2864,1497,1207,7219,0.522695530726257,0.8062792251169004
expanding,98,2829164,1,0.0,56,3,3,61,0.05357142857142857,1.0
expanding,98,2829164,1,1.0,113,23,21,245,0.20353982300884957,0.9130434782608695
rolling_7d,98,2829164,0,0.0,18476,2055,436,20345,0.11122537345745832,0.2121654501216545
rolling_7d,98,2829164,0,1.0,2519,1439,1167,6758,0.5712584358872569,0.8109798471160529
rolling_7d,98,2829164,1,0.0,74,1,1,79,0.013513513513513514,1.0
rolling_7d,98,2829164,1,1.0,95,25,23,227,0.2631578947368421,0.92
expanding,98,2829166,0,0.0,3081,225,59,3178,0.0730282375851996,0.26222222222222225
expanding,98,2829166,0,1.0,773,358,294,1368,0.463130659767141,0.8212290502793296
expanding,98,2829166,1,0.0,7,0,0,7,0.0,
expanding,98,2829166,1,1.0,32,2,2,43,0.0625,1.0
rolling_7d,98,2829166,0,0.0,3145,231,62,3265,0.07344992050874403,0.2683982683982684
rolling_7d,98,2829166,0,1.0,709,352,291,1281,0.49647390691114246,0.8267045454545454
rolling_7d,98,2829166,1,0.0,14,0,0,16,0.0,
rolling_7d,98,2829166,1,1.0,25,2,2,34,0.08,1.0
expanding,98,2829167,0,0.0,6367,496,193,7983,0.07790168054028584,0.38911290322580644
expanding,98,2829167,0,1.0,1225,541,448,1804,0.4416326530612245,0.8280961182994455
expanding,98,2829167,1,0.0,29,2,2,33,0.06896551724137931,1.0
expanding,98,2829167,1,1.0,39,5,5,48,0.1282051282051282,1.0
rolling_7d,98,2829167,0,0.0,6467,505,199,8108,0.07808875831142724,0.3940594059405941
rolling_7d,98,2829167,0,1.0,1125,532,442,1679,0.4728888888888889,0.8308270676691729
rolling_7d,98,2829167,1,0.0,30,2,2,33,0.06666666666666667,1.0
rolling_7d,98,2829167,1,1.0,38,5,5,48,0.13157894736842105,1.0
expanding,100,2844058,0,0.0,19250,2270,446,20354,0.11792207792207793,0.19647577092511012
expanding,100,2844058,0,1.0,2709,1239,1013,5347,0.4573643410852713,0.8175948345439871
expanding,100,2844058,1,0.0,88,6,5,94,0.06818181818181818,0.8333333333333334
expanding,100,2844058,1,1.0,136,19,11,417,0.13970588235294118,0.5789473684210527
rolling_7d,100,2844058,0,0.0,19628,2322,485,20759,0.11830038720195639,0.20887166236003446
rolling_7d,100,2844058,0,1.0,2331,1187,974,4942,0.5092235092235092,0.8205560235888796
rolling_7d,100,2844058,1,0.0,132,7,4,139,0.05303030303030303,0.5714285714285714
rolling_7d,100,2844058,1,1.0,92,18,12,372,0.1956521739130435,0.6666666666666666
expanding,100,2844059,0,0.0,2867,327,90,3156,0.11405650505755145,0.27522935779816515
expanding,100,2844059,0,1.0,491,175,127,771,0.3564154786150713,0.7257142857142858
expanding,100,2844059,1,0.0,14,0,0,16,0.0,
expanding,100,2844059,1,1.0,19,5,5,24,0.2631578947368421,1.0
rolling_7d,100,2844059,0,0.0,2916,328,91,3206,0.11248285322359397,0.2774390243902439
rolling_7d,100,2844059,0,1.0,442,174,126,721,0.3936651583710407,0.7241379310344828
rolling_7d,100,2844059,1,0.0,13,0,0,15,0.0,
rolling_7d,100,2844059,1,1.0,20,5,5,25,0.25,1.0
expanding,100,2844060,0,0.0,4255,526,178,4654,0.1236192714453584,0.33840304182509506
expanding,100,2844060,0,1.0,880,324,241,1386,0.36818181818181817,0.7438271604938271
expanding,100,2844060,1,0.0,6,0,0,6,0.0,
expanding,100,2844060,1,1.0,33,1,1,57,0.030303030303030304,1.0
rolling_7d,100,2844060,0,0.0,4370,534,184,4781,0.12219679633867277,0.3445692883895131
rolling_7d,100,2844060,0,1.0,765,316,235,1259,0.4130718954248366,0.7436708860759493
rolling_7d,100,2844060,1,0.0,10,0,0,10,0.0,
rolling_7d,100,2844060,1,1.0,29,1,1,53,0.034482758620689655,1.0
expanding,101,2879968,0,0.0,18273,1373,555,19918,0.07513818201718382,0.40422432629278954
expanding,101,2879968,0,1.0,3239,1688,1361,5665,0.5211485026242667,0.8062796208530806
expanding,101,2879968,1,0.0,71,8,5,86,0.11267605633802817,0.625
expanding,101,2879968,1,1.0,141,33,28,333,0.23404255319148937,0.8484848484848485
rolling_7d,101,2879968,0,0.0,18577,1357,528,20244,0.07304731657425849,0.38909358879882094
rolling_7d,101,2879968,0,1.0,2935,1704,1388,5339,0.5805792163543442,0.8145539906103286
rolling_7d,101,2879968,1,0.0,109,12,6,130,0.11009174311926606,0.5
rolling_7d,101,2879968,1,1.0,103,29,27,289,0.2815533980582524,0.9310344827586207
expanding,101,2879969,0,0.0,4314,330,125,4645,0.07649513212795549,0.3787878787878788
expanding,101,2879969,0,1.0,1000,404,321,1343,0.404,0.7945544554455446
expanding,101,2879969,1,0.0,23,3,3,27,0.13043478260869565,1.0
expanding,101,2879969,1,1.0,26,3,3,33,0.11538461538461539,1.0
rolling_7d,101,2879969,0,0.0,4372,317,112,4775,0.07250686184812442,0.35331230283911674
rolling_7d,101,2879969,0,1.0,942,417,334,1213,0.4426751592356688,0.8009592326139089
rolling_7d,101,2879969,1,0.0,34,3,3,42,0.08823529411764706,1.0
rolling_7d,101,2879969,1,1.0,15,3,3,18,0.2,1.0
expanding,101,2879970,0,0.0,5327,519,188,5756,0.09742819598272949,0.3622350674373796
expanding,101,2879970,0,1.0,1151,358,262,1429,0.3110338835794961,0.7318435754189944
expanding,101,2879970,1,0.0,11,0,0,14,0.0,
expanding,101,2879970,1,1.0,34,8,8,48,0.23529411764705882,1.0
rolling_7d,101,2879970,0,0.0,5456,531,191,5940,0.09732404692082111,0.35969868173258
rolling_7d,101,2879970,0,1.0,1022,346,259,1245,0.3385518590998043,0.7485549132947977
rolling_7d,101,2879970,1,0.0,21,3,3,30,0.14285714285714285,1.0
rolling_7d,101,2879970,1,1.0,24,5,5,32,0.20833333333333334,1.0
expanding,102,2891165,0,0.0,10293,699,233,10996,0.06791023025357039,0.3333333333333333
expanding,102,2891165,0,1.0,1871,847,654,2822,0.45269909139497594,0.7721369539551358
expanding,102,2891165,1,0.0,34,6,5,45,0.17647058823529413,0.8333333333333334
expanding,102,2891165,1,1.0,55,6,6,83,0.10909090909090909,1.0
rolling_7d,102,2891165,0,0.0,10644,771,274,11542,0.07243517474633597,0.3553826199740597
rolling_7d,102,2891165,0,1.0,1520,775,613,2276,0.5098684210526315,0.7909677419354839
rolling_7d,102,2891165,1,0.0,51,7,6,70,0.13725490196078433,0.8571428571428571
rolling_7d,102,2891165,1,1.0,38,5,5,58,0.13157894736842105,1.0
expanding,102,2891166,0,0.0,3865,217,95,4215,0.05614489003880983,0.4377880184331797
expanding,102,2891166,0,1.0,820,283,238,1553,0.34512195121951217,0.8409893992932862
expanding,102,2891166,1,0.0,18,8,8,25,0.4444444444444444,1.0
expanding,102,2891166,1,1.0,28,2,2,50,0.07142857142857142,1.0
rolling_7d,102,2891166,0,0.0,4030,259,132,4531,0.06426799007444169,0.5096525096525096
rolling_7d,102,2891166,0,1.0,655,241,201,1237,0.36793893129770994,0.8340248962655602
rolling_7d,102,2891166,1,0.0,25,9,9,34,0.36,1.0
rolling_7d,102,2891166,1,1.0,21,1,1,41,0.047619047619047616,1.0
expanding,102,2891167,0,0.0,9562,635,254,10287,0.0664087011085547,0.4
expanding,102,2891167,0,1.0,2086,954,763,2966,0.4573346116970278,0.79979035639413
expanding,102,2891167,1,0.0,22,1,1,24,0.045454545454545456,1.0
expanding,102,2891167,1,1.0,37,5,3,71,0.13513513513513514,0.6
rolling_7d,102,2891167,0,0.0,9972,785,319,11006,0.0787204171680706,0.4063694267515924
rolling_7d,102,2891167,0,1.0,1676,804,698,2247,0.4797136038186158,0.8681592039800995
rolling_7d,102,2891167,1,0.0,33,2,1,37,0.06060606060606061,0.5
rolling_7d,102,2891167,1,1.0,26,4,3,58,0.15384615384615385,0.75
expanding,103,2941971,0,0.0,7546,526,270,8112,0.06970580439968195,0.5133079847908745
expanding,103,2941971,0,1.0,2429,1026,938,3505,0.4223960477562783,0.9142300194931774
expanding,103,2941971,1,0.0,42,2,2,49,0.047619047619047616,1.0
expanding,103,2941971,1,1.0,54,6,5,85,0.1111111111111111,0.8333333333333334
rolling_7d,103,2941971,0,0.0,8042,612,347,8694,0.0761004725192738,0.5669934640522876
rolling_7d,103,2941971,0,1.0,1933,940,861,2923,0.48629073978272114,0.9159574468085107
rolling_7d,103,2941971,1,0.0,62,3,3,72,0.04838709677419355,1.0
rolling_7d,103,2941971,1,1.0,34,5,4,62,0.14705882352941177,0.8
expanding,103,2941972,0,0.0,1704,132,51,1817,0.07746478873239436,0.38636363636363635
expanding,103,2941972,0,1.0,502,111,82,623,0.22111553784860558,0.7387387387387387
expanding,103,2941972,1,0.0,9,1,1,12,0.1111111111111111,1.0
expanding,103,2941972,1,1.0,19,0,0,20,0.0,
rolling_7d,103,2941972,0,0.0,1802,140,59,1926,0.07769145394006659,0.42142857142857143
rolling_7d,103,2941972,0,1.0,404,103,74,514,0.25495049504950495,0.7184466019417476
rolling_7d,103,2941972,1,0.0,20,1,1,24,0.05,1.0
rolling_7d,103,2941972,1,1.0,8,0,0,8,0.0,
expanding,103,2941973,0,0.0,3072,305,75,3288,0.09928385416666667,0.2459016393442623
expanding,103,2941973,0,1.0,1146,314,271,1450,0.27399650959860383,0.8630573248407644
expanding,103,2941973,1,0.0,7,1,1,8,0.14285714285714285,1.0
expanding,103,2941973,1,1.0,12,1,1,18,0.08333333333333333,1.0
rolling_7d,103,2941973,0,0.0,3277,328,92,3533,0.10009154714678059,0.2804878048780488
rolling_7d,103,2941973,0,1.0,941,291,254,1205,0.30924548352816156,0.872852233676976
rolling_7d,103,2941973,1,0.0,11,2,2,13,0.18181818181818182,1.0
rolling_7d,103,2941973,1,1.0,8,0,0,13,0.0,
expanding,104,2941974,0,0.0,6509,492,168,6865,0.07558764787217699,0.34146341463414637
expanding,104,2941974,0,1.0,1693,548,486,2236,0.32368576491435325,0.8868613138686131
expanding,104,2941974,1,0.0,32,2,1,38,0.0625,0.5
expanding,104,2941974,1,1.0,53,5,5,101,0.09433962264150944,1.0
rolling_7d,104,2941974,0,0.0,6990,575,231,7568,0.08226037195994278,0.4017391304347826
rolling_7d,104,2941974,0,1.0,1212,465,423,1533,0.38366336633663367,0.9096774193548387
rolling_7d,104,2941974,1,0.0,52,4,3,83,0.07692307692307693,0.75
rolling_7d,104,2941974,1,1.0,33,3,3,56,0.09090909090909091,1.0
expanding,104,2941975,0,0.0,3000,218,135,3155,0.07266666666666667,0.6192660550458715
expanding,104,2941975,0,1.0,473,82,74,523,0.1733615221987315,0.9024390243902439
expanding,104,2941975,1,0.0,11,2,2,12,0.18181818181818182,1.0
expanding,104,2941975,1,1.0,18,1,1,22,0.05555555555555555,1.0
rolling_7d,104,2941975,0,0.0,3132,228,143,3311,0.07279693486590039,0.6271929824561403
rolling_7d,104,2941975,0,1.0,341,72,66,367,0.21114369501466276,0.9166666666666666
rolling_7d,104,2941975,1,0.0,21,3,3,23,0.14285714285714285,1.0
rolling_7d,104,2941975,1,1.0,8,0,0,11,0.0,
expanding,104,2941976,0,0.0,8807,705,400,9491,0.08004996025888497,0.5673758865248227
expanding,104,2941976,0,1.0,3479,1738,1639,5449,0.4995688416211555,0.9430379746835443
expanding,104,2941976,1,0.0,36,3,2,43,0.08333333333333333,0.6666666666666666
expanding,104,2941976,1,1.0,81,21,21,190,0.25925925925925924,1.0
rolling_7d,104,2941976,0,0.0,9560,898,570,10826,0.09393305439330545,0.6347438752783965
rolling_7d,104,2941976,0,1.0,2726,1545,1469,4114,0.5667644900953779,0.9508090614886732
rolling_7d,104,2941976,1,0.0,61,6,5,72,0.09836065573770492,0.8333333333333334
rolling_7d,104,2941976,1,1.0,56,18,18,161,0.32142857142857145,1.0
